order_id,order_date,customer_id,product_id,quantity,unit_price,discount,channel
O204596,2025-01-01,C1041,P016,3,23.47,0.0,Web
O201233,2025-01-01,C1103,P017,4,39.66,0.0,Store
O203695,2025-01-01,C1224,P025,28,2.16,0.15,Phone
O200726,2025-01-01,C1278,P009,4,21.66,0.0,Web
O203582,2025-01-01,C1065,P030,2,27.27,0.0,Store
O204622,2025-01-01,C1152,P015,47,18.64,0.15,Store
O202812,2025-01-01,C1330,P003,5,19.87,0.05,Web
O200653,2025-01-01,C1367,P029,2,22.03,0.0,Web
O203768,2025-01-01,C1358,P003,4,19.87,0.05,Store
O200006,2025-01-01,C1357,P001,2,9.71,0.0,Store
O201599,2025-01-01,C1079,P027,5,10.78,0.0,Store
O201052,2025-01-01,C1131,P030,3,27.27,0.05,Store
O200837,2025-01-02,C1188,P026,5,8.52,0.0,Store
O205454,2025-01-02,C1039,P011,2,12.22,0.05,Store
O200874,2025-01-02,C1002,P020,1,7.45,0.0,Web
O200315,2025-01-02,C1290,P021,3,44.6,0.0,Store
O205488,2025-01-02,C1301,P023,2,14.59,0.05,Web
O205491,2025-01-02,C1278,P022,3,2.77,0.0,Web
O201936,2025-01-02,C1115,P011,4,12.22,0.0,Web
O202627,2025-01-02,C1273,P005,1,10.44,0.0,Web
O202609,2025-01-02,C1129,P026,1,8.52,0.05,Store
O200000,2025-01-02,C1111,P006,2,30.41,0.0,Web
O204912,2025-01-02,C1069,P016,3,23.47,0.0,Phone
O200616,2025-01-02,C1091,P022,3,2.77,0.0,Web
O205151,2025-01-02,C1058,P005,5,10.44,0.0,Web
O202174,2025-01-02,C1171,P013,32,14.96,0.15,Store
O203490,2025-01-02,C1275,P005,42,10.44,0.15,Store
O201548,2025-01-02,C1068,P011,5,12.22,0.0,Web
O205109,2025-01-02,C1245,P014,4,40.41,0.0,Web
O203135,2025-01-03,C1271,P007,5,14.09,0.0,Web
O202883,2025-01-03,C1226,P025,37,2.16,0.15,Store
O203124,2025-01-03,C1347,P006,4,30.41,0.0,Web
O205808,2025-01-03,C1184,P009,3,21.66,0.0,Web
O200292,2025-01-03,C1160,P021,3,44.6,0.0,Web
O200287,2025-01-03,C1186,P005,3,10.44,0.0,Web
O202189,2025-01-03,C1124,P001,17,9.71,0.15,Store
O201257,2025-01-03,C1087,P018,4,30.77,0.05,Web
O202052,2025-01-03,C1365,P014,4,40.41,0.0,Web
O203401,2025-01-04,C1182,P027,5,10.78,0.0,Web
O203599,2025-01-04,C1188,P002,5,26.87,0.0,Store
O200158,2025-01-04,C1143,P006,5,30.41,0.0,Web
O205614,2025-01-04,C1266,P018,3,30.77,0.0,Web
O202487,2025-01-04,C1170,P001,2,9.71,0.0,Web
O204304,2025-01-04,C1230,P013,4,14.96,0.0,Store
O200133,2025-01-04,C1042,P025,3,2.16,0.0,Store
O200598,2025-01-04,C1009,P006,1,30.41,0.05,Web
O205131,2025-01-04,C1076,P015,1,18.64,0.0,Web
O200749,2025-01-04,C1329,P024,3,43.21,0.0,Store
O202369,2025-01-04,C1336,P006,3,30.41,0.0,Web
O200561,2025-01-04,C1149,P025,5,2.16,0.05,Web
O204335,2025-01-05,C1165,P022,5,2.77,0.05,Phone
O202089,2025-01-05,C1348,P024,5,43.21,0.0,Store
O204977,2025-01-05,C1224,P014,23,40.41,0.15,Web
O201293,2025-01-05,C1226,P026,15,8.52,0.15,Store
O202730,2025-01-05,C1065,P030,3,27.27,0.0,Web
O203585,2025-01-05,C1040,P007,5,14.09,0.05,Web
O205160,2025-01-05,C1379,P022,2,2.77,0.0,Web
O205157,2025-01-05,C1208,P029,4,22.03,0.0,Web
O201473,2025-01-05,C1342,P018,39,30.77,0.15,Store
O203386,2025-01-05,C1200,P008,2,18.86,0.0,Web
O203383,2025-01-05,C1119,P017,4,39.66,0.0,Web
O203329,2025-01-05,C1382,P002,2,26.87,0.0,Store
O205110,2025-01-05,C1223,P003,18,19.87,0.15,Phone
O205150,2025-01-05,C1134,P029,1,22.03,0.0,Web
O205148,2025-01-05,C1327,P019,2,5.6,0.0,Web
O202119,2025-01-05,C1216,P013,3,14.96,0.0,Web
O203177,2025-01-05,C1330,P017,5,39.66,0.0,Web
O200523,2025-01-05,C1226,P002,18,26.87,0.15,Web
O200458,2025-01-05,C1313,P001,21,9.71,0.15,Web
O203842,2025-01-05,C1111,P007,1,14.09,0.0,Web
O204344,2025-01-05,C1046,P016,4,23.47,0.0,Web
O201072,2025-01-05,C1327,P006,4,30.41,0.0,Web
O200882,2025-01-05,C1111,P027,5,10.78,0.0,Web
O204399,2025-01-05,C1167,P021,45,44.6,0.15,Web
O200801,2025-01-05,C1030,P013,1,14.96,0.0,Web
O204238,2025-01-05,C1261,P030,4,27.27,0.0,Web
O204135,2025-01-05,C1009,P017,3,39.66,0.0,Web
O204362,2025-01-05,C1106,P002,4,26.87,0.05,Web
O204034,2025-01-05,C1253,P030,1,27.27,0.0,Store
O200989,2025-01-06,C1094,P006,4,30.41,0.05,Store
O202801,2025-01-06,C1043,P015,2,18.64,0.05,Web
O204242,2025-01-06,C1357,P001,5,9.71,0.0,Web
O201496,2025-01-06,C1371,P003,2,19.87,0.0,Web
O204269,2025-01-06,C1164,P009,15,21.66,0.15,Phone
O200879,2025-01-06,C1210,P020,4,7.45,0.0,Store
O201449,2025-01-06,C1320,P022,2,2.77,0.0,Web
O203483,2025-01-06,C1049,P027,5,10.78,0.0,Web
O204500,2025-01-06,C1178,P029,29,22.03,0.15,Store
O203231,2025-01-06,C1041,P005,5,10.44,0.0,Web
O203888,2025-01-06,C1037,P009,4,21.66,0.0,Store
O204988,2025-01-06,C1196,P021,3,44.6,0.0,Store
O203934,2025-01-06,C1312,P027,5,10.78,0.0,Store
O201111,2025-01-06,C1165,P015,4,18.64,0.05,Store
O203624,2025-01-06,C1129,P022,3,2.77,0.0,Store
O202598,2025-01-06,C1271,P021,4,44.6,0.0,Store
O201252,2025-01-06,C1245,P030,4,27.27,0.0,Phone
O204577,2025-01-06,C1122,P014,1,40.41,0.0,Web
O204002,2025-01-06,C1204,P016,4,23.47,0.0,Store
O200961,2025-01-07,C1123,P014,3,40.41,0.0,Store
O203875,2025-01-07,C1254,P003,1,19.87,0.05,Store
O204703,2025-01-07,C1355,P004,3,20.17,0.0,Web
O204890,2025-01-07,C1081,P010,2,40.84,0.05,Web
O200240,2025-01-07,C1382,P027,5,10.78,0.0,Store
O203664,2025-01-07,C1062,P007,47,14.09,0.15,Web
O205617,2025-01-07,C1062,P016,18,23.47,0.15,Phone
O201063,2025-01-07,C1277,P030,13,27.27,0.15,Store
O205084,2025-01-07,C1248,P007,1,14.09,0.0,Web
O204467,2025-01-07,C1082,P006,1,30.41,0.0,Web
O200216,2025-01-07,C1109,P017,2,39.66,0.0,Store
O205656,2025-01-07,C1212,P025,5,2.16,0.0,Store
O200677,2025-01-07,C1309,P011,3,12.22,0.0,Web
O200302,2025-01-07,C1104,P030,1,27.27,0.0,Web
O205640,2025-01-07,C1154,P024,20,43.21,0.15,Store
O205137,2025-01-07,C1298,P028,3,5.26,0.0,Web
O202093,2025-01-07,C1310,P025,4,2.16,0.0,Store
O202635,2025-01-07,C1185,P029,4,22.03,0.0,Store
O200324,2025-01-08,C1360,P006,4,30.41,0.05,Web
O203219,2025-01-08,C1036,P009,5,21.66,0.0,Web
O205016,2025-01-08,C1049,P003,1,19.87,0.05,Web
O203295,2025-01-08,C1031,P017,1,39.66,0.05,Store
O201485,2025-01-08,C1092,P011,3,12.22,0.0,Store
O200172,2025-01-08,C1271,P003,1,19.87,0.0,Store
O205824,2025-01-08,C1284,P004,1,20.17,0.0,Web
O203118,2025-01-08,C1330,P009,3,21.66,0.0,Web
O205277,2025-01-08,C1367,P020,1,7.45,0.05,Web
O201589,2025-01-08,C1134,P008,1,18.86,0.05,Web
O205462,2025-01-08,C1111,P028,1,5.26,0.05,Web
O204204,2025-01-08,C1288,P006,58,30.41,0.15,Phone
O203965,2025-01-08,C1037,P009,1,21.66,0.0,Web
O201875,2025-01-08,C1149,P014,3,40.41,0.0,Web
O200275,2025-01-08,C1133,P009,5,21.66,0.05,Store
O204402,2025-01-08,C1164,P017,35,39.66,0.15,Store
O201287,2025-01-09,C1384,P002,2,26.87,0.0,Web
O204902,2025-01-09,C1298,P009,2,21.66,0.0,Web
O201556,2025-01-09,C1064,P024,2,43.21,0.0,Store
O202260,2025-01-09,C1196,P016,4,23.47,0.0,Store
O205390,2025-01-09,C1119,P030,1,27.27,0.0,Web
O205531,2025-01-09,C1384,P023,3,14.59,0.0,Web
O200437,2025-01-09,C1067,P010,2,40.84,0.0,Web
O203550,2025-01-09,C1231,P007,49,14.09,0.15,Store
O201978,2025-01-09,C1226,P026,31,8.52,0.15,Store
O204680,2025-01-09,C1347,P012,3,32.76,0.0,Web
O201505,2025-01-09,C1273,P021,2,44.6,0.0,Web
O203570,2025-01-09,C1361,P029,4,22.03,0.0,Web
O202722,2025-01-09,C1083,P002,3,26.87,0.0,Web
O200005,2025-01-09,C1253,P029,3,22.03,0.0,Web
O202980,2025-01-09,C1064,P009,2,21.66,0.0,Store
O203365,2025-01-10,C1327,P024,5,43.21,0.0,Web
O200907,2025-01-10,C1073,P017,30,39.66,0.15,Store
O202931,2025-01-10,C1369,P010,4,40.84,0.0,Store
O202501,2025-01-10,C1358,P030,3,27.27,0.05,Store
O203494,2025-01-10,C1095,P003,4,19.87,0.0,Web
O201519,2025-01-10,C1378,P007,2,14.09,0.05,Web
O204168,2025-01-10,C1073,P012,19,32.76,0.15,Web
O204017,2025-01-10,C1098,P002,1,26.87,0.0,Phone
O200362,2025-01-10,C1222,P014,1,40.41,0.0,Store
O205260,2025-01-10,C1096,P016,5,23.47,0.05,Store
O201770,2025-01-10,C1122,P002,3,26.87,0.0,Web
O200929,2025-01-10,C1038,P001,4,9.71,0.0,Web
O204702,2025-01-10,C1154,P013,14,14.96,0.15,Store
O204750,2025-01-10,C1090,P017,3,39.66,0.0,Store
O203199,2025-01-10,C1096,P006,5,30.41,0.05,Store
O203115,2025-01-10,C1204,P008,2,18.86,0.0,Web
O203841,2025-01-10,C1012,P023,3,14.59,0.0,Store
O202632,2025-01-10,C1144,P019,4,5.6,0.0,Store
O203844,2025-01-10,C1342,P030,15,27.27,0.15,Store
O205637,2025-01-10,C1174,P025,2,2.16,0.05,Web
O204621,2025-01-10,C1085,P021,35,44.6,0.15,Phone
O205082,2025-01-10,C1389,P007,4,14.09,0.0,Web
O202620,2025-01-11,C1271,P027,5,10.78,0.0,Phone
O205526,2025-01-11,C1208,P018,2,30.77,0.05,Web
O205355,2025-01-11,C1330,P030,5,27.27,0.0,Web
O202288,2025-01-11,C1151,P028,3,5.26,0.05,Web
O204379,2025-01-11,C1024,P004,3,20.17,0.0,Store
O205512,2025-01-11,C1365,P030,4,27.27,0.05,Web
O201278,2025-01-11,C1321,P029,1,22.03,0.0,Store
O204782,2025-01-11,C1330,P012,2,32.76,0.0,Store
O205509,2025-01-11,C1255,P028,5,5.26,0.0,Web
O201685,2025-01-11,C1222,P026,2,8.52,0.0,Phone
O205820,2025-01-11,C1360,P030,4,27.27,0.0,Web
O200654,2025-01-11,C1327,P011,3,12.22,0.0,Web
O204072,2025-01-11,C1073,P002,50,26.87,0.15,Phone
O202070,2025-01-11,C1132,P008,4,18.86,0.0,Phone
O204994,2025-01-11,C1116,P007,2,14.09,0.05,Web
O200343,2025-01-11,C1254,P025,5,2.16,0.0,Web
O205448,2025-01-11,C1350,P009,2,21.66,0.0,Web
O201933,2025-01-12,C1107,P016,33,23.47,0.15,Web
O204080,2025-01-12,C1132,P018,3,30.77,0.0,Store
O201682,2025-01-12,C1133,P010,5,40.84,0.05,Store
O201047,2025-01-12,C1043,P007,5,14.09,0.0,Web
O204650,2025-01-12,C1046,P019,2,5.6,0.05,Web
O204109,2025-01-12,C1110,P001,5,9.71,0.0,Web
O202385,2025-01-12,C1067,P014,3,40.41,0.0,Store
O201895,2025-01-12,C1188,P008,3,18.86,0.05,Web
O200652,2025-01-12,C1224,P023,33,14.59,0.15,Store
O205742,2025-01-12,C1236,P008,42,18.86,0.15,Store
O201810,2025-01-12,C1134,P019,5,5.6,0.05,Web
O201660,2025-01-12,C1091,P022,3,2.77,0.0,Web
O200669,2025-01-12,C1046,P025,4,2.16,0.0,Store
O201141,2025-01-12,C1068,P008,1,18.86,0.05,Web
O205580,2025-01-13,C1389,P012,2,32.76,0.05,Web
O200430,2025-01-13,C1085,P001,21,9.71,0.15,Store
O202656,2025-01-13,C1346,P023,2,14.59,0.0,Web
O204405,2025-01-13,C1068,P009,3,21.66,0.0,Web
O203735,2025-01-13,C1273,P013,4,14.96,0.0,Web
O204674,2025-01-13,C1246,P004,4,20.17,0.0,Web
O203836,2025-01-13,C1211,P029,1,22.03,0.05,Web
O204270,2025-01-13,C1325,P019,2,5.6,0.0,Store
O204074,2025-01-13,C1173,P004,3,20.17,0.0,Phone
O202888,2025-01-13,C1389,P014,2,40.41,0.0,Web
O203178,2025-01-13,C1084,P013,1,14.96,0.0,Web
O202232,2025-01-13,C1117,P021,3,44.6,0.0,Phone
O201921,2025-01-13,C1073,P029,49,22.03,0.15,Web
O202558,2025-01-13,C1017,P017,5,39.66,0.05,Web
O201893,2025-01-13,C1175,P004,3,20.17,0.0,Store
O201264,2025-01-13,C1251,P007,2,14.09,0.0,Store
O203427,2025-01-13,C1334,P009,2,21.66,0.0,Web
O203035,2025-01-13,C1192,P009,3,21.66,0.05,Store
O201154,2025-01-13,C1222,P022,3,2.77,0.0,Store
O201707,2025-01-13,C1273,P029,4,22.03,0.0,Web
O201397,2025-01-13,C1339,P027,4,10.78,0.0,Web
O205398,2025-01-13,C1086,P024,2,43.21,0.0,Store
O200288,2025-01-14,C1083,P002,4,26.87,0.0,Web
O200261,2025-01-14,C1213,P013,37,14.96,0.15,Store
O200891,2025-01-14,C1137,P028,2,5.26,0.0,Store
O203717,2025-01-14,C1174,P011,3,12.22,0.05,Store
O204555,2025-01-14,C1111,P013,3,14.96,0.0,Web
O200406,2025-01-14,C1212,P011,5,12.22,0.0,Phone
O201974,2025-01-14,C1209,P002,4,26.87,0.05,Web
O204933,2025-01-14,C1144,P024,4,43.21,0.0,Store
O205682,2025-01-14,C1115,P024,3,43.21,0.05,Web
O202152,2025-01-14,C1273,P009,3,21.66,0.0,Web
O200091,2025-01-14,C1330,P005,5,10.44,0.0,Phone
O204913,2025-01-14,C1230,P017,4,39.66,0.0,Web
O204666,2025-01-14,C1294,P001,32,9.71,0.15,Store
O205692,2025-01-14,C1079,P001,3,9.71,0.0,Phone
O200644,2025-01-14,C1290,P024,5,43.21,0.05,Web
O201053,2025-01-15,C1096,P009,5,21.66,0.0,Store
O205257,2025-01-15,C1096,P003,1,19.87,0.05,Store
O203980,2025-01-15,C1370,P006,3,30.41,0.0,Store
O200528,2025-01-15,C1358,P013,5,14.96,0.05,Store
O205523,2025-01-15,C1179,P009,5,21.66,0.0,Web
O200300,2025-01-15,C1196,P008,2,18.86,0.0,Store
O205039,2025-01-15,C1257,P026,3,8.52,0.0,Web
O205232,2025-01-15,C1226,P029,53,22.03,0.15,Web
O205677,2025-01-15,C1064,P005,5,10.44,0.0,Web
O201868,2025-01-15,C1226,P009,46,21.66,0.15,Store
O204146,2025-01-15,C1245,P004,1,20.17,0.0,Store
O201544,2025-01-15,C1230,P010,5,40.84,0.0,Store
O201127,2025-01-15,C1114,P009,5,21.66,0.05,Store
O205502,2025-01-15,C1213,P022,34,2.77,0.15,Web
O205916,2025-01-15,C1064,P002,3,26.87,0.0,Store
O202681,2025-01-15,C1358,P005,5,10.44,0.05,Store
O202989,2025-01-15,C1310,P021,3,44.6,0.0,Store
O205601,2025-01-16,C1103,P026,2,8.52,0.0,Store
O201645,2025-01-16,C1254,P002,5,26.87,0.05,Phone
O201724,2025-01-16,C1134,P003,1,19.87,0.0,Web
O202114,2025-01-16,C1188,P004,5,20.17,0.0,Store
O202949,2025-01-16,C1125,P015,4,18.64,0.0,Web
O204856,2025-01-16,C1029,P017,4,39.66,0.0,Store
O203222,2025-01-16,C1174,P024,3,43.21,0.0,Web
O203299,2025-01-16,C1339,P009,4,21.66,0.0,Store
O204734,2025-01-16,C1346,P021,3,44.6,0.0,Web
O205819,2025-01-16,C1246,P026,5,8.52,0.0,Store
O200226,2025-01-16,C1394,P001,3,9.71,0.0,Web
O205306,2025-01-16,C1380,P022,4,2.77,0.05,Store
O204091,2025-01-16,C1085,P005,51,10.44,0.15,Web
O205486,2025-01-16,C1332,P018,5,30.77,0.0,Web
O202697,2025-01-16,C1103,P016,5,23.47,0.0,Store
O201318,2025-01-16,C1228,P015,5,18.64,0.0,Web
O204420,2025-01-16,C1231,P020,10,7.45,0.15,Web
O200098,2025-01-16,C1067,P030,4,27.27,0.0,Phone
O201821,2025-01-16,C1193,P012,2,32.76,0.0,Store
O204188,2025-01-16,C1049,P021,2,44.6,0.0,Web
O201349,2025-01-16,C1125,P021,3,44.6,0.0,Store
O203027,2025-01-17,C1365,P002,3,26.87,0.0,Store
O204853,2025-01-17,C1084,P015,5,18.64,0.0,Web
O201783,2025-01-17,C1246,P009,5,21.66,0.0,Phone
O205457,2025-01-17,C1096,P027,2,10.78,0.0,Store
O204281,2025-01-17,C1381,P027,3,10.78,0.0,Store
O204767,2025-01-17,C1254,P014,1,40.41,0.0,Store
O204133,2025-01-17,C1240,P023,3,14.59,0.0,Store
O200323,2025-01-17,C1248,P026,4,8.52,0.05,Web
O205860,2025-01-17,C1365,P026,1,8.52,0.05,Store
O205402,2025-01-17,C1030,P019,3,5.6,0.0,Phone
O205662,2025-01-17,C1009,P011,2,12.22,0.0,Phone
O200028,2025-01-17,C1365,P001,5,9.71,0.0,Phone
O200427,2025-01-17,C1085,P015,21,18.64,0.15,Web
O203891,2025-01-17,C1166,P005,5,10.44,0.05,Store
O204059,2025-01-18,C1182,P010,1,40.84,0.0,Web
O201038,2025-01-18,C1203,P005,2,10.44,0.05,Phone
O200582,2025-01-18,C1239,P019,3,5.6,0.0,Web
O202955,2025-01-18,C1281,P008,4,18.86,0.05,Store
O204885,2025-01-18,C1252,P021,3,44.6,0.0,Web
O203940,2025-01-18,C1240,P017,1,39.66,0.0,Web
O203901,2025-01-18,C1135,P002,1,26.87,0.0,Store
O201168,2025-01-18,C1009,P003,5,19.87,0.05,Store
O202091,2025-01-18,C1056,P010,5,40.84,0.0,Web
O200372,2025-01-18,C1032,P008,4,18.86,0.0,Web
O205554,2025-01-18,C1142,P016,5,23.47,0.0,Store
O204483,2025-01-18,C1129,P028,1,5.26,0.0,Web
O205979,2025-01-18,C1327,P001,1,9.71,0.0,Web
O204503,2025-01-18,C1261,P007,1,14.09,0.0,Web
O204518,2025-01-18,C1149,P024,2,43.21,0.0,Web
O200851,2025-01-18,C1339,P013,4,14.96,0.0,Store
O204931,2025-01-18,C1104,P008,5,18.86,0.05,Web
O202968,2025-01-18,C1103,P017,1,39.66,0.0,Web
O205458,2025-01-19,C1096,P018,4,30.77,0.0,Store
O202909,2025-01-19,C1099,P023,3,14.59,0.0,Store
O202334,2025-01-19,C1197,P024,5,43.21,0.0,Store
O204314,2025-01-19,C1013,P007,4,14.09,0.0,Web
O201146,2025-01-19,C1245,P011,4,12.22,0.0,Store
O202267,2025-01-19,C1339,P009,3,21.66,0.0,Store
O205661,2025-01-19,C1193,P030,5,27.27,0.05,Store
O200709,2025-01-19,C1134,P005,1,10.44,0.05,Web
O203520,2025-01-19,C1111,P011,4,12.22,0.0,Web
O204347,2025-01-19,C1024,P001,2,9.71,0.0,Web
O201788,2025-01-19,C1065,P003,4,19.87,0.05,Store
O205112,2025-01-19,C1017,P008,3,18.86,0.0,Web
O201782,2025-01-19,C1136,P020,2,7.45,0.0,Web
O204544,2025-01-19,C1290,P025,1,2.16,0.0,Store
O201938,2025-01-20,C1092,P014,5,40.41,0.0,Web
O202023,2025-01-20,C1378,P020,2,7.45,0.0,Store
O200846,2025-01-20,C1284,P027,2,10.78,0.05,Web
O200475,2025-01-20,C1189,P020,3,7.45,0.05,Store
O201723,2025-01-20,C1065,P011,3,12.22,0.05,Store
O201102,2025-01-20,C1275,P008,50,18.86,0.15,Phone
O201298,2025-01-20,C1096,P012,1,32.76,0.05,Store
O203079,2025-01-20,C1224,P023,34,14.59,0.15,Store
O203611,2025-01-20,C1251,P008,3,18.86,0.0,Store
O203714,2025-01-20,C1007,P005,4,10.44,0.0,Web
O202718,2025-01-20,C1104,P016,2,23.47,0.0,Web
O204260,2025-01-21,C1095,P007,3,14.09,0.0,Web
O203018,2025-01-21,C1306,P024,4,43.21,0.0,Web
O201959,2025-01-21,C1230,P007,5,14.09,0.0,Store
O200637,2025-01-21,C1347,P022,3,2.77,0.0,Web
O203825,2025-01-21,C1313,P022,32,2.77,0.15,Web
O203619,2025-01-21,C1063,P017,4,39.66,0.05,Store
O205734,2025-01-21,C1240,P027,4,10.78,0.0,Store
O205921,2025-01-21,C1012,P007,5,14.09,0.0,Store
O203149,2025-01-21,C1363,P017,3,39.66,0.0,Store
O205529,2025-01-21,C1298,P010,4,40.84,0.0,Web
O203183,2025-01-21,C1147,P016,2,23.47,0.05,Web
O203678,2025-01-21,C1049,P029,1,22.03,0.05,Web
O200495,2025-01-21,C1226,P007,25,14.09,0.15,Store
O202760,2025-01-22,C1355,P015,1,18.64,0.0,Web
O202448,2025-01-22,C1147,P026,1,8.52,0.0,Store
O202531,2025-01-22,C1117,P002,5,26.87,0.0,Store
O202337,2025-01-22,C1201,P005,52,10.44,0.15,Web
O204595,2025-01-22,C1242,P026,4,8.52,0.05,Store
O201192,2025-01-22,C1030,P024,1,43.21,0.0,Web
O205589,2025-01-22,C1065,P006,2,30.41,0.0,Phone
O203724,2025-01-22,C1299,P028,4,5.26,0.0,Store
O200378,2025-01-22,C1101,P005,47,10.44,0.15,Web
O200246,2025-01-22,C1049,P008,4,18.86,0.0,Web
O201990,2025-01-22,C1223,P011,35,12.22,0.15,Store
O204704,2025-01-22,C1115,P023,2,14.59,0.0,Web
O203947,2025-01-22,C1192,P017,5,39.66,0.0,Store
O203564,2025-01-22,C1152,P003,16,19.87,0.15,Store
O203061,2025-01-22,C1067,P014,4,40.41,0.0,Store
O200518,2025-01-22,C1273,P012,2,32.76,0.0,Web
O202129,2025-01-22,C1361,P019,2,5.6,0.0,Store
O200332,2025-01-22,C1036,P010,1,40.84,0.0,Web
O201032,2025-01-22,C1154,P030,10,27.27,0.15,Store
O201346,2025-01-22,C1017,P021,3,44.6,0.05,Web
O204206,2025-01-22,C1365,P030,3,27.27,0.0,Store
O201230,2025-01-22,C1152,P021,46,44.6,0.15,Store
O203434,2025-01-22,C1134,P002,5,26.87,0.0,Web
O201371,2025-01-22,C1327,P003,4,19.87,0.0,Web
O203514,2025-01-22,C1240,P002,2,26.87,0.0,Store
O200455,2025-01-22,C1361,P028,1,5.26,0.0,Store
O202471,2025-01-22,C1121,P009,57,21.66,0.15,Web
O205124,2025-01-23,C1235,P023,3,14.59,0.0,Store
O200242,2025-01-23,C1397,P010,5,40.84,0.05,Store
O202653,2025-01-23,C1226,P021,16,44.6,0.15,Store
O203017,2025-01-23,C1379,P021,4,44.6,0.0,Web
O200238,2025-01-23,C1309,P029,4,22.03,0.0,Web
O205272,2025-01-23,C1104,P015,5,18.64,0.0,Web
O200012,2025-01-23,C1313,P030,27,27.27,0.15,Store
O202165,2025-01-23,C1173,P005,3,10.44,0.0,Phone
O200618,2025-01-23,C1096,P017,2,39.66,0.0,Phone
O203170,2025-01-23,C1246,P023,5,14.59,0.0,Store
O200798,2025-01-23,C1043,P029,3,22.03,0.05,Web
O201540,2025-01-23,C1240,P015,2,18.64,0.0,Web
O201062,2025-01-23,C1283,P003,2,19.87,0.0,Web
O200431,2025-01-23,C1307,P028,2,5.26,0.0,Web
O204642,2025-01-23,C1386,P005,3,10.44,0.0,Web
O200938,2025-01-23,C1098,P026,2,8.52,0.05,Store
O201016,2025-01-23,C1124,P018,43,30.77,0.15,Phone
O205524,2025-01-23,C1092,P011,4,12.22,0.05,Web
O202511,2025-01-23,C1042,P018,4,30.77,0.0,Store
O203821,2025-01-23,C1022,P009,26,21.66,0.15,Web
O200050,2025-01-23,C1389,P015,5,18.64,0.0,Web
O205549,2025-01-23,C1273,P010,4,40.84,0.0,Web
O204819,2025-01-24,C1111,P030,4,27.27,0.0,Web
O205070,2025-01-24,C1030,P015,3,18.64,0.0,Store
O201779,2025-01-24,C1380,P027,5,10.78,0.0,Store
O203572,2025-01-24,C1355,P018,4,30.77,0.0,Store
O200444,2025-01-24,C1281,P030,5,27.27,0.05,Store
O204106,2025-01-24,C1373,P003,2,19.87,0.0,Web
O202126,2025-01-24,C1107,P012,39,32.76,0.15,Store
O204454,2025-01-24,C1226,P024,45,43.21,0.15,Phone
O205126,2025-01-24,C1118,P017,4,39.66,0.05,Store
O200095,2025-01-24,C1239,P023,3,14.59,0.0,Web
O204456,2025-01-24,C1236,P006,27,30.41,0.15,Phone
O202142,2025-01-24,C1372,P024,1,43.21,0.0,Web
O201415,2025-01-24,C1245,P008,2,18.86,0.05,Phone
O202376,2025-01-24,C1248,P002,2,26.87,0.0,Web
O202836,2025-01-25,C1182,P004,5,20.17,0.0,Web
O201204,2025-01-25,C1083,P005,1,10.44,0.05,Web
O203622,2025-01-25,C1072,P018,4,30.77,0.0,Web
O204318,2025-01-25,C1150,P015,4,18.64,0.0,Store
O200296,2025-01-25,C1208,P006,4,30.41,0.0,Web
O205205,2025-01-25,C1226,P011,33,12.22,0.15,Web
O202723,2025-01-25,C1144,P004,2,20.17,0.0,Store
O204277,2025-01-25,C1224,P030,17,27.27,0.15,Web
O201144,2025-01-25,C1106,P024,2,43.21,0.0,Store
O203976,2025-01-25,C1292,P011,5,12.22,0.0,Web
O204826,2025-01-25,C1257,P003,3,19.87,0.0,Web
O204393,2025-01-25,C1084,P006,2,30.41,0.0,Web
O205168,2025-01-25,C1215,P012,1,32.76,0.0,Store
O201655,2025-01-25,C1239,P012,4,32.76,0.0,Web
O204179,2025-01-25,C1360,P018,5,30.77,0.0,Store
O201259,2025-01-25,C1154,P011,52,12.22,0.15,Web
O200940,2025-01-26,C1092,P017,5,39.66,0.0,Phone
O202428,2025-01-26,C1392,P021,55,44.6,0.15,Store
O201689,2025-01-26,C1159,P011,4,12.22,0.0,Store
O202550,2025-01-26,C1240,P011,1,12.22,0.0,Store
O200199,2025-01-26,C1281,P016,5,23.47,0.0,Store
O203343,2025-01-26,C1254,P003,4,19.87,0.0,Store
O201883,2025-01-26,C1350,P011,2,12.22,0.0,Store
O202622,2025-01-26,C1333,P003,4,19.87,0.05,Store
O204603,2025-01-26,C1072,P018,2,30.77,0.0,Web
O201642,2025-01-26,C1230,P011,2,12.22,0.0,Web
O204664,2025-01-26,C1256,P023,4,14.59,0.0,Store
O201017,2025-01-26,C1165,P016,5,23.47,0.0,Phone
O205174,2025-01-26,C1226,P027,33,10.78,0.15,Store
O201677,2025-01-27,C1091,P006,1,30.41,0.0,Web
O202136,2025-01-27,C1269,P017,5,39.66,0.0,Web
O201686,2025-01-27,C1261,P006,2,30.41,0.0,Web
O200152,2025-01-27,C1211,P016,2,23.47,0.0,Store
O201108,2025-01-27,C1201,P011,52,12.22,0.15,Web
O204831,2025-01-27,C1227,P002,38,26.87,0.15,Store
O200683,2025-01-27,C1380,P002,3,26.87,0.0,Store
O202916,2025-01-27,C1374,P029,5,22.03,0.0,Store
O202552,2025-01-27,C1213,P021,27,44.6,0.15,Web
O204792,2025-01-27,C1222,P004,3,20.17,0.0,Phone
O204368,2025-01-27,C1103,P016,2,23.47,0.0,Phone
O202679,2025-01-27,C1341,P004,2,20.17,0.0,Web
O201281,2025-01-27,C1327,P026,1,8.52,0.05,Web
O200697,2025-01-27,C1358,P024,5,43.21,0.0,Store
O202019,2025-01-27,C1129,P027,4,10.78,0.0,Web
O202367,2025-01-27,C1083,P030,2,27.27,0.05,Store
O200905,2025-01-27,C1398,P017,5,39.66,0.0,Web
O200382,2025-01-27,C1203,P023,3,14.59,0.0,Web
O201993,2025-01-27,C1350,P024,3,43.21,0.0,Web
O204687,2025-01-27,C1378,P011,2,12.22,0.05,Web
O203964,2025-01-27,C1330,P004,5,20.17,0.0,Store
O200248,2025-01-27,C1245,P030,4,27.27,0.0,Web
O203372,2025-01-28,C1171,P012,18,32.76,0.15,Phone
O205836,2025-01-28,C1046,P018,4,30.77,0.0,Web
O205991,2025-01-28,C1339,P024,3,43.21,0.0,Web
O200234,2025-01-28,C1321,P026,5,8.52,0.05,Store
O200270,2025-01-28,C1091,P029,2,22.03,0.0,Web
O202927,2025-01-28,C1282,P003,1,19.87,0.0,Store
O201086,2025-01-28,C1159,P002,3,26.87,0.05,Web
O205143,2025-01-28,C1009,P012,3,32.76,0.0,Store
O200128,2025-01-28,C1347,P009,3,21.66,0.0,Web
O205883,2025-01-28,C1314,P017,3,39.66,0.05,Phone
O205405,2025-01-28,C1298,P030,5,27.27,0.05,Web
O200572,2025-01-28,C1254,P027,4,10.78,0.0,Store
O202192,2025-01-28,C1380,P003,4,19.87,0.0,Store
O203496,2025-01-29,C1245,P006,3,30.41,0.05,Store
O201871,2025-01-29,C1188,P026,3,8.52,0.0,Store
O205409,2025-01-29,C1232,P011,5,12.22,0.0,Web
O202979,2025-01-29,C1082,P022,5,2.77,0.05,Store
O205074,2025-01-29,C1278,P001,3,9.71,0.0,Web
O200251,2025-01-29,C1152,P017,30,39.66,0.15,Store
O202086,2025-01-29,C1346,P014,4,40.41,0.0,Web
O204322,2025-01-29,C1243,P009,57,21.66,0.15,Store
O201905,2025-01-29,C1314,P020,1,7.45,0.05,Store
O201600,2025-01-29,C1167,P025,24,2.16,0.15,Phone
O205827,2025-01-29,C1208,P030,2,27.27,0.05,Web
O200633,2025-01-29,C1330,P016,4,23.47,0.0,Store
O200995,2025-01-29,C1230,P022,1,2.77,0.05,Web
O202060,2025-01-29,C1208,P010,1,40.84,0.05,Web
O205674,2025-01-29,C1096,P029,3,22.03,0.0,Store
O205099,2025-01-30,C1312,P007,4,14.09,0.0,Store
O204035,2025-01-30,C1055,P012,5,32.76,0.0,Store
O204374,2025-01-30,C1314,P016,3,23.47,0.05,Store
O204063,2025-01-30,C1239,P026,5,8.52,0.0,Web
O202002,2025-01-30,C1149,P006,4,30.41,0.0,Web
O201969,2025-01-30,C1212,P011,5,12.22,0.0,Phone
O203894,2025-01-30,C1226,P007,56,14.09,0.15,Store
O204821,2025-01-30,C1062,P029,47,22.03,0.15,Store
O204774,2025-01-30,C1124,P005,39,10.44,0.15,Store
O203499,2025-01-30,C1073,P025,15,2.16,0.15,Web
O203474,2025-01-30,C1256,P028,1,5.26,0.0,Store
O201376,2025-01-30,C1378,P004,1,20.17,0.0,Store
O201137,2025-01-30,C1058,P024,4,43.21,0.05,Web
O204718,2025-01-30,C1096,P022,4,2.77,0.0,Web
O201774,2025-01-30,C1333,P028,2,5.26,0.0,Store
O204291,2025-01-30,C1251,P005,4,10.44,0.0,Web
O203904,2025-01-30,C1208,P014,4,40.41,0.0,Web
O204948,2025-01-30,C1155,P002,3,26.87,0.0,Web
O204617,2025-01-30,C1385,P005,4,10.44,0.05,Web
O204609,2025-01-30,C1371,P017,4,39.66,0.0,Store
O205023,2025-01-30,C1330,P008,2,18.86,0.05,Store
O200569,2025-01-30,C1246,P019,4,5.6,0.05,Store
O201098,2025-01-30,C1210,P012,4,32.76,0.0,Web
O204431,2025-01-30,C1104,P005,2,10.44,0.0,Web
O202117,2025-01-30,C1187,P013,3,14.96,0.0,Store
O205722,2025-01-30,C1184,P016,2,23.47,0.0,Web
O205297,2025-01-30,C1398,P006,3,30.41,0.0,Web
O200383,2025-01-30,C1134,P001,5,9.71,0.0,Web
O205266,2025-01-30,C1017,P002,2,26.87,0.0,Web
O200244,2025-01-31,C1196,P028,3,5.26,0.0,Store
O202032,2025-01-31,C1361,P007,5,14.09,0.05,Store
O201633,2025-01-31,C1111,P022,2,2.77,0.0,Web
O203938,2025-01-31,C1215,P028,5,5.26,0.0,Phone
O204541,2025-01-31,C1151,P022,1,2.77,0.0,Web
O205683,2025-01-31,C1253,P021,3,44.6,0.0,Store
O204693,2025-01-31,C1264,P010,2,40.84,0.0,Web
O204945,2025-01-31,C1103,P024,1,43.21,0.05,Web
O201621,2025-01-31,C1041,P011,5,12.22,0.0,Web
O204844,2025-01-31,C1073,P018,59,30.77,0.15,Web
O205279,2025-01-31,C1334,P016,3,23.47,0.0,Web
O201253,2025-01-31,C1030,P009,5,21.66,0.0,Store
O203524,2025-01-31,C1341,P012,1,32.76,0.05,Web
O204658,2025-01-31,C1110,P013,1,14.96,0.05,Web
O202415,2025-01-31,C1224,P015,38,18.64,0.15,Store
O205128,2025-01-31,C1152,P027,46,10.78,0.15,Store
O205714,2025-01-31,C1016,P024,5,43.21,0.0,Web
O202389,2025-01-31,C1358,P021,5,44.6,0.0,Store
O203328,2025-01-31,C1104,P028,4,5.26,0.0,Web
O204290,2025-01-31,C1094,P005,1,10.44,0.0,Store
O205908,2025-01-31,C1361,P007,3,14.09,0.0,Store
O203031,2025-01-31,C1002,P010,3,40.84,0.05,Web
O202211,2025-02-01,C1254,P028,2,5.26,0.0,Store
O201458,2025-02-01,C1245,P022,2,2.77,0.05,Web
O205069,2025-02-01,C1130,P003,1,19.87,0.05,Web
O204254,2025-02-01,C1310,P008,5,18.86,0.0,Web
O201844,2025-02-01,C1129,P027,5,10.78,0.0,Store
O205164,2025-02-01,C9999,P005,4,10.44,0.0,Store
O201427,2025-02-01,C1103,P018,1,30.77,0.0,Store
O202716,2025-02-01,C1030,P010,1,40.84,0.0,Store
O200348,2025-02-01,C1041,P009,4,21.66,0.0,Web
O205690,2025-02-01,C1379,P024,3,43.21,0.0,Web
O202073,2025-02-01,C1215,P019,3,5.6,0.0,Store
O205863,2025-02-01,C1086,P008,4,18.86,0.0,Store
O201455,2025-02-01,C1156,P003,1,19.87,0.0,Web
O201445,2025-02-01,C1151,P018,3,30.77,0.0,Web
O200532,2025-02-01,C1084,P023,4,14.59,0.05,Web
O201226,2025-02-01,C1094,P020,2,7.45,0.0,Store
O203168,2025-02-01,C1318,P030,2,27.27,0.05,Phone
O203247,2025-02-01,C1370,P010,4,40.84,0.0,Phone
O203333,2025-02-01,C1310,P003,3,19.87,0.0,Store
O204804,2025-02-01,C1281,P002,2,26.87,0.0,Web
O205093,2025-02-01,C1226,P003,53,19.87,0.15,Phone
O203454,2025-02-01,C1003,P021,5,44.6,0.0,Web
O205837,2025-02-02,C1314,P010,4,40.84,0.0,Web
O200576,2025-02-02,C1339,P021,4,44.6,0.05,Phone
O204970,2025-02-02,C1389,P030,2,27.27,0.0,Web
O205331,2025-02-02,C1256,P024,1,43.21,0.0,Store
O202752,2025-02-02,C1154,P004,19,20.17,0.15,Store
O202361,2025-02-02,C1274,P002,2,26.87,0.0,Web
O205414,2025-02-02,C1103,P008,5,18.86,0.0,Store
O205723,2025-02-02,C1026,P024,1,43.21,0.0,Store
O202787,2025-02-02,C1211,P007,2,14.09,0.05,Store
O203893,2025-02-02,C1066,P018,4,30.77,0.0,Web
O203312,2025-02-02,C1381,P013,5,14.96,0.0,Store
O202782,2025-02-02,C1330,P005,3,10.44,0.0,Web
O200827,2025-02-02,C1270,P016,42,23.47,0.15,Store
O203077,2025-02-02,C1221,P001,2,9.71,0.05,Store
O200824,2025-02-02,C1126,P024,3,43.21,0.05,Store
O203332,2025-02-02,C1236,P021,24,44.6,0.15,Web
O204563,2025-02-02,C1389,P013,5,14.96,0.0,Web
O202201,2025-02-02,C1028,P002,11,26.87,0.15,Web
O200175,2025-02-03,C1270,P025,56,2.16,0.15,Web
O204565,2025-02-03,C1387,P030,4,27.27,0.0,Web
O200680,2025-02-03,C1159,P014,5,40.41,0.0,Web
O200885,2025-02-03,C1052,P009,3,21.66,0.0,Store
O201342,2025-02-03,C1327,P001,1,9.71,0.0,Web
O200025,2025-02-03,C1072,P028,2,5.26,0.0,Web
O204686,2025-02-03,C1270,P003,37,19.87,0.15,Web
O201461,2025-02-03,C1188,P029,1,22.03,0.0,Web
O201816,2025-02-03,C1152,P011,22,12.22,0.15,Store
O204580,2025-02-03,C1284,P009,2,21.66,0.0,Web
O203281,2025-02-03,C1344,P009,5,21.66,0.0,Web
O200927,2025-02-03,C1094,P018,4,30.77,0.05,Web
O203638,2025-02-03,C1382,P023,1,14.59,0.0,Store
O204005,2025-02-03,C1037,P006,5,30.41,0.0,Store
O204128,2025-02-03,C1388,P020,2,7.45,0.0,Web
O202934,2025-02-03,C1081,P025,4,2.16,0.0,Web
O200015,2025-02-03,C1365,P003,2,19.87,0.0,Store
O202231,2025-02-03,C1033,P012,3,32.76,0.0,Web
O203436,2025-02-03,C1125,P024,2,43.21,0.0,Store
O205388,2025-02-03,C1291,P016,4,23.47,0.0,Web
O203605,2025-02-03,C1226,P016,31,23.47,0.15,Store
O203179,2025-02-03,C1136,P027,4,10.78,0.0,Web
O203788,2025-02-03,C1022,P024,20,43.21,0.15,Web
O202132,2025-02-03,C1079,P017,5,39.66,0.0,Store
O201612,2025-02-04,C1212,P030,2,27.27,0.0,Store
O205154,2025-02-04,C1367,P025,5,2.16,0.0,Web
O203912,2025-02-04,C1299,P001,4,9.71,0.0,Store
O201692,2025-02-04,C1219,P019,3,5.6,0.0,Web
O203325,2025-02-04,C1392,P030,11,27.27,0.15,Store
O203566,2025-02-04,C1226,P009,59,21.66,0.15,Phone
O202041,2025-02-04,C1327,P027,5,10.78,0.0,Web
O201668,2025-02-04,C1239,P017,3,39.66,0.0,Web
O200463,2025-02-04,C1159,P019,5,5.6,0.0,Store
O203353,2025-02-04,C1245,P002,1,26.87,0.0,Phone
O204228,2025-02-04,C1115,P001,2,9.71,0.0,Web
O200845,2025-02-04,C1200,P024,1,43.21,0.0,Web
O205628,2025-02-04,C1314,P021,4,44.6,0.0,Web
O201739,2025-02-04,C1182,P019,2,5.6,0.0,Web
O200577,2025-02-05,C1379,P028,1,5.26,0.0,Web
O205320,2025-02-05,C1369,P016,1,23.47,0.0,Store
O203080,2025-02-05,C1193,P029,1,22.03,0.0,Store
O201119,2025-02-05,C1211,P018,1,30.77,0.0,Store
O203389,2025-02-05,C1381,P012,1,32.76,0.0,Store
O204759,2025-02-05,C1187,P017,4,39.66,0.0,Store
O202438,2025-02-05,C1106,P003,4,19.87,0.05,Store
O204510,2025-02-05,C1022,P012,17,32.76,0.15,Store
O204455,2025-02-05,C1241,P020,4,7.45,0.0,Store
O205184,2025-02-05,C1049,P030,2,27.27,0.05,Web
O205072,2025-02-05,C1127,P021,4,44.6,0.0,Store
O204341,2025-02-05,C1084,P026,3,8.52,0.0,Web
O201488,2025-02-05,C1109,P008,5,18.86,0.0,Store
O201328,2025-02-05,C1174,P016,5,23.47,0.05,Store
O205832,2025-02-05,C1164,P002,32,26.87,0.15,Store
O205582,2025-02-05,C1346,P007,5,14.09,0.0,Web
O205429,2025-02-05,C1222,P016,3,23.47,0.0,Store
O201696,2025-02-05,C1341,P024,3,43.21,0.0,Store
O203355,2025-02-05,C1365,P027,3,10.78,0.0,Web
O201586,2025-02-06,C1065,P005,1,10.44,0.0,Phone
O200992,2025-02-06,C1332,P009,3,21.66,0.0,Web
O200053,2025-02-06,C1315,P010,4,40.84,0.0,Web
O203267,2025-02-06,C1096,P027,2,10.78,0.0,Phone
O201193,2025-02-06,C1143,P001,5,9.71,0.0,Web
O203636,2025-02-06,C1131,P023,4,14.59,0.0,Web
O205903,2025-02-06,C1090,P004,1,20.17,0.0,Store
O201636,2025-02-06,C1129,P009,1,21.66,0.0,Phone
O202686,2025-02-06,C1245,P006,4,30.41,0.0,Store
O204004,2025-02-06,C1360,P006,2,30.41,0.0,Store
O203404,2025-02-06,C1389,P015,4,18.64,0.0,Web
O200204,2025-02-06,C1348,P016,4,23.47,0.0,Store
O204057,2025-02-06,C1230,P009,5,21.66,0.0,Store
O201841,2025-02-06,C1103,P027,2,10.78,0.05,Store
O200116,2025-02-06,C1103,P020,2,7.45,0.05,Store
O203579,2025-02-06,C1248,P010,1,40.84,0.05,Web
O205778,2025-02-06,C1055,P027,5,10.78,0.0,Store
O203090,2025-02-06,C1041,P001,2,9.71,0.0,Web
O202358,2025-02-06,C1065,P030,3,27.27,0.0,Store
O205396,2025-02-06,C1013,P001,1,9.71,0.0,Store
O200185,2025-02-06,C1334,P005,4,10.44,0.05,Web
O202215,2025-02-06,C1111,P005,5,10.44,0.0,Web
O200026,2025-02-06,C1109,P025,1,2.16,0.0,Web
O205224,2025-02-06,C1136,P012,5,32.76,0.0,Web
O202942,2025-02-07,C1273,P021,4,44.6,0.0,Web
O203337,2025-02-07,C1355,P012,3,32.76,0.0,Store
O200038,2025-02-07,C1034,P022,31,2.77,0.15,Store
O204092,2025-02-07,C1184,P025,2,2.16,0.0,Web
O201028,2025-02-07,C1063,P008,1,18.86,0.0,Web
O202453,2025-02-07,C1249,P016,4,23.47,0.05,Web
O205386,2025-02-07,C1042,P024,4,43.21,0.0,Store
O205594,2025-02-07,C1309,P025,3,2.16,0.05,Web
O204713,2025-02-07,C1358,P024,5,43.21,0.0,Phone
O203786,2025-02-07,C1381,P023,3,14.59,0.0,Store
O200890,2025-02-07,C1381,P017,2,39.66,0.05,Web
O205685,2025-02-07,C1248,P025,4,2.16,0.05,Web
O204957,2025-02-07,C1072,P012,4,32.76,0.05,Web
O203394,2025-02-07,C1306,P023,2,14.59,0.05,Web
O202586,2025-02-07,C1036,P003,3,19.87,0.05,Web
O201143,2025-02-07,C1320,P028,3,5.26,0.05,Web
O201648,2025-02-08,C1273,P014,5,40.41,0.0,Web
O204397,2025-02-08,C1096,P009,1,21.66,0.0,Web
O202445,2025-02-08,C1333,P003,4,19.87,0.0,Web
O202240,2025-02-08,C1281,P002,4,26.87,0.0,Store
O204917,2025-02-08,C1264,P018,1,30.77,0.05,Store
O202773,2025-02-08,C1365,P029,5,22.03,0.0,Store
O200359,2025-02-08,C1200,P026,5,8.52,0.0,Web
O205717,2025-02-08,C1208,P012,5,32.76,0.0,Web
O203098,2025-02-08,C1361,P006,1,30.41,0.0,Phone
O205130,2025-02-08,C1371,P003,1,19.87,0.0,Store
O203083,2025-02-08,C1226,P026,14,8.52,0.15,Store
O205986,2025-02-08,C1177,P029,2,22.03,0.0,Web
O205245,2025-02-09,C1384,P030,5,27.27,0.0,Store
O200821,2025-02-09,C1370,P009,1,21.66,0.0,Web
O203567,2025-02-09,C1193,P014,1,40.41,0.05,Phone
O204218,2025-02-09,C1053,P019,1,5.6,0.0,Web
O205210,2025-02-09,C1111,P003,1,19.87,0.0,Web
O205517,2025-02-09,C1362,P030,1,27.27,0.0,Web
O204545,2025-02-09,C1197,P028,5,5.26,0.0,Web
O204946,2025-02-09,C1388,P003,5,19.87,0.0,Web
O204523,2025-02-09,C1002,P016,2,23.47,0.0,Web
O204981,2025-02-09,C1124,P028,56,5.26,0.15,Web
O204700,2025-02-09,C1076,P009,2,21.66,0.0,Web
O200986,2025-02-09,C1042,P018,5,30.77,0.0,Web
O202212,2025-02-09,C1111,P011,2,12.22,0.0,Web
O200715,2025-02-09,C1132,P027,3,10.78,0.0,Store
O203737,2025-02-09,C1398,P006,5,30.41,0.0,Web
O201988,2025-02-09,C1226,P023,22,14.59,0.15,Store
O204600,2025-02-09,C1279,P002,4,26.87,0.05,Web
O201492,2025-02-09,C1213,P027,56,10.78,0.15,Web
O203532,2025-02-09,C1159,P002,5,26.87,0.0,Store
O201351,2025-02-09,C1193,P018,3,30.77,0.0,Store
O200170,2025-02-10,C1026,P009,3,21.66,0.0,Store
O205400,2025-02-10,C1299,P014,5,40.41,0.05,Store
O202690,2025-02-10,C1298,P030,4,27.27,0.05,Web
O201995,2025-02-10,C1220,P026,4,8.52,0.0,Web
O203876,2025-02-10,C1269,P029,1,22.03,0.0,Web
O203773,2025-02-10,C1388,P017,4,39.66,0.0,Web
O200044,2025-02-10,C1246,P015,3,18.64,0.0,Phone
O204219,2025-02-10,C1173,P012,4,32.76,0.0,Web
O204298,2025-02-10,C1240,P024,5,43.21,0.0,Store
O204185,2025-02-10,C1211,P029,3,22.03,0.0,Web
O200863,2025-02-10,C1240,P004,2,20.17,0.0,Store
O204571,2025-02-10,C1189,P012,1,32.76,0.05,Web
O204780,2025-02-10,C1049,P007,3,14.09,0.0,Web
O200087,2025-02-10,C1157,P015,4,18.64,0.0,Store
O205678,2025-02-10,C1254,P014,3,40.41,0.0,Store
O202271,2025-02-10,C1337,P002,3,26.87,0.0,Store
O203653,2025-02-10,C1170,P014,2,40.41,0.0,Phone
O201043,2025-02-10,C1007,P010,5,40.84,0.0,Web
O205738,2025-02-10,C1237,P002,2,26.87,0.0,Web
O203783,2025-02-10,C1267,P009,4,21.66,0.0,Store
O200937,2025-02-10,C1028,P005,29,10.44,0.15,Web
O203797,2025-02-11,C1210,P029,1,22.03,0.05,Web
O200200,2025-02-11,C1299,P016,4,23.47,0.05,Store
O205095,2025-02-11,C1268,P002,3,26.87,0.0,Store
O201639,2025-02-11,C1240,P012,5,32.76,0.05,Store
O203153,2025-02-11,C1264,P012,2,32.76,0.0,Store
O203778,2025-02-11,C1190,P024,3,43.21,0.0,Store
O203571,2025-02-11,C1227,P001,16,9.71,0.15,Web
O203368,2025-02-11,C1211,P023,1,14.59,0.05,Web
O204001,2025-02-11,C1063,P021,5,44.6,0.0,Web
O204229,2025-02-11,C1029,P015,2,18.64,0.0,Store
O203879,2025-02-11,C1227,P015,43,18.64,0.15,Web
O205803,2025-02-11,C1382,P021,3,44.6,0.05,Phone
O200660,2025-02-11,C1361,P025,3,2.16,0.0,Store
O204927,2025-02-11,C1075,P012,4,32.76,0.0,Web
O201101,2025-02-11,C1173,P014,2,40.41,0.0,Web
O205309,2025-02-11,C1254,P019,3,5.6,0.0,Store
O205153,2025-02-11,C1090,P028,2,5.26,0.0,Phone
O205068,2025-02-11,C1339,P001,5,9.71,0.0,Store
O203856,2025-02-11,C1083,P001,1,9.71,0.0,Phone
O205317,2025-02-11,C1137,P027,3,10.78,0.0,Store
O202035,2025-02-12,C1298,P013,1,14.96,0.0,Web
O200510,2025-02-12,C1360,P030,1,27.27,0.0,Store
O200790,2025-02-12,C1350,P002,5,26.87,0.0,Web
O204410,2025-02-12,C1164,P003,36,19.87,0.15,Web
O204380,2025-02-12,C1346,P004,3,20.17,0.0,Web
O202244,2025-02-12,C1226,P019,44,5.6,0.15,Store
O203614,2025-02-12,C1083,P012,2,32.76,0.05,Store
O205965,2025-02-12,C1188,P010,5,40.84,0.0,Store
O202753,2025-02-12,C1166,P026,1,8.52,0.0,Store
O205417,2025-02-12,C1380,P023,4,14.59,0.05,Web
O204003,2025-02-12,C1398,P028,1,5.26,0.0,Web
O204800,2025-02-12,C1342,P006,13,30.41,0.15,Store
O204985,2025-02-13,C1154,P027,55,10.78,0.15,Web
O205483,2025-02-13,C1211,P030,3,27.27,0.0,Store
O205091,2025-02-13,C1208,P029,2,22.03,0.0,Web
O201649,2025-02-13,C1274,P024,2,43.21,0.0,Store
O205533,2025-02-13,C1085,P014,54,40.41,0.15,Store
O200112,2025-02-13,C1337,P013,4,14.96,0.0,Store
O202896,2025-02-13,C1346,P012,3,32.76,0.0,Web
O203082,2025-02-13,C1226,P026,17,8.52,0.15,Store
O205146,2025-02-13,C1273,P027,3,10.78,0.0,Web
O204061,2025-02-13,C1207,P025,2,2.16,0.05,Web
O200541,2025-02-13,C1111,P022,1,2.77,0.0,Web
O202333,2025-02-13,C1339,P010,5,40.84,0.0,Web
O202474,2025-02-13,C1020,P003,2,19.87,0.05,Phone
O204829,2025-02-13,C1212,P018,4,30.77,0.0,Store
O202027,2025-02-13,C1041,P010,2,40.84,0.0,Web
O202417,2025-02-13,C1175,P019,4,5.6,0.0,Store
O204656,2025-02-13,C1378,P020,3,7.45,0.0,Store
O202346,2025-02-13,C1397,P028,2,5.26,0.0,Store
O200674,2025-02-13,C1374,P029,1,22.03,0.0,Store
O202473,2025-02-13,C1009,P024,3,43.21,0.0,Store
O205261,2025-02-13,C1037,P008,1,18.86,0.0,Store
O200034,2025-02-14,C1202,P019,30,5.6,0.15,Store
O204359,2025-02-14,C1222,P011,2,12.22,0.0,Store
O200690,2025-02-14,C1099,P021,5,44.6,0.0,Web
O205866,2025-02-14,C1159,P024,3,43.21,0.0,Store
O202191,2025-02-14,C1124,P014,45,40.41,0.15,Store
O202045,2025-02-14,C1310,P005,2,10.44,0.0,Web
O205812,2025-02-14,C1164,P006,30,30.41,0.15,Web
O205341,2025-02-14,C1072,P026,3,8.52,0.0,Web
O205430,2025-02-14,C1223,P026,14,8.52,0.15,Phone
O204131,2025-02-14,C1341,P007,5,14.09,0.0,Web
O200718,2025-02-14,C1216,P016,5,23.47,0.0,Web
O200393,2025-02-14,C1083,P025,2,2.16,0.05,Store
O202254,2025-02-14,C1173,P007,4,14.09,0.05,Phone
O202245,2025-02-14,C1108,P019,1,5.6,0.05,Phone
O201067,2025-02-14,C1212,P024,5,43.21,0.0,Store
O203831,2025-02-14,C1137,P010,4,40.84,0.0,Store
O200650,2025-02-14,C1209,P025,3,2.16,0.0,Store
O202871,2025-02-15,C1388,P013,4,14.96,0.0,Web
O202962,2025-02-15,C1129,P002,1,26.87,0.05,Store
O202575,2025-02-15,C1358,P020,3,7.45,0.0,Store
O202457,2025-02-15,C1123,P004,3,20.17,0.0,Web
O203979,2025-02-15,C1096,P025,2,2.16,0.05,Phone
O204878,2025-02-15,C1222,P023,5,14.59,0.0,Store
O205927,2025-02-15,C1156,P015,5,18.64,0.05,Web
O201364,2025-02-15,C1159,P021,2,44.6,0.05,Store
O200479,2025-02-15,C1350,P011,5,12.22,0.0,Web
O203668,2025-02-15,C1363,P017,4,39.66,0.0,Store
O203722,2025-02-15,C1009,P016,4,23.47,0.0,Store
O205636,2025-02-15,C1280,P029,43,22.03,0.15,Web
O200664,2025-02-15,C1254,P029,1,22.03,0.0,Store
O204854,2025-02-16,C1062,P026,51,8.52,0.15,Web
O201446,2025-02-16,C1342,P007,11,14.09,0.15,Phone
O203658,2025-02-16,C1096,P023,4,14.59,0.0,Store
O204100,2025-02-16,C1091,P005,3,10.44,0.0,Web
O205914,2025-02-16,C1159,P004,5,20.17,0.0,Store
O202862,2025-02-16,C1285,P025,4,2.16,0.0,Web
O203278,2025-02-16,C1026,P020,2,7.45,0.0,Phone
O200481,2025-02-16,C1170,P016,1,23.47,0.0,Store
O200939,2025-02-16,C1240,P029,2,22.03,0.0,Store
O201382,2025-02-16,C1049,P029,4,22.03,0.0,Web
O202803,2025-02-16,C1132,P027,5,10.78,0.0,Store
O202504,2025-02-16,C1271,P026,1,8.52,0.0,Store
O203918,2025-02-16,C1130,P030,1,27.27,0.0,Web
O205263,2025-02-17,C1054,P028,5,5.26,0.0,Store
O205789,2025-02-17,C1085,P002,51,26.87,0.15,Web
O202556,2025-02-17,C1103,P004,5,20.17,0.0,Store
O201706,2025-02-17,C1085,P017,32,39.66,0.15,Web
O204965,2025-02-17,C1241,P003,3,19.87,0.0,Web
O202561,2025-02-17,C1134,P011,5,12.22,0.05,Web
O204272,2025-02-17,C1063,P002,3,26.87,0.0,Web
O202516,2025-02-17,C1143,P025,4,2.16,0.0,Web
O200743,2025-02-17,C1008,P008,1,18.86,0.0,Web
O204892,2025-02-17,C1314,P003,4,19.87,0.0,Store
O200373,2025-02-17,C1290,P018,1,30.77,0.05,Web
O200084,2025-02-17,C1320,P005,4,10.44,0.0,Web
O204685,2025-02-17,C1124,P030,23,27.27,0.15,Web
O201011,2025-02-17,C1170,P005,4,10.44,0.0,Store
O201447,2025-02-17,C1154,P007,55,14.09,0.15,Web
O202368,2025-02-17,C1211,P021,2,44.6,0.0,Web
O205097,2025-02-17,C1220,P023,1,14.59,0.05,Web
O203948,2025-02-17,C1103,P018,3,30.77,0.0,Web
O205660,2025-02-17,C1223,P019,28,5.6,0.15,Store
O202329,2025-02-18,C1065,P012,3,32.76,0.0,Store
O200426,2025-02-18,C1106,P006,4,30.41,0.0,Store
O203068,2025-02-18,C1058,P022,4,2.77,0.0,Web
O205901,2025-02-18,C1388,P014,4,40.41,0.0,Web
O200446,2025-02-18,C1065,P007,4,14.09,0.0,Web
O201535,2025-02-18,C1310,P020,2,7.45,0.0,Store
O205798,2025-02-18,C1150,P029,5,22.03,0.0,Web
O204634,2025-02-18,C1155,P018,5,30.77,0.0,Web
O203388,2025-02-18,C1259,P028,1,5.26,0.0,Web
O201491,2025-02-18,C1248,P009,3,21.66,0.0,Web
O204983,2025-02-18,C1100,P001,4,9.71,0.0,Web
O200203,2025-02-18,C1188,P001,5,9.71,0.0,Store
O200647,2025-02-18,C1085,P013,55,14.96,0.15,Web
O202251,2025-02-18,C1257,P019,3,5.6,0.0,Web
O204519,2025-02-18,C1381,P003,5,19.87,0.0,Store
O203810,2025-02-18,C1079,P012,4,32.76,0.0,Store
O205658,2025-02-18,C1064,P025,5,2.16,0.0,Web
O205054,2025-02-18,C1058,P027,4,10.78,0.0,Web
O201435,2025-02-18,C1270,P025,43,2.16,0.15,Phone
O201158,2025-02-18,C1284,P008,5,18.86,0.05,Web
O204067,2025-02-18,C1212,P015,1,18.64,0.0,Store
O204373,2025-02-19,C1245,P010,2,40.84,0.0,Web
O203310,2025-02-19,C1101,P002,59,26.87,0.15,Store
O201282,2025-02-19,C1177,P017,2,39.66,0.0,Web
O202459,2025-02-19,C1064,P008,3,18.86,0.0,Web
O201330,2025-02-19,C1133,P024,2,43.21,0.0,Store
O203468,2025-02-19,C1069,P005,2,10.44,0.0,Web
O201332,2025-02-19,C1190,P002,3,26.87,0.0,Store
O204433,2025-02-19,C1273,P018,1,30.77,0.05,Web
O200384,2025-02-19,C1103,P010,1,40.84,0.0,Store
O204446,2025-02-19,C1112,P006,1,30.41,0.0,Store
O201877,2025-02-19,C1123,P002,3,26.87,0.0,Store
O203887,2025-02-19,C1230,P028,5,5.26,0.0,Store
O205037,2025-02-19,C1222,P023,1,14.59,0.0,Store
O205419,2025-02-19,C1314,P002,1,26.87,0.05,Store
O204066,2025-02-19,C1084,P011,2,12.22,0.0,Web
O204620,2025-02-19,C1367,P011,4,12.22,0.0,Web
O201547,2025-02-19,C1096,P020,1,7.45,0.0,Store
O202917,2025-02-19,C1124,P008,24,18.86,0.15,Store
O204798,2025-02-19,C1027,P027,5,10.78,0.0,Web
O205740,2025-02-19,C1096,P016,5,23.47,0.0,Web
O204070,2025-02-19,C1096,P020,1,7.45,0.0,Web
O205764,2025-02-19,C1022,P020,43,7.45,0.15,Web
O202887,2025-02-19,C1364,P027,25,10.78,0.15,Web
O205565,2025-02-20,C1202,P018,52,30.77,0.15,Store
O202735,2025-02-20,C1292,P004,4,20.17,0.0,Web
O201695,2025-02-20,C1325,P019,1,5.6,0.0,Web
O202236,2025-02-20,C1226,P001,38,9.71,0.15,Web
O201056,2025-02-20,C1106,P019,1,5.6,0.05,Store
O202311,2025-02-20,C1203,P010,1,40.84,0.0,Web
O202630,2025-02-20,C1339,P007,2,14.09,0.05,Phone
O204178,2025-02-20,C1125,P006,4,30.41,0.0,Phone
O204765,2025-02-20,C1332,P005,4,10.44,0.0,Web
O200981,2025-02-20,C1279,P001,1,9.71,0.0,Web
O200142,2025-02-20,C1062,P030,26,27.27,0.15,Store
O200109,2025-02-20,C1166,P008,5,18.86,0.0,Store
O203269,2025-02-20,C1116,P028,2,5.26,0.0,Web
O204836,2025-02-20,C1223,P015,50,18.64,0.15,Web
O201303,2025-02-21,C1150,P009,3,21.66,0.0,Store
O205964,2025-02-21,C1189,P015,3,18.64,0.0,Store
O202807,2025-02-21,C1096,P028,3,5.26,0.0,Web
O203471,2025-02-21,C1211,P019,3,5.6,0.0,Store
O200337,2025-02-21,C1136,P014,4,40.41,0.0,Web
O202197,2025-02-21,C1312,P026,1,8.52,0.0,Web
O204047,2025-02-21,C1147,P023,1,14.59,0.0,Web
O202384,2025-02-21,C1204,P022,3,2.77,0.05,Store
O205535,2025-02-21,C1173,P002,3,26.87,0.0,Store
O205619,2025-02-21,C1276,P023,2,14.59,0.0,Phone
O203006,2025-02-21,C1129,P004,3,20.17,0.0,Store
O201365,2025-02-21,C1104,P019,5,5.6,0.0,Web
O203515,2025-02-21,C1090,P029,2,22.03,0.0,Store
O200385,2025-02-21,C1374,P008,4,18.86,0.05,Web
O202307,2025-02-21,C1200,P024,3,43.21,0.0,Web
O203583,2025-02-21,C1248,P020,4,7.45,0.0,Web
O200398,2025-02-21,C1068,P007,3,14.09,0.0,Web
O205646,2025-02-21,C1278,P019,3,5.6,0.0,Web
O202513,2025-02-21,C1091,P003,2,19.87,0.05,Web
O202285,2025-02-21,C1182,P015,2,18.64,0.0,Web
O203393,2025-02-22,C1312,P020,4,7.45,0.0,Web
O200691,2025-02-22,C1384,P026,4,8.52,0.0,Web
O201350,2025-02-22,C1173,P007,1,14.09,0.0,Web
O201227,2025-02-22,C1159,P012,1,32.76,0.0,Store
O204586,2025-02-22,C1222,P006,1,30.41,0.05,Store
O204279,2025-02-22,C1095,P012,5,32.76,0.0,Web
O201085,2025-02-22,C1103,P025,2,2.16,0.05,Store
O203957,2025-02-22,C1215,P012,3,32.76,0.0,Store
O205494,2025-02-22,C1204,P021,3,44.6,0.0,Web
O203863,2025-02-22,C1197,P003,1,19.87,0.0,Store
O205939,2025-02-22,C1296,P007,4,14.09,0.0,Web
O205343,2025-02-22,C1271,P022,5,2.77,0.0,Store
O203746,2025-02-22,C1103,P007,4,14.09,0.0,Store
O200442,2025-02-22,C1278,P019,5,5.6,0.0,Web
O205765,2025-02-22,C1199,P022,4,2.77,0.0,Store
O205368,2025-02-22,C1310,P017,5,39.66,0.0,Phone
O203555,2025-02-22,C1203,P013,3,14.96,0.0,Web
O205917,2025-02-22,C1333,P001,5,9.71,0.0,Store
O201752,2025-02-23,C1137,P005,2,10.44,0.0,Store
O202308,2025-02-23,C1364,P008,40,18.86,0.15,Phone
O200360,2025-02-23,C1049,P015,3,18.64,0.0,Web
O202905,2025-02-23,C1041,P027,2,10.78,0.0,Web
O201197,2025-02-23,C1320,P016,4,23.47,0.0,Web
O203613,2025-02-23,C1122,P003,4,19.87,0.0,Web
O204048,2025-02-23,C1315,P002,3,26.87,0.0,Web
O205134,2025-02-23,C1131,P030,4,27.27,0.0,Web
O200606,2025-02-23,C1355,P002,3,26.87,0.0,Web
O200807,2025-02-23,C1365,P011,3,12.22,0.0,Web
O205793,2025-02-23,C1119,P007,4,14.09,0.0,Web
O202688,2025-02-23,C1239,P027,1,10.78,0.0,Web
O204323,2025-02-23,C1380,P019,5,5.6,0.0,Store
O200032,2025-02-23,C1184,P019,2,5.6,0.05,Web
O204678,2025-02-23,C1121,P013,27,14.96,0.15,Web
O205362,2025-02-23,C1312,P012,5,32.76,0.0,Store
O204460,2025-02-24,C1251,P016,3,23.47,0.0,Web
O205330,2025-02-24,C1341,P009,5,21.66,0.0,Store
O203420,2025-02-24,C1001,P007,1,14.09,0.0,Web
O205103,2025-02-24,C1389,P004,1,20.17,0.0,Web
O203102,2025-02-24,C1167,P019,41,5.6,0.15,Store
O205708,2025-02-24,C1228,P017,3,39.66,0.0,Web
O202906,2025-02-24,C1084,P007,2,14.09,0.0,Web
O203937,2025-02-24,C1378,P030,1,27.27,0.0,Store
O200485,2025-02-24,C1342,P009,41,21.66,0.15,Web
O200114,2025-02-24,C1222,P004,4,20.17,0.0,Web
O200164,2025-02-24,C1355,P016,4,23.47,0.05,Phone
O204869,2025-02-24,C1385,P013,2,14.96,0.0,Web
O202123,2025-02-24,C1007,P011,2,12.22,0.0,Web
O203645,2025-02-24,C1227,P013,22,14.96,0.15,Web
O201533,2025-02-24,C1196,P002,3,26.87,0.0,Web
O202057,2025-02-24,C1076,P025,4,2.16,0.0,Web
O201280,2025-02-24,C1330,P025,3,2.16,0.0,Store
O200858,2025-02-25,C1348,P014,3,40.41,0.0,Store
O203123,2025-02-25,C1248,P018,4,30.77,0.0,Web
O205428,2025-02-25,C1194,P022,1,2.77,0.0,Web
O201619,2025-02-25,C1115,P013,1,14.96,0.0,Web
O201064,2025-02-25,C1199,P013,2,14.96,0.0,Web
O201478,2025-02-25,C1379,P016,4,23.47,0.0,Web
O200322,2025-02-25,C1378,P014,5,40.41,0.0,Store
O204619,2025-02-25,C1204,P016,2,23.47,0.0,Web
O201220,2025-02-25,C1242,P002,5,26.87,0.0,Store
O200742,2025-02-25,C1111,P024,1,43.21,0.0,Web
O200928,2025-02-25,C1165,P012,4,32.76,0.0,Store
O202294,2025-02-25,C1095,P014,4,40.41,0.05,Web
O204259,2025-02-25,C1254,P016,5,23.47,0.05,Web
O201246,2025-02-25,C1101,P018,11,30.77,0.15,Web
O203992,2025-02-26,C1029,P002,1,26.87,0.0,Store
O204820,2025-02-26,C1328,P025,2,2.16,0.0,Web
O204828,2025-02-26,C1160,P004,4,20.17,0.0,Web
O205144,2025-02-26,C1330,P002,5,26.87,0.0,Phone
O200102,2025-02-26,C1064,P012,2,32.76,0.05,Web
O203254,2025-02-26,C1041,P018,1,30.77,0.0,Web
O205603,2025-02-26,C1354,P004,1,20.17,0.0,Store
O203782,2025-02-26,C1085,P021,34,44.6,0.15,Store
O205217,2025-02-26,C1281,P002,1,26.87,0.05,Phone
O205440,2025-02-26,C1175,P020,5,7.45,0.0,Store
O202166,2025-02-26,C1037,P019,2,5.6,0.05,Phone
O202530,2025-02-26,C1127,P028,1,5.26,0.0,Store
O201806,2025-02-26,C1340,P007,2,14.09,0.0,Store
O201048,2025-02-26,C1358,P030,4,27.27,0.0,Store
O205438,2025-02-26,C1086,P011,4,12.22,0.0,Phone
O205053,2025-02-26,C1023,P020,5,7.45,0.0,Store
O203604,2025-02-26,C1327,P014,4,40.41,0.0,Web
O201444,2025-02-26,C1226,P022,48,2.77,0.15,Web
O204154,2025-02-26,C1312,P019,3,5.6,0.0,Store
O202562,2025-02-27,C1312,P009,3,21.66,0.0,Store
O204350,2025-02-27,C1041,P006,1,30.41,0.0,Web
O204441,2025-02-27,C1365,P016,5,23.47,0.0,Web
O205615,2025-02-27,C1066,P029,5,22.03,0.0,Store
O204436,2025-02-27,C1202,P027,53,10.78,0.15,Phone
O200335,2025-02-27,C1342,P004,21,20.17,0.15,Store
O203501,2025-02-27,C1378,P007,2,14.09,0.0,Store
O202597,2025-02-27,C1129,P027,2,10.78,0.0,Store
O202729,2025-02-27,C1166,P020,1,7.45,0.0,Store
O200504,2025-02-27,C1184,P003,3,19.87,0.05,Web
O203298,2025-02-27,C1269,P025,3,2.16,0.0,Web
O203189,2025-02-27,C1170,P013,4,14.96,0.0,Store
O200278,2025-02-27,C1196,P029,3,22.03,0.0,Store
O200869,2025-02-27,C1182,P004,2,20.17,0.0,Web
O205256,2025-02-28,C1245,P021,5,44.6,0.0,Store
O205359,2025-02-28,C1239,P001,1,9.71,0.0,Web
O202594,2025-02-28,C1136,P021,4,44.6,0.0,Web
O200045,2025-02-28,C1361,P013,5,14.96,0.0,Store
O201153,2025-02-28,C1362,P010,5,40.84,0.0,Web
O205459,2025-02-28,C1391,P028,4,5.26,0.0,Web
O200997,2025-02-28,C1237,P024,1,43.21,0.0,Web
O204546,2025-02-28,C1246,P020,3,7.45,0.0,Store
O205659,2025-02-28,C1165,P029,3,22.03,0.0,Store
O203630,2025-02-28,C1313,P024,55,43.21,0.15,Store
O203553,2025-02-28,C1222,P016,3,23.47,0.05,Store
O205090,2025-02-28,C1096,P020,1,7.45,0.0,Store
O201395,2025-02-28,C1150,P028,5,5.26,0.0,Web
O203492,2025-02-28,C1341,P007,3,14.09,0.0,Store
O201221,2025-02-28,C1173,P024,4,43.21,0.0,Web
O204303,2025-02-28,C1240,P021,5,44.6,0.0,Web
O203959,2025-02-28,C1188,P028,3,5.26,0.0,Store
O203692,2025-02-28,C1154,P029,31,22.03,0.15,Phone
O205038,2025-03-01,C1360,P029,5,22.03,0.0,Phone
O205180,2025-03-01,C1165,P013,5,14.96,0.0,Phone
O201512,2025-03-01,C1109,P017,4,39.66,0.0,Store
O202047,2025-03-01,C1378,P018,4,30.77,0.0,Store
O204626,2025-03-01,C1370,P018,1,30.77,0.0,Store
O201851,2025-03-01,C1358,P016,1,23.47,0.0,Store
O202684,2025-03-01,C1389,P001,2,9.71,0.0,Web
O205044,2025-03-01,C1029,P006,2,30.41,0.0,Web
O200166,2025-03-01,C1194,P023,3,14.59,0.05,Store
O200483,2025-03-01,C1350,P011,5,12.22,0.0,Web
O201527,2025-03-01,C1365,P028,2,5.26,0.05,Store
O205102,2025-03-01,C1216,P027,4,10.78,0.05,Web
O204009,2025-03-01,C1058,P019,2,5.6,0.0,Web
O203204,2025-03-01,C1124,P013,58,14.96,0.15,Web
O204973,2025-03-01,C1049,P005,2,10.44,0.0,Web
O204801,2025-03-01,C1301,P005,2,10.44,0.0,Web
O204316,2025-03-01,C1084,P030,5,27.27,0.0,Web
O204867,2025-03-01,C1226,P003,22,19.87,0.15,Web
O201549,2025-03-01,C1235,P004,3,20.17,0.0,Store
O202331,2025-03-02,C1118,P004,3,20.17,0.0,Store
O204788,2025-03-02,C1370,P007,1,14.09,0.05,Store
O200464,2025-03-02,C1188,P012,2,32.76,0.05,Web
O200765,2025-03-02,C1129,P005,1,10.44,0.05,Web
O205538,2025-03-02,C1090,P010,5,40.84,0.0,Store
O201530,2025-03-02,C1155,P004,1,20.17,0.0,Web
O205958,2025-03-02,C1132,P017,5,39.66,0.0,Store
O200617,2025-03-02,C1333,P028,5,5.26,0.05,Phone
O200881,2025-03-02,C1166,P009,1,21.66,0.0,Store
O201968,2025-03-02,C1326,P014,1,40.41,0.0,Store
O201971,2025-03-02,C1227,P003,54,19.87,0.15,Store
O202519,2025-03-02,C1227,P018,13,30.77,0.15,Store
O202434,2025-03-02,C1030,P028,5,5.26,0.0,Web
O202830,2025-03-02,C1284,P001,2,9.71,0.0,Web
O203381,2025-03-02,C1166,P008,4,18.86,0.0,Store
O203478,2025-03-02,C1210,P023,4,14.59,0.0,Web
O204312,2025-03-02,C1365,P022,4,2.77,0.0,Web
O205633,2025-03-02,C1007,P016,5,23.47,0.0,Web
O204387,2025-03-02,C1063,P001,5,9.71,0.05,Store
O205687,2025-03-02,C1226,P014,54,40.41,0.15,Store
O203463,2025-03-02,C1096,P023,5,14.59,0.0,Store
O205223,2025-03-03,C1159,P011,5,12.22,0.0,Web
O204321,2025-03-03,C1095,P017,2,39.66,0.05,Web
O203166,2025-03-03,C1222,P015,3,18.64,0.0,Store
O203431,2025-03-03,C1312,P017,1,39.66,0.0,Web
O203576,2025-03-03,C1197,P002,5,26.87,0.0,Store
O201465,2025-03-03,C1210,P024,2,43.21,0.05,Store
O200366,2025-03-03,C1136,P018,1,30.77,0.0,Web
O201890,2025-03-03,C1086,P018,2,30.77,0.0,Store
O202108,2025-03-03,C1222,P010,2,40.84,0.0,Store
O201414,2025-03-03,C1145,P014,4,40.41,0.0,Web
O201694,2025-03-03,C1068,P023,3,14.59,0.0,Web
O204597,2025-03-03,C1224,P023,47,14.59,0.15,Web
O204540,2025-03-03,C1281,P026,5,8.52,0.0,Store
O202401,2025-03-03,C1118,P029,4,22.03,0.0,Web
O204167,2025-03-03,C1126,P021,2,44.6,0.05,Store
O200345,2025-03-03,C1298,P013,4,14.96,0.0,Web
O201401,2025-03-04,C1285,P030,1,27.27,0.0,Store
O200179,2025-03-04,C1246,P008,3,18.86,0.0,Store
O200347,2025-03-04,C1039,P011,3,12.22,0.0,Web
O201054,2025-03-04,C1365,P023,4,14.59,0.05,Web
O201932,2025-03-04,C1253,P016,3,23.47,0.0,Store
O202258,2025-03-04,C1222,P005,3,10.44,0.0,Store
O203628,2025-03-04,C1230,P013,2,14.96,0.0,Web
O201115,2025-03-04,C1281,P029,4,22.03,0.05,Store
O200221,2025-03-04,C1281,P003,3,19.87,0.0,Store
O202966,2025-03-04,C1273,P006,2,30.41,0.0,Web
O205989,2025-03-04,C1314,P019,2,5.6,0.0,Store
O204531,2025-03-04,C1240,P013,3,14.96,0.0,Store
O202794,2025-03-04,C1103,P007,3,14.09,0.0,Web
O200776,2025-03-04,C1041,P009,4,21.66,0.0,Web
O205316,2025-03-04,C1150,P020,1,7.45,0.05,Store
O201430,2025-03-04,C1252,P023,4,14.59,0.0,Web
O205024,2025-03-05,C1188,P021,2,44.6,0.05,Store
O201962,2025-03-05,C1109,P009,5,21.66,0.0,Web
O205132,2025-03-05,C1015,P020,2,7.45,0.0,Store
O205842,2025-03-05,C1043,P021,2,44.6,0.0,Web
O203446,2025-03-05,C1179,P001,3,9.71,0.0,Web
O200540,2025-03-05,C1193,P013,4,14.96,0.0,Web
O203880,2025-03-05,C1085,P014,37,40.41,0.15,Store
O204196,2025-03-05,C1092,P001,2,9.71,0.05,Phone
O201217,2025-03-05,C1153,P023,45,14.59,0.15,Store
O201792,2025-03-05,C1186,P017,3,39.66,0.05,Store
O203577,2025-03-05,C1041,P025,2,2.16,0.0,Web
O202386,2025-03-05,C1350,P005,2,10.44,0.0,Store
O205213,2025-03-05,C1129,P013,4,14.96,0.0,Store
O204096,2025-03-05,C1299,P022,2,2.77,0.0,Phone
O200849,2025-03-05,C1354,P007,3,14.09,0.0,Store
O205621,2025-03-05,C1240,P026,2,8.52,0.0,Store
O201074,2025-03-05,C1361,P002,4,26.87,0.0,Web
O203039,2025-03-05,C1197,P006,2,30.41,0.0,Store
O201781,2025-03-05,C1380,P029,4,22.03,0.0,Web
O205791,2025-03-05,C1089,P013,2,14.96,0.05,Web
O203262,2025-03-05,C1103,P001,2,9.71,0.0,Phone
O200449,2025-03-06,C1347,P024,5,43.21,0.0,Web
O203707,2025-03-06,C1170,P020,1,7.45,0.0,Web
O205534,2025-03-06,C1365,P015,4,18.64,0.0,Phone
O203091,2025-03-06,C1367,P019,1,5.6,0.0,Web
O204659,2025-03-06,C1222,P014,5,40.41,0.05,Store
O200096,2025-03-06,C1149,P015,3,18.64,0.05,Web
O201026,2025-03-06,C1292,P015,1,18.64,0.0,Web
O201991,2025-03-06,C1254,P013,4,14.96,0.0,Store
O203988,2025-03-06,C1278,P017,2,39.66,0.05,Web
O204583,2025-03-06,C1099,P017,4,39.66,0.0,Store
O203747,2025-03-07,C1313,P020,36,7.45,0.15,Store
O200031,2025-03-07,C1152,P004,20,20.17,0.15,Web
O203361,2025-03-07,C1325,P030,2,27.27,0.0,Phone
O205031,2025-03-07,C1371,P028,3,5.26,0.05,Store
O205588,2025-03-07,C1054,P020,1,7.45,0.05,Store
O204721,2025-03-07,C1390,P006,19,30.41,0.15,Store
O203536,2025-03-07,C1251,P019,1,5.6,0.0,Phone
O205933,2025-03-07,C1086,P009,2,21.66,0.0,Web
O203075,2025-03-07,C1254,P014,2,40.41,0.0,Store
O201765,2025-03-07,C1041,P012,2,32.76,0.0,Web
O203197,2025-03-07,C1134,P016,5,23.47,0.0,Web
O205284,2025-03-07,C1222,P018,4,30.77,0.0,Store
O202902,2025-03-08,C1290,P006,2,30.41,0.0,Phone
O203710,2025-03-08,C1365,P002,3,26.87,0.0,Store
O200247,2025-03-08,C1042,P010,5,40.84,0.0,Store
O201322,2025-03-08,C1245,P009,5,21.66,0.05,Web
O202341,2025-03-08,C1124,P002,59,26.87,0.15,Store
O203307,2025-03-08,C1245,P009,5,21.66,0.05,Store
O201384,2025-03-08,C1086,P028,3,5.26,0.0,Store
O204234,2025-03-08,C1226,P029,52,22.03,0.15,Phone
O202118,2025-03-08,C1240,P016,5,23.47,0.0,Store
O204151,2025-03-08,C1059,P020,5,7.45,0.05,Store
O202188,2025-03-08,C1064,P027,2,10.78,0.0,Phone
O204593,2025-03-08,C1271,P003,4,19.87,0.0,Web
O203022,2025-03-08,C1360,P008,1,18.86,0.0,Store
O200037,2025-03-08,C1157,P010,3,40.84,0.0,Web
O202950,2025-03-08,C1009,P022,4,2.77,0.0,Store
O200800,2025-03-08,C1239,P014,5,40.41,0.0,Web
O202451,2025-03-09,C1253,P022,2,2.77,0.0,Web
O202621,2025-03-09,C1157,P030,2,27.27,0.05,Store
O203196,2025-03-09,C1025,P023,2,14.59,0.0,Web
O201481,2025-03-09,C1002,P024,1,43.21,0.0,Web
O201726,2025-03-09,C1107,P016,43,23.47,0.15,Phone
O203853,2025-03-09,C1094,P015,1,18.64,0.0,Web
O201190,2025-03-09,C1245,P030,4,27.27,0.0,Store
O204843,2025-03-09,C1358,P007,2,14.09,0.0,Store
O201315,2025-03-09,C1079,P028,2,5.26,0.0,Store
O200338,2025-03-09,C1345,P030,3,27.27,0.0,Web
O205984,2025-03-09,C1129,P017,3,39.66,0.0,Store
O205507,2025-03-09,C1206,P023,4,14.59,0.0,Web
O205807,2025-03-09,C1024,P025,5,2.16,0.0,Phone
O201743,2025-03-09,C1170,P029,3,22.03,0.0,Store
O204068,2025-03-09,C1256,P016,3,23.47,0.05,Store
O200834,2025-03-09,C1245,P027,2,10.78,0.05,Store
O202924,2025-03-09,C1273,P001,4,9.71,0.0,Web
O202727,2025-03-09,C1341,P020,4,7.45,0.0,Store
O200063,2025-03-09,C1226,P009,20,21.66,0.15,Web
O203662,2025-03-09,C1344,P022,3,2.77,0.0,Web
O205204,2025-03-10,C1312,P007,3,14.09,0.0,Store
O204130,2025-03-10,C1306,P007,5,14.09,0.0,Store
O205551,2025-03-10,C1046,P011,3,12.22,0.0,Store
O203057,2025-03-10,C1278,P023,5,14.59,0.0,Web
O203274,2025-03-10,C1243,P026,50,8.52,0.15,Phone
O202744,2025-03-10,C1030,P015,2,18.64,0.0,Store
O201359,2025-03-10,C1165,P021,4,44.6,0.0,Store
O202707,2025-03-10,C1245,P005,5,10.44,0.0,Web
O200862,2025-03-10,C1102,P029,4,22.03,0.0,Web
O203188,2025-03-10,C1316,P009,4,21.66,0.0,Web
O202440,2025-03-10,C1330,P024,3,43.21,0.0,Store
O204607,2025-03-10,C1327,P013,5,14.96,0.0,Web
O202241,2025-03-10,C1359,P005,37,10.44,0.15,Web
O200500,2025-03-10,C1210,P015,2,18.64,0.0,Web
O200526,2025-03-10,C1166,P027,3,10.78,0.0,Store
O205744,2025-03-11,C1245,P012,2,32.76,0.0,Store
O204082,2025-03-11,C1281,P004,2,20.17,0.0,Phone
O200054,2025-03-11,C1129,P030,5,27.27,0.0,Web
O205026,2025-03-11,C1310,P019,3,5.6,0.0,Web
O201510,2025-03-11,C1310,P009,4,21.66,0.0,Store
O205371,2025-03-11,C1367,P026,3,8.52,0.0,Web
O203541,2025-03-11,C1013,P010,4,40.84,0.0,Web
O201099,2025-03-11,C1184,P020,3,7.45,0.0,Web
O203065,2025-03-11,C1176,P021,2,44.6,0.0,Web
O200171,2025-03-11,C1298,P009,4,21.66,0.05,Web
O201018,2025-03-11,C1213,P011,59,12.22,0.15,Store
O203105,2025-03-11,C1224,P004,50,20.17,0.15,Phone
O205681,2025-03-11,C1170,P017,4,39.66,0.05,Phone
O203387,2025-03-11,C1383,P013,2,14.96,0.0,Store
O205171,2025-03-11,C1017,P022,3,2.77,0.0,Web
O202007,2025-03-11,C1091,P013,4,14.96,0.0,Web
O200354,2025-03-11,C1043,P024,4,43.21,0.0,Web
O202856,2025-03-11,C1239,P027,3,10.78,0.0,Web
O205630,2025-03-11,C1158,P021,4,44.6,0.0,Web
O204736,2025-03-11,C1249,P014,4,40.41,0.0,Web
O200326,2025-03-12,C1389,P024,4,43.21,0.0,Web
O202281,2025-03-12,C1215,P027,5,10.78,0.0,Web
O203028,2025-03-12,C1103,P026,5,8.52,0.0,Web
O201846,2025-03-12,C1273,P011,4,12.22,0.0,Web
O200425,2025-03-12,C1159,P028,5,5.26,0.0,Store
O202362,2025-03-12,C1013,P030,5,27.27,0.05,Store
O202024,2025-03-12,C1041,P018,1,30.77,0.0,Web
O201814,2025-03-12,C1367,P021,5,44.6,0.0,Web
O200722,2025-03-12,C1382,P021,1,44.6,0.0,Web
O203748,2025-03-12,C1198,P004,4,20.17,0.0,Web
O201001,2025-03-12,C1036,P019,3,5.6,0.0,Phone
O200219,2025-03-12,C1193,P022,5,2.77,0.0,Store
O203997,2025-03-12,C1145,P028,4,5.26,0.0,Web
O204916,2025-03-12,C1079,P017,5,39.66,0.0,Web
O202841,2025-03-12,C1347,P030,2,27.27,0.0,Web
O201273,2025-03-12,C1267,P011,2,12.22,0.0,Web
O202592,2025-03-12,C1110,P007,5,14.09,0.05,Web
O204668,2025-03-12,C1376,P007,5,14.09,0.05,Phone
O202890,2025-03-12,C1240,P024,1,43.21,0.0,Store
O204837,2025-03-12,C1254,P004,2,20.17,0.0,Phone
O200349,2025-03-12,C1312,P021,2,44.6,0.0,Web
O201780,2025-03-12,C1143,P004,3,20.17,0.0,Web
O204482,2025-03-12,C1064,P012,5,32.76,0.0,Store
O203043,2025-03-12,C1039,P019,4,5.6,0.0,Web
O205212,2025-03-12,C1245,P018,2,30.77,0.0,Store
O203689,2025-03-13,C1166,P016,2,23.47,0.05,Web
O201487,2025-03-13,C1327,P009,1,21.66,0.0,Web
O201413,2025-03-13,C1060,P026,56,8.52,0.15,Store
O201412,2025-03-13,C1095,P010,4,40.84,0.0,Web
O201910,2025-03-13,C1332,P029,4,22.03,0.0,Web
O200666,2025-03-13,C1173,P012,5,32.76,0.0,Web
O205762,2025-03-13,C1030,P002,1,26.87,0.0,Store
O200319,2025-03-13,C1226,P018,10,30.77,0.15,Web
O201029,2025-03-13,C1397,P012,3,32.76,0.0,Store
O203974,2025-03-13,C1254,P001,1,9.71,0.0,Store
O204165,2025-03-13,C1159,P026,4,8.52,0.0,Store
O201738,2025-03-13,C1139,P023,5,14.59,0.0,Web
O200957,2025-03-13,C1348,P009,1,21.66,0.05,Phone
O202508,2025-03-13,C1188,P002,4,26.87,0.0,Store
O200052,2025-03-13,C1205,P024,4,43.21,0.0,Web
O205520,2025-03-13,C1116,P028,1,5.26,0.05,Web
O204558,2025-03-13,C1319,P010,4,40.84,0.05,Web
O200400,2025-03-13,C1212,P025,1,2.16,0.0,Store
O203755,2025-03-13,C1199,P004,5,20.17,0.0,Store
O203173,2025-03-14,C1123,P018,5,30.77,0.05,Web
O203032,2025-03-14,C1103,P014,2,40.41,0.0,Phone
O205302,2025-03-14,C1101,P020,36,7.45,0.15,Store
O202003,2025-03-14,C1081,P003,3,19.87,0.0,Web
O204550,2025-03-14,C1394,P011,4,12.22,0.0,Store
O201874,2025-03-14,C1201,P014,47,40.41,0.15,Store
O202554,2025-03-14,C1340,P018,5,30.77,0.0,Store
O204971,2025-03-14,C1292,P025,5,2.16,0.0,Web
O203949,2025-03-14,C1087,P013,3,14.96,0.0,Web
O201377,2025-03-14,C1131,P013,1,14.96,0.0,Store
O204520,2025-03-14,C1273,P021,4,44.6,0.0,Web
O205246,2025-03-14,C1318,P014,1,40.41,0.0,Web
O200977,2025-03-15,C1048,P008,1,18.86,0.0,Store
O202875,2025-03-15,C1134,P024,5,43.21,0.0,Web
O205745,2025-03-15,C1159,P020,2,7.45,0.0,Store
O205865,2025-03-15,C1281,P011,2,12.22,0.0,Store
O202736,2025-03-15,C1254,P026,5,8.52,0.0,Store
O204235,2025-03-15,C1142,P024,1,43.21,0.0,Store
O205472,2025-03-15,C1389,P008,3,18.86,0.0,Web
O203290,2025-03-15,C1066,P017,3,39.66,0.0,Store
O204102,2025-03-15,C1106,P022,3,2.77,0.05,Store
O205525,2025-03-15,C1334,P030,1,27.27,0.05,Web
O201285,2025-03-15,C1253,P006,3,30.41,0.05,Web
O205542,2025-03-15,C1213,P001,40,9.71,0.15,Web
O201261,2025-03-15,C1254,P028,2,5.26,0.05,Web
O203455,2025-03-15,C1115,P001,3,9.71,0.0,Web
O205399,2025-03-16,C1361,P012,3,32.76,0.0,Store
O200386,2025-03-16,C1206,P028,5,5.26,0.0,Web
O204447,2025-03-16,C1273,P002,1,26.87,0.0,Web
O201998,2025-03-16,C1166,P004,4,20.17,0.0,Store
O204963,2025-03-16,C1358,P025,5,2.16,0.0,Store
O203967,2025-03-16,C1043,P021,3,44.6,0.0,Web
O205415,2025-03-16,C1096,P015,4,18.64,0.0,Web
O202947,2025-03-16,C1138,P007,5,14.09,0.0,Store
O202954,2025-03-16,C1156,P018,5,30.77,0.05,Web
O201327,2025-03-16,C1246,P027,3,10.78,0.0,Store
O200855,2025-03-16,C1306,P021,1,44.6,0.0,Phone
O200101,2025-03-16,C1310,P011,3,12.22,0.0,Store
O205480,2025-03-16,C1264,P026,4,8.52,0.05,Store
O200318,2025-03-16,C1349,P023,4,14.59,0.0,Store
O204895,2025-03-16,C1357,P005,2,10.44,0.0,Phone
O200778,2025-03-16,C1294,P014,41,40.41,0.15,Store
O204056,2025-03-16,C1117,P020,2,7.45,0.0,Store
O203763,2025-03-16,C1185,P015,3,18.64,0.0,Web
O203408,2025-03-16,C1209,P030,1,27.27,0.05,Store
O200470,2025-03-16,C1338,P004,3,20.17,0.05,Web
O202761,2025-03-17,C1110,P026,3,8.52,0.0,Web
O205876,2025-03-17,C1208,P005,2,10.44,0.0,Web
O200818,2025-03-17,C1049,P024,4,43.21,0.0,Web
O205943,2025-03-17,C1314,P024,4,43.21,0.0,Store
O202252,2025-03-17,C1105,P022,1,2.77,0.0,Web
O202720,2025-03-17,C1096,P024,4,43.21,0.0,Store
O201218,2025-03-17,C1358,P010,3,40.84,0.0,Store
O200859,2025-03-17,C1196,P011,2,12.22,0.0,Phone
O203266,2025-03-17,C1103,P016,3,23.47,0.0,Web
O202733,2025-03-17,C1167,P006,55,30.41,0.15,Store
O205236,2025-03-17,C1111,P005,5,10.44,0.0,Web
O200450,2025-03-17,C1360,P008,4,18.86,0.0,Store
O201661,2025-03-17,C1043,P024,5,43.21,0.0,Web
O205479,2025-03-17,C1129,P007,3,14.09,0.05,Store
O200467,2025-03-17,C1009,P006,1,30.41,0.0,Web
O200965,2025-03-17,C1204,P011,4,12.22,0.0,Phone
O202874,2025-03-17,C1310,P020,1,7.45,0.0,Store
O203910,2025-03-17,C1030,P021,1,44.6,0.05,Web
O205501,2025-03-17,C1043,P009,4,21.66,0.0,Web
O205941,2025-03-17,C1338,P019,4,5.6,0.0,Store
O204840,2025-03-17,C1327,P003,5,19.87,0.0,Web
O204961,2025-03-17,C1246,P025,1,2.16,0.0,Store
O204324,2025-03-17,C1364,P001,28,9.71,0.15,Store
O200554,2025-03-18,C1357,P014,1,40.41,0.0,Phone
O202076,2025-03-18,C1370,P019,5,5.6,0.0,Phone
O203982,2025-03-18,C1016,P027,3,10.78,0.0,Web
O204611,2025-03-18,C1096,P009,5,21.66,0.0,Store
O201170,2025-03-18,C1371,P024,4,43.21,0.0,Web
O205735,2025-03-18,C1111,P026,1,8.52,0.0,Web
O201441,2025-03-18,C1210,P002,5,26.87,0.0,Store
O203136,2025-03-18,C1385,P004,3,20.17,0.0,Store
O200211,2025-03-18,C1142,P009,3,21.66,0.0,Store
O201513,2025-03-18,C1364,P002,11,26.87,0.15,Store
O202605,2025-03-18,C1102,P018,3,30.77,0.05,Store
O203056,2025-03-18,C1199,P026,1,8.52,0.05,Web
O203519,2025-03-19,C1222,P029,3,22.03,0.05,Web
O205040,2025-03-19,C1122,P022,3,2.77,0.0,Web
O202553,2025-03-19,C1186,P009,1,21.66,0.05,Store
O200422,2025-03-19,C1360,P029,5,22.03,0.0,Store
O202016,2025-03-19,C1278,P008,2,18.86,0.0,Web
O204610,2025-03-19,C1224,P008,22,18.86,0.15,Web
O204870,2025-03-19,C1159,P008,4,18.86,0.05,Store
O204606,2025-03-19,C1361,P026,4,8.52,0.0,Web
O200631,2025-03-19,C1243,P008,49,18.86,0.15,Phone
O202757,2025-03-19,C1175,P007,2,14.09,0.05,Store
O203175,2025-03-19,C1084,P006,1,30.41,0.0,Web
O200984,2025-03-19,C1171,P028,37,5.26,0.15,Web
O205477,2025-03-19,C1394,P021,4,44.6,0.0,Store
O200138,2025-03-19,C1288,P025,24,2.16,0.15,Store
O201279,2025-03-19,C1361,P025,3,2.16,0.0,Store
O203767,2025-03-19,C1320,P008,4,18.86,0.0,Web
O203580,2025-03-19,C1330,P014,4,40.41,0.0,Web
O201882,2025-03-19,C1058,P005,5,10.44,0.0,Web
O200298,2025-03-19,C1215,P002,1,26.87,0.0,Store
O200497,2025-03-20,C1111,P018,5,30.77,0.05,Web
O202186,2025-03-20,C1079,P027,4,10.78,0.05,Store
O201419,2025-03-20,C1365,P011,5,12.22,0.0,Store
O203314,2025-03-20,C1319,P016,4,23.47,0.0,Web
O200420,2025-03-20,C1254,P027,3,10.78,0.0,Store
O203214,2025-03-20,C1156,P008,5,18.86,0.05,Phone
O200506,2025-03-20,C1068,P004,1,20.17,0.0,Web
O201791,2025-03-20,C1129,P013,4,14.96,0.05,Web
O200440,2025-03-20,C1318,P027,2,10.78,0.0,Phone
O205404,2025-03-20,C1293,P008,26,18.86,0.15,Web
O205484,2025-03-21,C1246,P021,5,44.6,0.0,Store
O202615,2025-03-21,C1165,P030,5,27.27,0.0,Store
O200023,2025-03-21,C1302,P005,5,10.44,0.0,Web
O201546,2025-03-21,C1313,P016,37,23.47,0.15,Store
O202095,2025-03-21,C1222,P008,3,18.86,0.0,Store
O203491,2025-03-21,C1157,P023,3,14.59,0.05,Store
O203303,2025-03-21,C1030,P014,2,40.41,0.0,Web
O204025,2025-03-21,C1382,P017,4,39.66,0.0,Store
O203651,2025-03-21,C1103,P006,1,30.41,0.0,Store
O200409,2025-03-21,C1076,P013,1,14.96,0.05,Web
O205759,2025-03-21,C1127,P004,4,20.17,0.0,Web
O200772,2025-03-21,C1281,P012,2,32.76,0.0,Web
O205850,2025-03-21,C1150,P006,2,30.41,0.0,Store
O204076,2025-03-21,C1101,P025,29,2.16,0.15,Store
O202728,2025-03-21,C1352,P014,2,40.41,0.0,Web
O205264,2025-03-21,C1222,P019,1,5.6,0.05,Web
O202746,2025-03-21,C1081,P026,2,8.52,0.0,Web
O203537,2025-03-21,C1002,P017,4,39.66,0.05,Web
O201761,2025-03-21,C1355,P012,4,32.76,0.0,Store
O202766,2025-03-21,C1118,P012,2,32.76,0.0,Store
O202629,2025-03-22,C1200,P027,1,10.78,0.0,Web
O204633,2025-03-22,C1024,P017,4,39.66,0.0,Store
O200214,2025-03-22,C1131,P006,1,30.41,0.0,Store
O201129,2025-03-22,C1380,P025,2,2.16,0.0,Store
O205185,2025-03-22,C1063,P014,5,40.41,0.0,Web
O203670,2025-03-22,C1076,P029,5,22.03,0.0,Web
O205445,2025-03-22,C1170,P024,1,43.21,0.0,Web
O203341,2025-03-23,C1027,P009,3,21.66,0.05,Web
O201701,2025-03-23,C1226,P024,51,43.21,0.15,Store
O203071,2025-03-23,C1215,P029,2,22.03,0.05,Phone
O202284,2025-03-23,C1101,P027,43,10.78,0.15,Web
O202572,2025-03-23,C1226,P029,39,22.03,0.15,Store
O205684,2025-03-23,C1070,P003,24,19.87,0.15,Phone
O202772,2025-03-23,C1041,P016,3,23.47,0.0,Web
O202832,2025-03-23,C1312,P011,5,12.22,0.0,Store
O204094,2025-03-23,C1104,P020,2,7.45,0.0,Web
O205255,2025-03-23,C1279,P018,3,30.77,0.0,Web
O201313,2025-03-23,C1001,P016,4,23.47,0.0,Web
O200596,2025-03-23,C1245,P029,5,22.03,0.0,Store
O203596,2025-03-23,C1298,P029,4,22.03,0.0,Web
O205158,2025-03-23,C1188,P005,4,10.44,0.0,Store
O205657,2025-03-23,C1103,P025,1,2.16,0.0,Store
O203529,2025-03-23,C1026,P023,2,14.59,0.0,Store
O203881,2025-03-23,C1266,P018,1,30.77,0.05,Web
O200976,2025-03-23,C1310,P001,1,9.71,0.0,Store
O201196,2025-03-23,C1392,P023,56,14.59,0.15,Store
O200514,2025-03-23,C1216,P010,4,40.84,0.0,Web
O205049,2025-03-24,C1255,P020,1,7.45,0.0,Store
O204863,2025-03-24,C1124,P014,31,40.41,0.15,Store
O205349,2025-03-24,C1224,P016,31,23.47,0.15,Store
O205220,2025-03-24,C1327,P020,1,7.45,0.05,Web
O200459,2025-03-24,C1371,P012,2,32.76,0.0,Web
O203587,2025-03-24,C1133,P024,2,43.21,0.0,Store
O203977,2025-03-24,C1149,P002,2,26.87,0.0,Web
O203943,2025-03-24,C1316,P007,4,14.09,0.0,Web
O203595,2025-03-24,C1154,P014,22,40.41,0.15,Store
O205098,2025-03-24,C1131,P010,5,40.84,0.0,Store
O200407,2025-03-24,C1125,P029,3,22.03,0.0,Store
O202162,2025-03-24,C1228,P020,2,7.45,0.0,Web
O203435,2025-03-24,C1106,P022,2,2.77,0.0,Store
O203020,2025-03-25,C1079,P028,4,5.26,0.0,Store
O205042,2025-03-25,C1379,P016,2,23.47,0.0,Web
O201813,2025-03-25,C1041,P005,5,10.44,0.05,Web
O203261,2025-03-25,C1278,P019,3,5.6,0.0,Web
O203649,2025-03-25,C1298,P021,3,44.6,0.0,Web
O204898,2025-03-25,C1322,P025,33,2.16,0.15,Web
O203961,2025-03-25,C1204,P024,3,43.21,0.0,Web
O203330,2025-03-25,C1198,P026,3,8.52,0.0,Web
O200080,2025-03-25,C1046,P014,1,40.41,0.0,Store
O200941,2025-03-25,C1104,P022,3,2.77,0.0,Web
O202726,2025-03-25,C1178,P025,25,2.16,0.15,Web
O202821,2025-03-25,C1137,P013,1,14.96,0.0,Store
O203449,2025-03-25,C1102,P001,4,9.71,0.0,Store
O204778,2025-03-26,C1314,P001,3,9.71,0.0,Web
O202677,2025-03-26,C1380,P018,5,30.77,0.05,Store
O200156,2025-03-26,C1364,P024,35,43.21,0.15,Store
O203444,2025-03-26,C1107,P004,43,20.17,0.15,Store
O204255,2025-03-26,C1129,P024,5,43.21,0.0,Phone
O203484,2025-03-26,C1332,P002,3,26.87,0.0,Web
O203878,2025-03-26,C1337,P011,2,12.22,0.0,Store
O204866,2025-03-26,C1226,P027,56,10.78,0.15,Web
O202809,2025-03-26,C1337,P027,4,10.78,0.0,Phone
O201396,2025-03-26,C1081,P010,5,40.84,0.0,Web
O203556,2025-03-26,C1123,P013,4,14.96,0.0,Phone
O204769,2025-03-27,C1251,P006,5,30.41,0.0,Store
O201255,2025-03-27,C1062,P015,22,18.64,0.15,Phone
O202673,2025-03-27,C1383,P022,3,2.77,0.0,Store
O201576,2025-03-27,C1296,P003,5,19.87,0.0,Web
O203513,2025-03-27,C1318,P006,4,30.41,0.0,Store
O200003,2025-03-27,C1126,P015,4,18.64,0.0,Store
O203320,2025-03-27,C1389,P023,3,14.59,0.0,Web
O202956,2025-03-27,C1183,P020,1,7.45,0.0,Phone
O205911,2025-03-27,C1150,P007,3,14.09,0.0,Store
O203138,2025-03-27,C1347,P002,3,26.87,0.0,Web
O201803,2025-03-27,C1049,P030,2,27.27,0.0,Web
O204612,2025-03-27,C1215,P006,5,30.41,0.0,Store
O203253,2025-03-27,C1083,P025,1,2.16,0.05,Store
O201897,2025-03-27,C1129,P028,1,5.26,0.0,Web
O203007,2025-03-27,C1079,P021,3,44.6,0.0,Web
O205408,2025-03-27,C1187,P006,3,30.41,0.0,Store
O205587,2025-03-28,C1036,P028,3,5.26,0.0,Phone
O200624,2025-03-28,C1345,P022,4,2.77,0.0,Web
O200107,2025-03-28,C1096,P020,3,7.45,0.0,Store
O202831,2025-03-28,C1298,P024,1,43.21,0.0,Web
O200188,2025-03-28,C1212,P027,3,10.78,0.0,Phone
O200402,2025-03-28,C1389,P005,3,10.44,0.0,Web
O203417,2025-03-28,C1211,P003,1,19.87,0.05,Store
O202826,2025-03-28,C1069,P010,5,40.84,0.05,Store
O202158,2025-03-28,C1126,P028,2,5.26,0.0,Web
O202464,2025-03-28,C1090,P008,2,18.86,0.0,Web
O205835,2025-03-28,C1382,P029,4,22.03,0.0,Web
O200448,2025-03-29,C1124,P028,54,5.26,0.15,Phone
O204618,2025-03-29,C1367,P012,2,32.76,0.0,Web
O201260,2025-03-29,C1069,P002,5,26.87,0.0,Store
O203569,2025-03-29,C1226,P026,25,8.52,0.15,Store
O202209,2025-03-29,C1253,P005,1,10.44,0.0,Store
O202696,2025-03-29,C1103,P009,4,21.66,0.0,Store
O205895,2025-03-29,C1002,P010,1,40.84,0.0,Web
O204960,2025-03-29,C1124,P030,29,27.27,0.15,Web
O203271,2025-03-29,C1188,P001,4,9.71,0.05,Store
O202220,2025-03-29,C1157,P011,4,12.22,0.0,Store
O201319,2025-03-29,C1304,P030,30,27.27,0.15,Store
O201659,2025-03-29,C1160,P016,3,23.47,0.0,Store
O200586,2025-03-29,C1103,P002,3,26.87,0.0,Web
O205025,2025-03-29,C1104,P022,3,2.77,0.0,Web
O204845,2025-03-29,C1264,P029,2,22.03,0.0,Web
O203141,2025-03-29,C1084,P019,4,5.6,0.0,Web
O202392,2025-03-30,C1102,P001,4,9.71,0.0,Store
O201864,2025-03-30,C1226,P008,30,18.86,0.15,Web
O203732,2025-03-30,C1156,P004,2,20.17,0.0,Phone
O201640,2025-03-30,C1376,P023,4,14.59,0.05,Store
O204107,2025-03-30,C1367,P013,5,14.96,0.05,Web
O200519,2025-03-30,C1320,P028,4,5.26,0.0,Web
O205970,2025-03-30,C1007,P010,3,40.84,0.0,Web
O200959,2025-03-30,C1098,P022,3,2.77,0.0,Web
O202987,2025-03-30,C1066,P029,1,22.03,0.0,Web
O205561,2025-03-30,C1239,P010,3,40.84,0.0,Web
O203547,2025-03-30,C1086,P026,2,8.52,0.05,Store
O203771,2025-03-30,C1123,P024,5,43.21,0.0,Store
O203008,2025-03-30,C1081,P016,3,23.47,0.0,Web
O203050,2025-03-30,C1281,P013,5,14.96,0.0,Store
O203652,2025-03-30,C1245,P002,3,26.87,0.05,Web
O203078,2025-03-30,C1049,P018,4,30.77,0.05,Web
O200306,2025-03-30,C1381,P017,5,39.66,0.0,Web
O204604,2025-03-31,C1329,P009,1,21.66,0.0,Store
O201888,2025-03-31,C1076,P020,5,7.45,0.0,Web
O203861,2025-03-31,C1158,P016,4,23.47,0.0,Store
O204757,2025-03-31,C1015,P001,1,9.71,0.0,Web
O201181,2025-03-31,C1215,P027,4,10.78,0.0,Store
O202435,2025-03-31,C1365,P029,1,22.03,0.0,Store
O200416,2025-03-31,C1313,P025,52,2.16,0.15,Store
O202851,2025-03-31,C1318,P011,3,12.22,0.0,Store
O203985,2025-03-31,C1103,P019,2,5.6,0.0,Store
O202998,2025-03-31,C1186,P014,3,40.41,0.0,Store
O204200,2025-03-31,C1104,P026,1,8.52,0.0,Web
O200670,2025-03-31,C1027,P019,3,5.6,0.0,Web
O200454,2025-03-31,C1147,P019,4,5.6,0.0,Store
O202021,2025-03-31,C1094,P026,2,8.52,0.0,Web
O203648,2025-03-31,C1262,P015,3,18.64,0.0,Phone
O205117,2025-03-31,C1062,P030,14,27.27,0.15,Phone
O200895,2025-03-31,C1327,P025,2,2.16,0.0,Web
O201387,2025-03-31,C1098,P009,4,21.66,0.05,Store
O204098,2025-04-01,C1196,P024,2,43.21,0.0,Store
O201340,2025-04-01,C1226,P030,49,27.27,0.15,Web
O204054,2025-04-01,C1226,P005,50,10.44,0.15,Store
O204038,2025-04-01,C1065,P024,3,43.21,0.0,Store
O200177,2025-04-01,C1204,P025,3,2.16,0.0,Store
O203727,2025-04-01,C1090,P023,2,14.59,0.0,Phone
O204697,2025-04-01,C1398,P011,5,12.22,0.0,Web
O204468,2025-04-01,C1127,P029,2,22.03,0.0,Store
O204862,2025-04-01,C1306,P029,4,22.03,0.0,Web
O205492,2025-04-01,C1084,P014,4,40.41,0.0,Web
O204572,2025-04-01,C1222,P028,4,5.26,0.0,Web
O200515,2025-04-01,C1264,P001,5,9.71,0.0,Web
O204839,2025-04-01,C1079,P016,1,23.47,0.0,Store
O204240,2025-04-01,C1068,P007,3,14.09,0.05,Web
O205326,2025-04-01,C1034,P025,55,2.16,0.15,Web
O201700,2025-04-02,C1389,P004,4,20.17,0.0,Web
O200075,2025-04-02,C1224,P011,42,12.22,0.15,Web
O202584,2025-04-02,C1107,P012,52,32.76,0.15,Phone
O204349,2025-04-02,C1348,P016,5,23.47,0.0,Web
O200809,2025-04-02,C1334,P019,4,5.6,0.0,Web
O204007,2025-04-02,C1188,P006,1,30.41,0.0,Phone
O205867,2025-04-02,C1036,P014,2,40.41,0.0,Store
O202682,2025-04-02,C1041,P026,4,8.52,0.0,Web
O200077,2025-04-02,C1272,P004,2,20.17,0.0,Store
O200370,2025-04-02,C1124,P027,33,10.78,0.15,Store
O204422,2025-04-02,C1124,P023,52,14.59,0.15,Store
O205703,2025-04-02,C1381,P017,5,39.66,0.0,Store
O203742,2025-04-02,C1281,P026,4,8.52,0.0,Web
O202357,2025-04-02,C1166,P015,1,18.64,0.05,Web
O205596,2025-04-02,C1129,P018,3,30.77,0.0,Store
O205966,2025-04-02,C1397,P016,3,23.47,0.0,Store
O202372,2025-04-02,C1086,P015,2,18.64,0.0,Web
O200401,2025-04-03,C1084,P011,1,12.22,0.0,Web
O203207,2025-04-03,C1357,P023,1,14.59,0.0,Store
O205968,2025-04-03,C1358,P020,2,7.45,0.0,Store
O205879,2025-04-03,C1045,P030,26,27.27,0.15,Store
O203507,2025-04-03,C1307,P017,1,39.66,0.0,Store
O204591,2025-04-03,C1281,P004,2,20.17,0.0,Store
O201941,2025-04-03,C1332,P022,5,2.77,0.0,Web
O204050,2025-04-03,C1150,P028,2,5.26,0.05,Store
O205716,2025-04-03,C1122,P012,1,32.76,0.0,Web
O203512,2025-04-03,C1049,P013,2,14.96,0.0,Web
O203193,2025-04-03,C1045,P022,11,2.77,0.15,Web
O200491,2025-04-03,C1152,P011,29,12.22,0.15,Web
O204528,2025-04-03,C1251,P022,3,2.77,0.05,Store
O203391,2025-04-03,C1246,P028,1,5.26,0.0,Web
O200494,2025-04-03,C1185,P006,1,30.41,0.0,Web
O205861,2025-04-04,C1203,P006,5,30.41,0.05,Store
O204516,2025-04-04,C1333,P016,4,23.47,0.0,Web
O204772,2025-04-04,C1230,P014,1,40.41,0.05,Store
O204484,2025-04-04,C1273,P028,3,5.26,0.0,Web
O200955,2025-04-04,C1327,P023,4,14.59,0.0,Web
O203802,2025-04-04,C1076,P022,3,2.77,0.0,Web
O202238,2025-04-04,C1340,P003,5,19.87,0.0,Store
O201317,2025-04-04,C1208,P026,3,8.52,0.0,Web
O201372,2025-04-04,C1239,P001,2,9.71,0.0,Web
O201068,2025-04-04,C1245,P010,4,40.84,0.0,Store
O202750,2025-04-04,C1150,P009,5,21.66,0.05,Store
O205104,2025-04-04,C1288,P021,14,44.6,0.15,Store
O205201,2025-04-04,C1145,P027,3,10.78,0.05,Web
O200692,2025-04-05,C1165,P026,2,8.52,0.0,Phone
O204827,2025-04-05,C1346,P003,2,19.87,0.0,Web
O204011,2025-04-05,C1212,P011,1,12.22,0.0,Web
O204966,2025-04-05,C1027,P018,4,30.77,0.0,Web
O200570,2025-04-05,C1327,P007,2,14.09,0.0,Web
O201097,2025-04-05,C1159,P030,5,27.27,0.0,Store
O203592,2025-04-05,C1007,P014,5,40.41,0.0,Web
O201046,2025-04-05,C1212,P002,3,26.87,0.05,Phone
O201989,2025-04-05,C1068,P009,1,21.66,0.0,Web
O204887,2025-04-05,C1245,P005,1,10.44,0.0,Store
O203433,2025-04-05,C1188,P024,5,43.21,0.0,Store
O201734,2025-04-05,C1092,P002,5,26.87,0.0,Web
O204073,2025-04-05,C1253,P016,1,23.47,0.0,Store
O205699,2025-04-05,C1144,P029,2,22.03,0.0,Web
O204578,2025-04-06,C1314,P030,3,27.27,0.0,Store
O200429,2025-04-06,C1012,P030,5,27.27,0.05,Store
O201915,2025-04-06,C1072,P007,2,14.09,0.0,Web
O201493,2025-04-06,C1298,P028,3,5.26,0.0,Web
O205357,2025-04-06,C1242,P003,1,19.87,0.05,Store
O204864,2025-04-06,C1332,P001,1,9.71,0.0,Web
O205088,2025-04-06,C1166,P005,3,10.44,0.0,Store
O205638,2025-04-06,C1298,P013,3,14.96,0.0,Web
O200796,2025-04-06,C1278,P028,5,5.26,0.0,Web
O202143,2025-04-06,C1226,P009,56,21.66,0.15,Store
O202013,2025-04-06,C1103,P008,1,18.86,0.0,Store
O202455,2025-04-06,C1332,P015,4,18.64,0.0,Web
O201066,2025-04-06,C1007,P003,5,19.87,0.0,Web
O203750,2025-04-06,C1256,P002,1,26.87,0.05,Web
O204534,2025-04-06,C1187,P023,5,14.59,0.0,Store
O205568,2025-04-06,C1361,P010,1,40.84,0.05,Store
O203001,2025-04-06,C1254,P007,4,14.09,0.0,Web
O201880,2025-04-06,C1085,P003,57,19.87,0.15,Web
O205294,2025-04-07,C1182,P030,1,27.27,0.0,Web
O202914,2025-04-07,C1346,P023,1,14.59,0.0,Web
O202741,2025-04-07,C1210,P010,1,40.84,0.0,Web
O203634,2025-04-07,C1199,P027,3,10.78,0.0,Store
O203687,2025-04-07,C1104,P017,5,39.66,0.0,Web
O201595,2025-04-07,C1381,P017,2,39.66,0.0,Store
O200059,2025-04-07,C1107,P025,48,2.16,0.15,Store
O204739,2025-04-07,C1152,P021,51,44.6,0.15,Phone
O205846,2025-04-07,C1066,P016,1,23.47,0.0,Phone
O201925,2025-04-07,C1026,P024,2,43.21,0.0,Phone
O200924,2025-04-07,C1123,P008,2,18.86,0.0,Store
O204661,2025-04-07,C1111,P019,1,5.6,0.0,Web
O200844,2025-04-07,C1264,P003,2,19.87,0.0,Web
O200587,2025-04-07,C1184,P024,1,43.21,0.0,Web
O205755,2025-04-07,C1117,P012,5,32.76,0.0,Store
O201955,2025-04-08,C1047,P009,5,21.66,0.0,Store
O203456,2025-04-08,C1386,P018,1,30.77,0.0,Web
O203495,2025-04-08,C1072,P026,1,8.52,0.0,Web
O202037,2025-04-08,C1090,P011,2,12.22,0.0,Web
O204248,2025-04-08,C1220,P018,4,30.77,0.05,Web
O202460,2025-04-08,C1106,P017,5,39.66,0.0,Store
O204231,2025-04-08,C1152,P028,48,5.26,0.15,Store
O201406,2025-04-08,C1226,P007,21,14.09,0.15,Web
O202732,2025-04-09,C1261,P002,4,26.87,0.0,Web
O201567,2025-04-09,C1166,P030,4,27.27,0.0,Store
O204522,2025-04-09,C1186,P012,3,32.76,0.0,Store
O202097,2025-04-09,C1240,P016,2,23.47,0.0,Store
O205439,2025-04-09,C1227,P027,57,10.78,0.15,Web
O204647,2025-04-09,C1178,P006,18,30.41,0.15,Web
O202997,2025-04-09,C1030,P027,1,10.78,0.05,Web
O202009,2025-04-09,C1240,P021,5,44.6,0.0,Web
O203185,2025-04-09,C1239,P004,4,20.17,0.0,Web
O203235,2025-04-09,C1134,P012,3,32.76,0.0,Web
O204954,2025-04-09,C1212,P014,5,40.41,0.0,Store
O205161,2025-04-09,C1115,P015,5,18.64,0.0,Web
O203775,2025-04-09,C1383,P019,4,5.6,0.05,Web
O200960,2025-04-09,C1365,P022,2,2.77,0.0,Web
O201727,2025-04-10,C1226,P003,50,19.87,0.15,Web
O205344,2025-04-10,C1150,P009,2,21.66,0.0,Store
O201900,2025-04-10,C1139,P030,1,27.27,0.05,Web
O201223,2025-04-10,C1103,P025,5,2.16,0.0,Store
O201541,2025-04-10,C1147,P028,3,5.26,0.0,Web
O204775,2025-04-10,C1314,P022,5,2.77,0.0,Store
O205463,2025-04-10,C1278,P002,2,26.87,0.0,Web
O201049,2025-04-10,C1086,P026,1,8.52,0.0,Phone
O200263,2025-04-10,C1152,P002,31,26.87,0.15,Web
O204471,2025-04-10,C1269,P002,4,26.87,0.0,Web
O203073,2025-04-10,C1236,P023,20,14.59,0.15,Store
O201386,2025-04-10,C1219,P008,3,18.86,0.0,Web
O204423,2025-04-10,C1187,P025,2,2.16,0.0,Store
O204489,2025-04-10,C1220,P017,3,39.66,0.0,Web
O202330,2025-04-11,C1096,P011,2,12.22,0.0,Phone
O200847,2025-04-11,C1086,P007,3,14.09,0.0,Web
O205967,2025-04-11,C1129,P028,3,5.26,0.0,Store
O203268,2025-04-11,C1173,P016,5,23.47,0.05,Web
O201471,2025-04-11,C1348,P010,4,40.84,0.0,Web
O205387,2025-04-11,C1115,P026,1,8.52,0.0,Web
O205909,2025-04-11,C1359,P022,44,2.77,0.15,Store
O204126,2025-04-11,C1197,P011,4,12.22,0.05,Web
O201160,2025-04-11,C1306,P009,5,21.66,0.0,Web
O201736,2025-04-12,C1211,P030,1,27.27,0.0,Store
O201024,2025-04-12,C1212,P012,3,32.76,0.0,Store
O204688,2025-04-12,C1377,P002,5,26.87,0.0,Store
O204741,2025-04-12,C1200,P009,3,21.66,0.0,Web
O200157,2025-04-12,C1394,P012,1,32.76,0.0,Store
O205892,2025-04-12,C1196,P012,3,32.76,0.0,Store
O201892,2025-04-12,C1276,P010,2,40.84,0.0,Store
O201855,2025-04-12,C1104,P030,5,27.27,0.0,Web
O200137,2025-04-12,C1254,P006,4,30.41,0.0,Web
O202775,2025-04-12,C1037,P018,4,30.77,0.05,Web
O202072,2025-04-12,C1103,P018,4,30.77,0.0,Store
O203390,2025-04-12,C1332,P012,2,32.76,0.0,Web
O203526,2025-04-13,C1354,P029,2,22.03,0.0,Store
O203186,2025-04-13,C1186,P016,3,23.47,0.0,Web
O200738,2025-04-13,C1339,P029,3,22.03,0.0,Store
O202945,2025-04-13,C1002,P014,3,40.41,0.0,Web
O201735,2025-04-13,C1143,P030,4,27.27,0.05,Web
O205291,2025-04-13,C1103,P024,2,43.21,0.0,Web
O202581,2025-04-13,C1147,P025,1,2.16,0.0,Store
O203034,2025-04-13,C1261,P028,4,5.26,0.0,Web
O204110,2025-04-13,C1103,P003,4,19.87,0.0,Store
O200725,2025-04-13,C1192,P015,4,18.64,0.0,Web
O200502,2025-04-13,C1314,P014,5,40.41,0.0,Web
O203942,2025-04-13,C1165,P008,2,18.86,0.0,Store
O201494,2025-04-13,C1327,P028,4,5.26,0.0,Web
O202265,2025-04-13,C1038,P015,2,18.64,0.05,Web
O200183,2025-04-13,C1342,P003,16,19.87,0.15,Store
O205834,2025-04-13,C1041,P027,1,10.78,0.05,Web
O202184,2025-04-14,C1208,P022,1,2.77,0.0,Web
O202608,2025-04-14,C1084,P010,2,40.84,0.0,Web
O205392,2025-04-14,C1028,P005,10,10.44,0.15,Store
O200456,2025-04-14,C1392,P027,10,10.78,0.15,Store
O200969,2025-04-14,C1028,P026,58,8.52,0.15,Store
O202708,2025-04-14,C1227,P023,28,14.59,0.15,Store
O205140,2025-04-14,C1378,P016,4,23.47,0.0,Store
O205142,2025-04-14,C1009,P017,1,39.66,0.0,Phone
O203623,2025-04-14,C1286,P025,2,2.16,0.0,Store
O202988,2025-04-14,C1037,P021,1,44.6,0.0,Store
O201571,2025-04-14,C1170,P025,3,2.16,0.0,Web
O202996,2025-04-14,C1301,P005,1,10.44,0.05,Store
O201559,2025-04-14,C1054,P004,4,20.17,0.0,Store
O201564,2025-04-14,C1043,P016,1,23.47,0.0,Web
O203137,2025-04-14,C1240,P019,1,5.6,0.05,Store
O201240,2025-04-14,C1330,P028,5,5.26,0.0,Store
O203698,2025-04-14,C1290,P025,4,2.16,0.0,Store
O203598,2025-04-14,C1239,P011,3,12.22,0.0,Web
O203631,2025-04-14,C1122,P011,3,12.22,0.0,Web
O201889,2025-04-15,C1196,P011,4,12.22,0.0,Phone
O201887,2025-04-15,C1106,P017,4,39.66,0.0,Store
O205481,2025-04-15,C1197,P008,4,18.86,0.0,Web
O204725,2025-04-15,C1338,P021,5,44.6,0.0,Store
O203134,2025-04-15,C1196,P020,3,7.45,0.05,Web
O200701,2025-04-15,C1239,P003,1,19.87,0.05,Web
O202210,2025-04-15,C1398,P012,2,32.76,0.0,Web
O200802,2025-04-15,C1316,P015,1,18.64,0.0,Web
O201822,2025-04-15,C1089,P005,4,10.44,0.0,Phone
O205691,2025-04-15,C1215,P018,5,30.77,0.0,Store
O201125,2025-04-15,C1175,P001,5,9.71,0.05,Store
O203712,2025-04-15,C1106,P003,3,19.87,0.0,Store
O200040,2025-04-15,C1273,P008,5,18.86,0.0,Web
O202704,2025-04-15,C1357,P026,3,8.52,0.0,Store
O204894,2025-04-16,C1007,P015,1,18.64,0.0,Web
O201360,2025-04-16,C1281,P019,1,5.6,0.0,Web
O201522,2025-04-16,C1009,P004,2,20.17,0.0,Store
O200165,2025-04-16,C1054,P028,4,5.26,0.05,Store
O203811,2025-04-16,C1364,P006,55,30.41,0.15,Phone
O200962,2025-04-16,C1316,P015,4,18.64,0.0,Web
O200979,2025-04-16,C1256,P029,5,22.03,0.0,Store
O203215,2025-04-16,C1298,P022,2,2.77,0.0,Web
O201656,2025-04-16,C1076,P014,2,40.41,0.0,Web
O204400,2025-04-16,C1242,P026,5,8.52,0.0,Store
O200089,2025-04-16,C1231,P023,56,14.59,0.15,Store
O202207,2025-04-16,C1276,P029,2,22.03,0.0,Store
O204910,2025-04-16,C1064,P001,4,9.71,0.0,Web
O201784,2025-04-16,C1254,P015,3,18.64,0.0,Web
O200612,2025-04-17,C1273,P010,4,40.84,0.0,Web
O203397,2025-04-17,C1151,P017,3,39.66,0.0,Web
O200316,2025-04-17,C1200,P004,3,20.17,0.0,Web
O204715,2025-04-17,C1129,P011,4,12.22,0.0,Store
O204457,2025-04-17,C1023,P019,4,5.6,0.05,Store
O200739,2025-04-17,C1236,P018,36,30.77,0.15,Store
O201124,2025-04-17,C1340,P030,2,27.27,0.0,Web
O202034,2025-04-17,C1365,P010,4,40.84,0.0,Store
O202542,2025-04-17,C1089,P027,5,10.78,0.0,Phone
O203250,2025-04-17,C1174,P026,3,8.52,0.0,Store
O203774,2025-04-17,C1256,P022,5,2.77,0.0,Store
O201597,2025-04-17,C1110,P028,2,5.26,0.0,Web
O204275,2025-04-17,C1240,P013,2,14.96,0.05,Store
O202312,2025-04-17,C1103,P008,2,18.86,0.05,Store
O200432,2025-04-18,C1100,P021,3,44.6,0.0,Web
O201948,2025-04-18,C1187,P020,5,7.45,0.0,Store
O200423,2025-04-18,C1024,P019,4,5.6,0.0,Store
O201107,2025-04-18,C1185,P020,2,7.45,0.0,Store
O204427,2025-04-18,C9999,P009,11,21.66,0.15,Web
O203038,2025-04-18,C1310,P012,4,32.76,0.0,Web
O205693,2025-04-18,C1154,P009,25,21.66,0.15,Store
O203099,2025-04-18,C1327,P030,2,27.27,0.05,Web
O203162,2025-04-18,C1007,P012,3,32.76,0.0,Web
O200399,2025-04-18,C1307,P004,4,20.17,0.0,Web
O204287,2025-04-18,C1007,P025,2,2.16,0.0,Web
O202077,2025-04-18,C1134,P015,2,18.64,0.0,Web
O200706,2025-04-18,C1009,P030,1,27.27,0.05,Web
O201691,2025-04-18,C1389,P011,3,12.22,0.05,Web
O205218,2025-04-18,C1125,P008,1,18.86,0.0,Web
O204934,2025-04-18,C1122,P016,4,23.47,0.0,Web
O204327,2025-04-19,C1106,P011,1,12.22,0.05,Store
O205229,2025-04-19,C1184,P027,5,10.78,0.0,Web
O203889,2025-04-19,C1103,P020,5,7.45,0.0,Store
O203540,2025-04-19,C1255,P017,3,39.66,0.0,Store
O204116,2025-04-19,C1361,P027,2,10.78,0.0,Web
O203140,2025-04-19,C1254,P008,3,18.86,0.0,Web
O205707,2025-04-19,C1041,P019,1,5.6,0.0,Web
O201902,2025-04-19,C1104,P012,4,32.76,0.05,Web
O205503,2025-04-19,C1226,P005,38,10.44,0.15,Store
O204891,2025-04-19,C1145,P024,4,43.21,0.05,Web
O200751,2025-04-19,C1090,P016,1,23.47,0.0,Store
O203272,2025-04-19,C1264,P014,3,40.41,0.0,Store
O202669,2025-04-19,C1196,P006,4,30.41,0.05,Store
O201626,2025-04-19,C1147,P022,3,2.77,0.0,Web
O205701,2025-04-20,C1113,P020,3,7.45,0.05,Web
O202551,2025-04-20,C1089,P010,2,40.84,0.0,Store
O205898,2025-04-20,C1072,P013,1,14.96,0.0,Web
O202638,2025-04-20,C1152,P001,32,9.71,0.15,Web
O204793,2025-04-20,C1256,P030,1,27.27,0.05,Phone
O202382,2025-04-20,C1338,P025,1,2.16,0.0,Store
O204998,2025-04-20,C1028,P023,42,14.59,0.15,Store
O203795,2025-04-20,C1337,P002,1,26.87,0.0,Store
O204846,2025-04-20,C1104,P018,5,30.77,0.05,Web
O200030,2025-04-20,C1203,P026,1,8.52,0.0,Store
O202619,2025-04-20,C1052,P014,3,40.41,0.0,Web
O205853,2025-04-20,C1155,P011,1,12.22,0.0,Web
O201976,2025-04-20,C1210,P009,3,21.66,0.0,Web
O201363,2025-04-20,C1288,P004,33,20.17,0.15,Phone
O200492,2025-04-20,C1354,P006,5,30.41,0.0,Store
O200110,2025-04-20,C1317,P022,3,2.77,0.0,Store
O202740,2025-04-20,C1019,P001,5,9.71,0.0,Web
O201004,2025-04-20,C1219,P026,2,8.52,0.0,Web
O201442,2025-04-20,C1245,P029,1,22.03,0.0,Web
O202747,2025-04-20,C1090,P009,5,21.66,0.0,Web
O205406,2025-04-20,C1245,P020,1,7.45,0.05,Phone
O201014,2025-04-20,C1007,P006,3,30.41,0.05,Web
O205006,2025-04-20,C1099,P017,1,39.66,0.0,Store
O203159,2025-04-21,C1081,P019,4,5.6,0.0,Web
O204326,2025-04-21,C1189,P014,5,40.41,0.0,Web
O203527,2025-04-21,C1070,P003,45,19.87,0.15,Store
O201388,2025-04-21,C1045,P022,46,2.77,0.15,Store
O200036,2025-04-21,C1079,P018,1,30.77,0.05,Store
O203833,2025-04-21,C1360,P024,5,43.21,0.0,Store
O205804,2025-04-21,C1041,P014,4,40.41,0.0,Web
O202933,2025-04-21,C1365,P008,5,18.86,0.0,Store
O203384,2025-04-21,C1354,P030,2,27.27,0.05,Store
O200167,2025-04-22,C1011,P023,1,14.59,0.0,Web
O200496,2025-04-22,C1099,P009,4,21.66,0.0,Store
O201592,2025-04-22,C1046,P017,1,39.66,0.0,Store
O205732,2025-04-22,C1230,P013,2,14.96,0.0,Store
O205543,2025-04-22,C1009,P024,1,43.21,0.0,Phone
O202595,2025-04-22,C1355,P004,2,20.17,0.05,Store
O201768,2025-04-22,C1103,P022,1,2.77,0.0,Store
O201462,2025-04-22,C1316,P011,3,12.22,0.05,Web
O200702,2025-04-22,C1314,P029,1,22.03,0.05,Store
O205983,2025-04-22,C1188,P025,3,2.16,0.0,Store
O205951,2025-04-22,C1389,P006,2,30.41,0.05,Web
O202569,2025-04-22,C1022,P014,43,40.41,0.15,Web
O204119,2025-04-22,C1337,P002,1,26.87,0.05,Web
O204996,2025-04-22,C1008,P019,5,5.6,0.0,Web
O204445,2025-04-22,C1246,P009,3,21.66,0.0,Store
O203375,2025-04-23,C1096,P007,1,14.09,0.05,Store
O204256,2025-04-23,C1389,P006,4,30.41,0.0,Web
O204266,2025-04-23,C1176,P020,2,7.45,0.0,Web
O202062,2025-04-23,C1381,P006,3,30.41,0.0,Store
O202256,2025-04-23,C1270,P018,30,30.77,0.15,Store
O202853,2025-04-23,C1076,P002,2,26.87,0.05,Web
O204046,2025-04-23,C1222,P029,3,22.03,0.0,Store
O200910,2025-04-23,C1156,P027,5,10.78,0.05,Store
O202589,2025-04-23,C1041,P009,2,21.66,0.05,Web
O201210,2025-04-23,C1167,P028,54,5.26,0.15,Phone
O202436,2025-04-23,C1365,P024,4,43.21,0.0,Web
O205952,2025-04-23,C1022,P028,55,5.26,0.15,Web
O204383,2025-04-23,C1246,P028,3,5.26,0.0,Store
O200839,2025-04-23,C1213,P028,51,5.26,0.15,Store
O204090,2025-04-23,C1377,P026,4,8.52,0.0,Store
O204753,2025-04-23,C1092,P022,4,2.77,0.0,Web
O201354,2025-04-24,C1365,P026,1,8.52,0.0,Store
O200389,2025-04-24,C1330,P007,2,14.09,0.0,Store
O201514,2025-04-24,C1340,P009,2,21.66,0.0,Phone
O200168,2025-04-24,C1339,P010,3,40.84,0.05,Web
O205930,2025-04-24,C1369,P013,4,14.96,0.0,Store
O200755,2025-04-24,C1384,P002,4,26.87,0.0,Phone
O200289,2025-04-24,C1196,P014,2,40.41,0.0,Web
O202969,2025-04-24,C1286,P011,4,12.22,0.05,Web
O201216,2025-04-24,C1355,P006,1,30.41,0.05,Web
O201238,2025-04-24,C1132,P021,5,44.6,0.0,Store
O201055,2025-04-24,C1022,P020,27,7.45,0.15,Web
O200342,2025-04-24,C1011,P030,1,27.27,0.0,Web
O203509,2025-04-24,C1185,P006,4,30.41,0.0,Store
O203145,2025-04-24,C1342,P028,23,5.26,0.15,Web
O200811,2025-04-24,C1136,P020,5,7.45,0.0,Web
O201391,2025-04-24,C1196,P022,3,2.77,0.0,Store
O200169,2025-04-24,C1313,P030,13,27.27,0.15,Phone
O204524,2025-04-24,C1167,P029,33,22.03,0.15,Web
O202297,2025-04-24,C1338,P026,4,8.52,0.0,Store
O200657,2025-04-24,C1347,P022,3,2.77,0.0,Web
O202689,2025-04-24,C1278,P009,3,21.66,0.0,Web
O205794,2025-04-25,C1387,P011,2,12.22,0.05,Web
O203294,2025-04-25,C1227,P007,19,14.09,0.15,Web
O201269,2025-04-25,C1325,P030,2,27.27,0.0,Store
O200793,2025-04-25,C1254,P005,2,10.44,0.0,Web
O205705,2025-04-25,C1294,P028,46,5.26,0.15,Store
O202545,2025-04-25,C1037,P012,4,32.76,0.0,Store
O201750,2025-04-25,C1327,P030,5,27.27,0.0,Web
O205313,2025-04-25,C1104,P020,4,7.45,0.0,Web
O201670,2025-04-25,C1349,P016,2,23.47,0.0,Store
O203132,2025-04-25,C1103,P008,2,18.86,0.05,Store
O204806,2025-04-25,C1156,P016,5,23.47,0.0,Store
O202789,2025-04-25,C1037,P009,5,21.66,0.0,Store
O202301,2025-04-25,C1245,P030,4,27.27,0.0,Phone
O202676,2025-04-25,C1266,P023,5,14.59,0.0,Web
O200123,2025-04-25,C1009,P006,2,30.41,0.0,Web
O203108,2025-04-25,C1052,P027,3,10.78,0.05,Web
O205884,2025-04-25,C1092,P002,3,26.87,0.0,Web
O200057,2025-04-26,C1103,P001,1,9.71,0.0,Store
O203970,2025-04-26,C1273,P024,5,43.21,0.0,Web
O204714,2025-04-26,C1178,P013,12,14.96,0.15,Store
O203586,2025-04-26,C1016,P025,1,2.16,0.05,Web
O201075,2025-04-26,C1367,P016,5,23.47,0.0,Web
O203009,2025-04-26,C1246,P021,3,44.6,0.0,Web
O200840,2025-04-26,C1338,P015,2,18.64,0.0,Store
O201265,2025-04-26,C1156,P008,4,18.86,0.0,Store
O205645,2025-04-26,C1099,P028,5,5.26,0.0,Web
O202033,2025-04-26,C1111,P014,1,40.41,0.0,Web
O202854,2025-04-26,C1348,P009,5,21.66,0.05,Store
O204113,2025-04-26,C1319,P017,4,39.66,0.0,Web
O205605,2025-04-26,C1136,P025,3,2.16,0.0,Web
O201501,2025-04-26,C1104,P010,1,40.84,0.05,Web
O203792,2025-04-26,C1076,P027,5,10.78,0.05,Web
O205635,2025-04-26,C1226,P023,59,14.59,0.15,Web
O201819,2025-04-26,C1280,P021,36,44.6,0.15,Store
O203243,2025-04-27,C1122,P021,4,44.6,0.0,Web
O201949,2025-04-27,C1017,P027,1,10.78,0.05,Web
O204170,2025-04-27,C1064,P007,4,14.09,0.05,Store
O202246,2025-04-27,C1092,P030,4,27.27,0.0,Store
O204833,2025-04-27,C1246,P008,3,18.86,0.0,Phone
O205119,2025-04-27,C1212,P002,5,26.87,0.0,Store
O205998,2025-04-27,C1254,P023,5,14.59,0.0,Store
O201343,2025-04-27,C1333,P011,3,12.22,0.0,Web
O203644,2025-04-27,C1167,P005,44,10.44,0.15,Web
O205467,2025-04-27,C1027,P021,4,44.6,0.05,Web
O201924,2025-04-27,C1378,P016,2,23.47,0.0,Store
O203958,2025-04-27,C1253,P011,5,12.22,0.0,Phone
O204502,2025-04-27,C1226,P019,22,5.6,0.15,Store
O200193,2025-04-28,C1254,P020,1,7.45,0.0,Store
O204117,2025-04-28,C1254,P010,2,40.84,0.0,Web
O202099,2025-04-28,C1389,P006,2,30.41,0.0,Web
O203794,2025-04-28,C1365,P018,2,30.77,0.0,Web
O204320,2025-04-28,C1389,P006,1,30.41,0.0,Web
O202219,2025-04-28,C1240,P026,2,8.52,0.0,Web
O200679,2025-04-28,C1037,P011,3,12.22,0.05,Store
O204504,2025-04-28,C1380,P012,4,32.76,0.0,Store
O200232,2025-04-28,C1064,P006,1,30.41,0.05,Web
O202580,2025-04-28,C1129,P003,5,19.87,0.0,Phone
O203685,2025-04-28,C1298,P024,1,43.21,0.05,Web
O200694,2025-04-28,C1103,P015,2,18.64,0.0,Web
O204590,2025-04-28,C1017,P012,4,32.76,0.0,Web
O202685,2025-04-28,C1103,P024,3,43.21,0.0,Store
O202053,2025-04-28,C1154,P016,38,23.47,0.15,Store
O204183,2025-04-29,C1264,P004,4,20.17,0.0,Store
O200336,2025-04-29,C1041,P014,3,40.41,0.0,Web
O202734,2025-04-29,C1226,P008,59,18.86,0.15,Store
O201508,2025-04-29,C1244,P014,2,40.41,0.0,Web
O202431,2025-04-29,C1062,P021,53,44.6,0.15,Web
O200983,2025-04-29,C1072,P023,2,14.59,0.0,Web
O204515,2025-04-29,C1186,P027,1,10.78,0.0,Phone
O203451,2025-04-29,C1036,P003,3,19.87,0.05,Store
O203601,2025-04-29,C1027,P004,2,20.17,0.0,Web
O203066,2025-04-29,C1336,P018,2,30.77,0.0,Web
O203336,2025-04-29,C1149,P006,5,30.41,0.0,Web
O203119,2025-04-29,C1196,P017,2,39.66,0.0,Phone
O205240,2025-04-29,C1159,P015,1,18.64,0.0,Store
O205427,2025-04-29,C1339,P017,2,39.66,0.05,Web
O200008,2025-04-30,C1104,P028,1,5.26,0.0,Web
O204886,2025-04-30,C1098,P023,3,14.59,0.05,Store
O205060,2025-04-30,C1002,P012,1,32.76,0.0,Web
O200710,2025-04-30,C1379,P006,5,30.41,0.0,Web
O201407,2025-04-30,C1248,P016,3,23.47,0.0,Web
O201311,2025-04-30,C1257,P025,5,2.16,0.0,Web
O205670,2025-04-30,C1098,P011,2,12.22,0.0,Store
O200153,2025-04-30,C1226,P023,25,14.59,0.15,Phone
O201583,2025-04-30,C1096,P003,1,19.87,0.05,Store
O204364,2025-04-30,C1166,P016,3,23.47,0.0,Web
O205847,2025-04-30,C1327,P018,4,30.77,0.0,Web
O205383,2025-04-30,C1096,P012,5,32.76,0.0,Store
O203909,2025-04-30,C1215,P002,5,26.87,0.05,Store
O203813,2025-04-30,C1389,P003,2,19.87,0.0,Web
O202634,2025-04-30,C1338,P008,4,18.86,0.05,Store
O202492,2025-05-01,C1195,P002,50,26.87,0.15,Phone
O201584,2025-05-01,C1068,P030,1,27.27,0.0,Web
O204855,2025-05-01,C1298,P006,2,30.41,0.0,Web
O202494,2025-05-01,C1136,P004,2,20.17,0.0,Web
O201579,2025-05-01,C1385,P008,1,18.86,0.05,Store
O204669,2025-05-01,C1226,P013,55,14.96,0.15,Web
O203900,2025-05-01,C9999,P022,5,2.77,0.0,Web
O205763,2025-05-01,C1355,P010,1,40.84,0.0,Web
O201704,2025-05-01,C1306,P022,1,2.77,0.05,Phone
O205061,2025-05-01,C1327,P011,4,12.22,0.0,Web
O204594,2025-05-02,C1286,P019,4,5.6,0.0,Store
O203830,2025-05-02,C1358,P018,4,30.77,0.0,Store
O204859,2025-05-02,C1281,P017,5,39.66,0.0,Web
O202303,2025-05-02,C1054,P013,3,14.96,0.0,Web
O201702,2025-05-02,C1315,P020,3,7.45,0.05,Web
O200043,2025-05-02,C1358,P009,2,21.66,0.0,Web
O205888,2025-05-02,C1369,P001,4,9.71,0.0,Store
O203289,2025-05-02,C1320,P010,1,40.84,0.0,Web
O200419,2025-05-02,C1340,P029,2,22.03,0.0,Web
O201524,2025-05-02,C1276,P018,5,30.77,0.0,Web
O205028,2025-05-03,C1204,P025,3,2.16,0.0,Web
O200945,2025-05-03,C1222,P023,2,14.59,0.0,Web
O200159,2025-05-03,C1284,P001,4,9.71,0.05,Web
O202647,2025-05-03,C1246,P005,3,10.44,0.0,Store
O204177,2025-05-03,C1147,P026,4,8.52,0.0,Store
O201272,2025-05-03,C1252,P024,5,43.21,0.0,Store
O203116,2025-05-03,C1396,P023,3,14.59,0.05,Web
O205552,2025-05-03,C1345,P014,2,40.41,0.0,Web
O200126,2025-05-03,C1258,P028,4,5.26,0.05,Store
O204499,2025-05-03,C1103,P021,1,44.6,0.05,Web
O201940,2025-05-03,C1178,P026,15,8.52,0.15,Store
O205704,2025-05-03,C1215,P028,5,5.26,0.0,Phone
O205005,2025-05-03,C1157,P011,1,12.22,0.05,Store
O205226,2025-05-03,C1314,P019,5,5.6,0.0,Store
O200299,2025-05-03,C1273,P007,4,14.09,0.0,Web
O201331,2025-05-03,C1085,P003,32,19.87,0.15,Store
O201604,2025-05-03,C1111,P020,2,7.45,0.0,Web
O203955,2025-05-04,C1309,P029,5,22.03,0.05,Web
O200293,2025-05-04,C1033,P027,1,10.78,0.05,Store
O201623,2025-05-04,C1173,P014,2,40.41,0.0,Store
O205139,2025-05-04,C1175,P016,3,23.47,0.0,Store
O201748,2025-05-04,C1170,P027,2,10.78,0.0,Store
O204761,2025-05-04,C1254,P023,1,14.59,0.0,Store
O200265,2025-05-04,C1361,P012,3,32.76,0.0,Phone
O200841,2025-05-04,C1246,P010,4,40.84,0.0,Web
O203191,2025-05-04,C1357,P012,1,32.76,0.0,Phone
O201203,2025-05-04,C1207,P005,4,10.44,0.0,Web
O205059,2025-05-04,C1096,P028,4,5.26,0.0,Phone
O201411,2025-05-04,C1330,P019,4,5.6,0.0,Store
O205238,2025-05-04,C1383,P005,5,10.44,0.0,Store
O202948,2025-05-04,C1154,P020,57,7.45,0.15,Web
O201593,2025-05-04,C1347,P005,2,10.44,0.0,Web
O201106,2025-05-04,C1043,P028,5,5.26,0.05,Web
O202377,2025-05-04,C1346,P016,4,23.47,0.0,Web
O204601,2025-05-04,C1204,P017,2,39.66,0.0,Store
O203423,2025-05-04,C1152,P005,22,10.44,0.15,Store
O201769,2025-05-05,C1062,P025,34,2.16,0.15,Store
O202011,2025-05-05,C1007,P023,5,14.59,0.0,Web
O202527,2025-05-05,C1355,P029,5,22.03,0.0,Store
O204478,2025-05-05,C1224,P030,22,27.27,0.15,Web
O200662,2025-05-05,C1054,P029,5,22.03,0.0,Store
O203808,2025-05-05,C1347,P020,4,7.45,0.0,Web
O204008,2025-05-05,C1166,P019,5,5.6,0.0,Web
O204644,2025-05-05,C1299,P023,3,14.59,0.0,Store
O203716,2025-05-05,C1012,P002,1,26.87,0.0,Store
O200202,2025-05-05,C1052,P030,2,27.27,0.0,Store
O205422,2025-05-05,C1270,P015,58,18.64,0.15,Store
O204357,2025-05-05,C1226,P024,22,43.21,0.15,Store
O203923,2025-05-05,C1310,P006,3,30.41,0.0,Store
O204706,2025-05-05,C1377,P006,2,30.41,0.0,Store
O204738,2025-05-05,C1264,P023,1,14.59,0.0,Web
O205391,2025-05-05,C1036,P024,3,43.21,0.0,Store
O203548,2025-05-05,C1374,P011,1,12.22,0.0,Web
O201885,2025-05-05,C1048,P023,4,14.59,0.0,Web
O201456,2025-05-05,C1288,P020,36,7.45,0.15,Store
O200071,2025-05-05,C1103,P009,5,21.66,0.0,Store
O200341,2025-05-05,C1394,P027,5,10.78,0.0,Store
O205163,2025-05-06,C1204,P026,2,8.52,0.0,Web
O200948,2025-05-06,C1115,P007,1,14.09,0.0,Web
O201083,2025-05-06,C1039,P012,5,32.76,0.0,Store
O202829,2025-05-06,C1251,P016,3,23.47,0.0,Store
O201469,2025-05-06,C1211,P002,3,26.87,0.0,Store
O203126,2025-05-06,C1277,P012,45,32.76,0.15,Store
O201758,2025-05-06,C1339,P015,5,18.64,0.05,Store
O205248,2025-05-06,C1226,P017,53,39.66,0.15,Web
O205918,2025-05-06,C1116,P025,5,2.16,0.0,Web
O201963,2025-05-06,C1007,P015,4,18.64,0.0,Web
O204723,2025-05-06,C1200,P028,5,5.26,0.0,Web
O202918,2025-05-06,C1367,P011,4,12.22,0.0,Web
O202617,2025-05-06,C1123,P004,5,20.17,0.0,Store
O201762,2025-05-06,C1062,P002,39,26.87,0.15,Web
O205613,2025-05-06,C1111,P026,4,8.52,0.05,Web
O200257,2025-05-06,C1347,P013,3,14.96,0.0,Web
O201291,2025-05-06,C1330,P003,1,19.87,0.0,Store
O201041,2025-05-06,C1348,P011,2,12.22,0.0,Phone
O203928,2025-05-06,C1064,P027,3,10.78,0.0,Store
O203440,2025-05-06,C1290,P027,1,10.78,0.0,Web
O200282,2025-05-06,C1362,P009,1,21.66,0.05,Store
O205173,2025-05-06,C1215,P013,2,14.96,0.0,Store
O202657,2025-05-06,C1009,P012,4,32.76,0.0,Store
O205769,2025-05-06,C1109,P010,2,40.84,0.0,Web
O203543,2025-05-07,C1350,P022,2,2.77,0.0,Store
O202913,2025-05-07,C1115,P027,1,10.78,0.0,Web
O202973,2025-05-07,C1254,P016,5,23.47,0.05,Store
O200195,2025-05-07,C1012,P022,5,2.77,0.05,Store
O205092,2025-05-07,C1012,P029,5,22.03,0.0,Store
O203110,2025-05-07,C1358,P010,1,40.84,0.05,Store
O205814,2025-05-07,C1111,P002,3,26.87,0.0,Web
O203740,2025-05-07,C1342,P022,33,2.77,0.15,Web
O203224,2025-05-07,C1330,P005,5,10.44,0.0,Web
O200239,2025-05-07,C1075,P004,4,20.17,0.0,Web
O204708,2025-05-07,C1281,P017,1,39.66,0.0,Web
O201594,2025-05-07,C1125,P010,2,40.84,0.0,Web
O202326,2025-05-07,C1177,P024,3,43.21,0.0,Web
O205616,2025-05-07,C1392,P025,48,2.16,0.15,Phone
O204967,2025-05-07,C1085,P022,18,2.77,0.15,Web
O203642,2025-05-07,C1063,P020,1,7.45,0.0,Store
O205022,2025-05-07,C1211,P014,2,40.41,0.0,Web
O201787,2025-05-07,C1182,P012,3,32.76,0.0,Web
O205821,2025-05-07,C1222,P013,5,14.96,0.0,Store
O202818,2025-05-07,C1127,P013,1,14.96,0.0,Store
O204458,2025-05-07,C1122,P005,4,10.44,0.05,Web
O201206,2025-05-07,C1286,P001,4,9.71,0.0,Web
O205843,2025-05-08,C1166,P019,2,5.6,0.0,Phone
O205335,2025-05-08,C1129,P022,4,2.77,0.0,Phone
O205076,2025-05-08,C1355,P009,1,21.66,0.0,Phone
O203751,2025-05-08,C1226,P013,25,14.96,0.15,Store
O205312,2025-05-08,C1196,P019,1,5.6,0.0,Store
O202806,2025-05-08,C1216,P003,3,19.87,0.0,Web
O204099,2025-05-08,C1211,P020,1,7.45,0.0,Store
O203233,2025-05-08,C1024,P004,5,20.17,0.0,Web
O203422,2025-05-08,C1177,P014,2,40.41,0.0,Web
O202999,2025-05-08,C1313,P027,10,10.78,0.15,Store
O201617,2025-05-08,C1134,P017,3,39.66,0.0,Web
O201520,2025-05-08,C1114,P012,1,32.76,0.0,Web
O200285,2025-05-08,C1083,P018,3,30.77,0.0,Store
O201173,2025-05-08,C1049,P017,4,39.66,0.0,Web
O201120,2025-05-08,C1257,P025,4,2.16,0.05,Web
O202226,2025-05-09,C1226,P008,15,18.86,0.15,Store
O201466,2025-05-09,C1209,P012,3,32.76,0.0,Phone
O202901,2025-05-09,C1054,P019,5,5.6,0.0,Store
O201369,2025-05-09,C1230,P019,3,5.6,0.0,Web
O203654,2025-05-09,C1333,P018,4,30.77,0.05,Store
O205887,2025-05-09,C1085,P030,26,27.27,0.15,Store
O203845,2025-05-09,C1236,P012,51,32.76,0.15,Web
O204253,2025-05-09,C1391,P003,2,19.87,0.0,Web
O204243,2025-05-09,C1239,P030,4,27.27,0.05,Web
O204294,2025-05-09,C1346,P018,3,30.77,0.0,Web
O204296,2025-05-09,C1383,P001,4,9.71,0.0,Web
O204388,2025-05-09,C1355,P030,5,27.27,0.05,Store
O200894,2025-05-09,C1254,P008,3,18.86,0.0,Store
O202395,2025-05-10,C1319,P023,3,14.59,0.0,Web
O202805,2025-05-10,C1072,P027,3,10.78,0.05,Web
O203743,2025-05-10,C1152,P012,15,32.76,0.15,Web
O205071,2025-05-10,C1043,P016,4,23.47,0.0,Web
O201087,2025-05-10,C1156,P007,3,14.09,0.0,Web
O200403,2025-05-10,C1380,P020,3,7.45,0.05,Store
O200381,2025-05-10,C1099,P004,4,20.17,0.0,Web
O201967,2025-05-10,C1042,P025,5,2.16,0.0,Store
O200256,2025-05-10,C1076,P004,2,20.17,0.0,Web
O205653,2025-05-10,C1239,P027,5,10.78,0.0,Web
O201561,2025-05-10,C1111,P015,4,18.64,0.0,Web
O202087,2025-05-10,C1103,P010,2,40.84,0.05,Store
O201374,2025-05-10,C1170,P020,2,7.45,0.05,Store
O202784,2025-05-10,C1251,P002,5,26.87,0.0,Store
O203198,2025-05-10,C1082,P013,5,14.96,0.0,Web
O203059,2025-05-10,C1215,P021,3,44.6,0.0,Phone
O202458,2025-05-10,C1115,P019,3,5.6,0.0,Web
O204628,2025-05-10,C1310,P020,3,7.45,0.0,Store
O204906,2025-05-10,C1239,P019,4,5.6,0.05,Web
O204884,2025-05-10,C1388,P017,2,39.66,0.0,Web
O201650,2025-05-10,C1064,P013,2,14.96,0.0,Store
O201070,2025-05-10,C1382,P011,5,12.22,0.0,Store
O203846,2025-05-11,C1254,P027,4,10.78,0.0,Store
O200132,2025-05-11,C1248,P002,2,26.87,0.0,Web
O204608,2025-05-11,C1166,P002,1,26.87,0.05,Web
O202058,2025-05-11,C1142,P020,4,7.45,0.0,Store
O205816,2025-05-11,C1251,P017,3,39.66,0.05,Store
O205829,2025-05-11,C1239,P005,3,10.44,0.0,Web
O201114,2025-05-11,C1336,P008,4,18.86,0.0,Web
O205353,2025-05-11,C1389,P017,3,39.66,0.05,Web
O204543,2025-05-11,C1210,P010,1,40.84,0.0,Store
O205868,2025-05-11,C1188,P005,4,10.44,0.05,Web
O201184,2025-05-11,C1230,P022,1,2.77,0.0,Store
O201036,2025-05-11,C1037,P013,1,14.96,0.0,Phone
O201565,2025-05-11,C1142,P015,2,18.64,0.0,Phone
O204832,2025-05-11,C1187,P022,2,2.77,0.0,Store
O203715,2025-05-11,C1281,P001,5,9.71,0.05,Web
O202838,2025-05-12,C1185,P001,4,9.71,0.0,Web
O204086,2025-05-12,C1230,P013,1,14.96,0.0,Store
O202698,2025-05-12,C1312,P007,4,14.09,0.0,Web
O201091,2025-05-12,C1084,P005,2,10.44,0.0,Web
O202218,2025-05-12,C1270,P025,36,2.16,0.15,Store
O204599,2025-05-12,C1281,P025,2,2.16,0.0,Store
O203798,2025-05-12,C1259,P029,1,22.03,0.05,Web
O202922,2025-05-12,C1220,P021,5,44.6,0.0,Web
O205544,2025-05-12,C1389,P002,3,26.87,0.0,Web
O205048,2025-05-12,C1188,P026,3,8.52,0.05,Web
O204882,2025-05-12,C1387,P014,2,40.41,0.0,Web
O200763,2025-05-12,C1064,P010,4,40.84,0.05,Phone
O200303,2025-05-12,C1124,P009,51,21.66,0.15,Store
O205471,2025-05-12,C1119,P007,3,14.09,0.0,Web
O204157,2025-05-12,C1101,P015,24,18.64,0.15,Store
O200850,2025-05-12,C1164,P011,17,12.22,0.15,Store
O204928,2025-05-12,C1041,P024,3,43.21,0.0,Web
O202506,2025-05-12,C1062,P007,59,14.09,0.15,Web
O201367,2025-05-12,C1124,P029,51,22.03,0.15,Store
O200462,2025-05-12,C1253,P002,1,26.87,0.0,Store
O202004,2025-05-12,C1136,P029,2,22.03,0.05,Web
O205138,2025-05-12,C1161,P030,2,27.27,0.0,Web
O204701,2025-05-12,C1215,P019,2,5.6,0.0,Phone
O201301,2025-05-12,C1007,P004,5,20.17,0.05,Web
O201681,2025-05-12,C1244,P005,1,10.44,0.05,Store
O205875,2025-05-12,C1245,P019,3,5.6,0.0,Web
O205975,2025-05-12,C1365,P023,4,14.59,0.0,Store
O201666,2025-05-12,C1125,P022,3,2.77,0.05,Phone
O201580,2025-05-12,C1050,P008,3,18.86,0.0,Web
O202066,2025-05-13,C1076,P007,1,14.09,0.0,Web
O203936,2025-05-13,C1143,P029,1,22.03,0.0,Web
O200184,2025-05-13,C1295,P014,2,40.41,0.0,Web
O202769,2025-05-13,C1394,P004,1,20.17,0.0,Web
O202411,2025-05-13,C1350,P014,3,40.41,0.0,Store
O203690,2025-05-13,C1129,P011,5,12.22,0.0,Web
O201562,2025-05-13,C1092,P002,4,26.87,0.0,Web
O203245,2025-05-13,C1041,P025,2,2.16,0.0,Web
O201999,2025-05-13,C1002,P021,3,44.6,0.0,Web
O204799,2025-05-13,C1378,P004,2,20.17,0.0,Store
O204974,2025-05-13,C1205,P009,4,21.66,0.05,Store
O204639,2025-05-13,C1042,P015,2,18.64,0.0,Web
O203453,2025-05-13,C1170,P028,3,5.26,0.0,Store
O201201,2025-05-13,C1101,P030,34,27.27,0.15,Web
O203560,2025-05-13,C1022,P018,19,30.77,0.15,Store
O203346,2025-05-13,C1103,P019,1,5.6,0.05,Store
O204899,2025-05-14,C1285,P028,2,5.26,0.0,Web
O200106,2025-05-14,C1208,P018,3,30.77,0.0,Web
O203914,2025-05-14,C1069,P009,5,21.66,0.0,Phone
O202110,2025-05-14,C1356,P021,2,44.6,0.0,Web
O205625,2025-05-14,C1173,P030,1,27.27,0.0,Web
O205270,2025-05-14,C1079,P002,4,26.87,0.0,Store
O204684,2025-05-14,C1355,P015,5,18.64,0.0,Store
O200276,2025-05-14,C1312,P023,3,14.59,0.05,Store
O200272,2025-05-14,C1116,P003,3,19.87,0.0,Web
O205696,2025-05-14,C1254,P010,5,40.84,0.05,Store
O202163,2025-05-14,C1290,P009,4,21.66,0.0,Web
O201827,2025-05-14,C1312,P005,4,10.44,0.0,Phone
O201195,2025-05-14,C1116,P023,3,14.59,0.0,Web
O202587,2025-05-14,C1218,P009,2,21.66,0.0,Web
O205301,2025-05-14,C1278,P017,2,39.66,0.0,Web
O200394,2025-05-14,C1009,P028,3,5.26,0.05,Web
O204449,2025-05-14,C1230,P018,5,30.77,0.05,Phone
O201358,2025-05-14,C1092,P026,1,8.52,0.0,Store
O200990,2025-05-14,C1203,P011,4,12.22,0.0,Web
O200603,2025-05-14,C1365,P001,1,9.71,0.0,Web
O202993,2025-05-15,C1167,P011,17,12.22,0.15,Web
O200405,2025-05-15,C1332,P015,3,18.64,0.0,Web
O200260,2025-05-15,C1338,P030,3,27.27,0.05,Store
O201277,2025-05-15,C1365,P012,3,32.76,0.05,Store
O203432,2025-05-15,C1002,P005,4,10.44,0.0,Web
O203929,2025-05-15,C1055,P010,3,40.84,0.0,Web
O203015,2025-05-15,C1091,P015,1,18.64,0.0,Web
O204213,2025-05-15,C1182,P024,3,43.21,0.0,Web
O203284,2025-05-15,C1276,P019,4,5.6,0.0,Store
O202731,2025-05-15,C1111,P026,1,8.52,0.0,Web
O201438,2025-05-15,C1281,P013,5,14.96,0.05,Phone
O202273,2025-05-15,C1196,P025,4,2.16,0.0,Web
O201543,2025-05-15,C1222,P012,4,32.76,0.0,Store
O200889,2025-05-16,C1246,P029,5,22.03,0.05,Store
O201323,2025-05-16,C1339,P021,3,44.6,0.0,Web
O200486,2025-05-16,C1160,P018,5,30.77,0.0,Web
O203946,2025-05-16,C1129,P022,5,2.77,0.0,Store
O205278,2025-05-16,C1041,P030,1,27.27,0.05,Web
O204494,2025-05-16,C1307,P014,2,40.41,0.0,Web
O201637,2025-05-16,C1102,P006,4,30.41,0.0,Store
O205955,2025-05-16,C1347,P026,2,8.52,0.05,Web
O203033,2025-05-16,C1327,P023,1,14.59,0.0,Web
O201088,2025-05-16,C1388,P013,2,14.96,0.0,Web
O204361,2025-05-16,C1178,P010,51,40.84,0.15,Store
O204181,2025-05-16,C1347,P027,4,10.78,0.0,Web
O200482,2025-05-16,C1109,P013,1,14.96,0.0,Store
O201956,2025-05-16,C1254,P028,4,5.26,0.0,Store
O202040,2025-05-16,C1360,P010,4,40.84,0.0,Store
O201717,2025-05-16,C1398,P029,4,22.03,0.0,Web
O204654,2025-05-16,C1226,P005,55,10.44,0.15,Web
O203665,2025-05-16,C1076,P023,2,14.59,0.0,Web
O204968,2025-05-17,C1208,P025,1,2.16,0.0,Web
O201861,2025-05-17,C1030,P019,2,5.6,0.0,Web
O202661,2025-05-17,C1354,P012,3,32.76,0.0,Store
O204532,2025-05-17,C1187,P015,1,18.64,0.0,Store
O202502,2025-05-17,C1324,P030,1,27.27,0.0,Web
O201563,2025-05-17,C1391,P015,2,18.64,0.0,Web
O205805,2025-05-17,C1346,P007,1,14.09,0.0,Web
O204903,2025-05-17,C1134,P018,5,30.77,0.0,Web
O203458,2025-05-17,C1036,P010,1,40.84,0.0,Store
O201418,2025-05-17,C1318,P024,2,43.21,0.0,Store
O204226,2025-05-17,C1129,P019,1,5.6,0.0,Web
O202743,2025-05-17,C1106,P022,5,2.77,0.0,Web
O204883,2025-05-17,C1251,P023,2,14.59,0.05,Store
O200769,2025-05-17,C1253,P009,4,21.66,0.0,Web
O202588,2025-05-18,C1248,P012,5,32.76,0.0,Web
O204868,2025-05-18,C1159,P022,1,2.77,0.0,Store
O205453,2025-05-18,C1217,P030,2,27.27,0.0,Web
O204877,2025-05-18,C1298,P014,2,40.41,0.0,Web
O205334,2025-05-18,C1066,P016,3,23.47,0.0,Web
O201826,2025-05-18,C1173,P027,2,10.78,0.05,Store
O200797,2025-05-18,C1339,P022,4,2.77,0.0,Web
O201383,2025-05-18,C1161,P024,2,43.21,0.05,Web
O202430,2025-05-18,C1002,P004,1,20.17,0.0,Web
O202213,2025-05-18,C1074,P021,1,44.6,0.0,Phone
O202378,2025-05-18,C1278,P024,1,43.21,0.0,Web
O205770,2025-05-18,C1041,P016,1,23.47,0.0,Web
O203508,2025-05-18,C1072,P004,3,20.17,0.0,Web
O203125,2025-05-18,C1116,P022,1,2.77,0.0,Web
O204908,2025-05-18,C1170,P002,5,26.87,0.0,Store
O202625,2025-05-18,C1146,P028,1,5.26,0.05,Web
O202678,2025-05-18,C1151,P026,1,8.52,0.05,Web
O204069,2025-05-18,C1278,P003,3,19.87,0.0,Web
O205296,2025-05-18,C1327,P004,2,20.17,0.0,Web
O205364,2025-05-19,C1208,P028,3,5.26,0.0,Web
O204375,2025-05-19,C1337,P030,3,27.27,0.0,Store
O205698,2025-05-19,C1365,P026,5,8.52,0.05,Web
O204285,2025-05-19,C1133,P030,4,27.27,0.0,Store
O201566,2025-05-19,C1242,P006,1,30.41,0.0,Web
O200792,2025-05-19,C1389,P015,5,18.64,0.0,Web
O202742,2025-05-19,C1240,P023,5,14.59,0.0,Phone
O204919,2025-05-19,C1026,P025,1,2.16,0.0,Store
O200871,2025-05-19,C1365,P009,2,21.66,0.05,Store
O202626,2025-05-19,C1229,P009,2,21.66,0.0,Web
O200076,2025-05-19,C1210,P030,4,27.27,0.0,Web
O202394,2025-05-19,C1209,P027,4,10.78,0.0,Web
O200295,2025-05-19,C1392,P020,57,7.45,0.15,Phone
O205193,2025-05-19,C1242,P025,3,2.16,0.0,Store
O204123,2025-05-19,C1164,P026,49,8.52,0.15,Store
O204105,2025-05-19,C1298,P011,1,12.22,0.0,Web
O205957,2025-05-20,C1052,P003,2,19.87,0.0,Store
O201180,2025-05-20,C1187,P022,3,2.77,0.0,Store
O200575,2025-05-20,C1155,P019,3,5.6,0.0,Web
O204924,2025-05-20,C1313,P017,48,39.66,0.15,Web
O201609,2025-05-20,C1012,P007,3,14.09,0.0,Web
O200873,2025-05-20,C1313,P012,56,32.76,0.15,Store
O201836,2025-05-20,C1239,P003,3,19.87,0.0,Web
O204472,2025-05-20,C1235,P030,5,27.27,0.0,Web
O202709,2025-05-20,C1313,P015,13,18.64,0.15,Store
O201324,2025-05-20,C1192,P023,4,14.59,0.05,Web
O203757,2025-05-20,C1310,P005,2,10.44,0.0,Phone
O201131,2025-05-20,C1118,P011,5,12.22,0.0,Store
O200041,2025-05-20,C1252,P014,1,40.41,0.0,Store
O203187,2025-05-20,C1079,P018,2,30.77,0.0,Store
O203373,2025-05-20,C1372,P014,2,40.41,0.0,Web
O202515,2025-05-20,C1369,P009,4,21.66,0.05,Store
O205442,2025-05-20,C1358,P001,1,9.71,0.0,Store
O203317,2025-05-20,C1092,P014,4,40.41,0.0,Web
O205536,2025-05-20,C1266,P002,2,26.87,0.0,Web
O203998,2025-05-20,C1347,P019,4,5.6,0.0,Web
O205663,2025-05-20,C1075,P003,3,19.87,0.0,Web
O203014,2025-05-21,C1135,P007,4,14.09,0.0,Phone
O204814,2025-05-21,C1355,P008,3,18.86,0.0,Store
O200436,2025-05-21,C1185,P030,4,27.27,0.05,Web
O205641,2025-05-21,C1103,P008,5,18.86,0.0,Phone
O200665,2025-05-21,C1156,P018,5,30.77,0.05,Web
O204153,2025-05-21,C1086,P024,3,43.21,0.05,Web
O202599,2025-05-21,C1347,P022,3,2.77,0.0,Web
O201602,2025-05-21,C1264,P009,5,21.66,0.0,Store
O205369,2025-05-21,C1032,P010,5,40.84,0.0,Web
O203000,2025-05-21,C1215,P020,5,7.45,0.0,Store
O205365,2025-05-21,C1111,P019,2,5.6,0.0,Web
O200935,2025-05-21,C1324,P015,5,18.64,0.0,Web
O205906,2025-05-21,C1389,P006,3,30.41,0.0,Web
O201960,2025-05-21,C1134,P017,4,39.66,0.05,Web
O203725,2025-05-21,C1065,P010,4,40.84,0.0,Store
O203371,2025-05-21,C1033,P029,3,22.03,0.0,Store
O201071,2025-05-22,C1092,P011,2,12.22,0.05,Web
O205498,2025-05-22,C1389,P020,5,7.45,0.0,Web
O201587,2025-05-22,C1365,P001,3,9.71,0.0,Web
O205133,2025-05-22,C1127,P007,5,14.09,0.0,Web
O205644,2025-05-22,C1285,P029,2,22.03,0.05,Store
O203625,2025-05-22,C1226,P010,26,40.84,0.15,Store
O202406,2025-05-22,C1103,P015,5,18.64,0.0,Store
O202148,2025-05-22,C1207,P011,4,12.22,0.0,Web
O204207,2025-05-22,C1208,P024,5,43.21,0.0,Web
O202205,2025-05-22,C1213,P021,42,44.6,0.15,Store
O203535,2025-05-22,C1081,P005,5,10.44,0.0,Web
O202907,2025-05-22,C1336,P005,4,10.44,0.0,Web
O205854,2025-05-22,C1060,P005,32,10.44,0.15,Store
O204463,2025-05-22,C1327,P027,1,10.78,0.0,Web
O203616,2025-05-22,C1385,P019,4,5.6,0.0,Store
O200757,2025-05-22,C1139,P001,3,9.71,0.0,Web
O200074,2025-05-22,C1285,P012,1,32.76,0.0,Web
O200374,2025-05-22,C1123,P004,4,20.17,0.0,Web
O201069,2025-05-22,C1182,P012,5,32.76,0.0,Web
O200333,2025-05-22,C1157,P027,2,10.78,0.0,Store
O203157,2025-05-23,C1332,P019,4,5.6,0.0,Web
O200331,2025-05-23,C1309,P029,1,22.03,0.0,Web
O203053,2025-05-23,C1314,P014,1,40.41,0.0,Web
O200593,2025-05-23,C1326,P016,4,23.47,0.0,Web
O204079,2025-05-23,C1394,P002,1,26.87,0.0,Web
O201283,2025-05-23,C1310,P029,5,22.03,0.0,Web
O202409,2025-05-23,C1041,P019,1,5.6,0.0,Web
O204174,2025-05-23,C1347,P026,2,8.52,0.0,Web
O205292,2025-05-23,C1134,P030,1,27.27,0.0,Web
O200783,2025-05-23,C1334,P015,3,18.64,0.0,Web
O204338,2025-05-23,C1127,P003,3,19.87,0.0,Store
O205992,2025-05-23,C1151,P002,3,26.87,0.05,Web
O204155,2025-05-23,C1149,P019,3,5.6,0.0,Web
O201646,2025-05-23,C1381,P014,1,40.41,0.0,Web
O201664,2025-05-23,C1033,P028,5,5.26,0.0,Phone
O201848,2025-05-23,C1377,P024,5,43.21,0.0,Store
O201635,2025-05-23,C1316,P024,5,43.21,0.05,Web
O200816,2025-05-23,C1332,P015,3,18.64,0.0,Web
O205228,2025-05-23,C1224,P001,26,9.71,0.15,Web
O205505,2025-05-23,C1022,P009,40,21.66,0.15,Phone
O205513,2025-05-23,C1084,P027,3,10.78,0.05,Web
O200767,2025-05-23,C1041,P024,2,43.21,0.0,Web
O205845,2025-05-23,C1211,P008,2,18.86,0.0,Web
O202877,2025-05-23,C1154,P001,45,9.71,0.15,Store
O204032,2025-05-24,C1273,P026,4,8.52,0.0,Web
O200140,2025-05-24,C1091,P019,2,5.6,0.0,Web
O205713,2025-05-24,C1134,P027,4,10.78,0.0,Web
O205066,2025-05-24,C1129,P004,4,20.17,0.0,Phone
O203534,2025-05-24,C1382,P029,2,22.03,0.0,Store
O202167,2025-05-24,C1009,P001,3,9.71,0.0,Store
O202078,2025-05-24,C1133,P019,3,5.6,0.0,Store
O205718,2025-05-24,C1365,P015,2,18.64,0.0,Store
O204470,2025-05-24,C1085,P014,36,40.41,0.15,Phone
O200124,2025-05-24,C1037,P015,3,18.64,0.0,Web
O205455,2025-05-24,C1327,P029,4,22.03,0.05,Web
O204997,2025-05-24,C1348,P018,3,30.77,0.0,Web
O204480,2025-05-24,C1208,P021,1,44.6,0.0,Web
O204940,2025-05-24,C1204,P020,2,7.45,0.0,Web
O200120,2025-05-24,C1002,P019,5,5.6,0.0,Web
O203874,2025-05-24,C1319,P010,1,40.84,0.0,Web
O205622,2025-05-24,C1345,P021,2,44.6,0.0,Web
O201187,2025-05-24,C1357,P028,5,5.26,0.0,Web
O202975,2025-05-24,C1147,P021,3,44.6,0.0,Store
O205557,2025-05-24,C1116,P013,5,14.96,0.0,Web
O200836,2025-05-24,C1135,P013,4,14.96,0.0,Store
O205649,2025-05-24,C1003,P027,4,10.78,0.0,Store
O200551,2025-05-24,C1281,P025,5,2.16,0.0,Phone
O204952,2025-05-25,C1091,P009,4,21.66,0.0,Web
O202520,2025-05-25,C1226,P026,40,8.52,0.15,Store
O204305,2025-05-25,C1034,P007,26,14.09,0.15,Store
O203826,2025-05-25,C1096,P010,3,40.84,0.0,Store
O204803,2025-05-25,C1244,P020,5,7.45,0.0,Web
O200567,2025-05-25,C1161,P014,2,40.41,0.0,Web
O202371,2025-05-25,C1188,P004,5,20.17,0.0,Phone
O200659,2025-05-25,C1217,P021,3,44.6,0.0,Web
O205815,2025-05-25,C1122,P008,5,18.86,0.0,Web
O204438,2025-05-25,C1337,P019,4,5.6,0.0,Store
O202930,2025-05-25,C1202,P023,53,14.59,0.15,Web
O204367,2025-05-25,C1382,P015,4,18.64,0.0,Web
O201275,2025-05-25,C9999,P002,5,26.87,0.0,Store
O205101,2025-05-25,C1136,P022,5,2.77,0.0,Web
O201684,2025-05-25,C1086,P022,1,2.77,0.0,Store
O202865,2025-05-25,C1136,P004,1,20.17,0.05,Web
O201428,2025-05-25,C1294,P019,12,5.6,0.15,Phone
O204549,2025-05-25,C1255,P002,3,26.87,0.0,Store
O204448,2025-05-25,C1282,P013,3,14.96,0.0,Store
O202714,2025-05-25,C1268,P004,4,20.17,0.0,Store
O205055,2025-05-25,C1330,P010,4,40.84,0.0,Web
O203554,2025-05-25,C1096,P020,3,7.45,0.0,Store
O202514,2025-05-26,C1173,P004,1,20.17,0.0,Web
O200676,2025-05-26,C1327,P020,4,7.45,0.0,Web
O204874,2025-05-26,C1367,P007,5,14.09,0.0,Web
O204623,2025-05-26,C1082,P015,5,18.64,0.0,Store
O202754,2025-05-26,C1070,P003,35,19.87,0.15,Store
O202849,2025-05-26,C1377,P010,3,40.84,0.05,Phone
O201042,2025-05-26,C1360,P002,2,26.87,0.0,Store
O201307,2025-05-26,C1382,P030,5,27.27,0.0,Store
O203734,2025-05-26,C1397,P003,1,19.87,0.05,Store
O202127,2025-05-26,C1227,P016,40,23.47,0.15,Phone
O205041,2025-05-26,C1122,P016,5,23.47,0.0,Web
O203439,2025-05-26,C1211,P022,1,2.77,0.0,Web
O202429,2025-05-26,C1314,P002,5,26.87,0.05,Store
O200072,2025-05-26,C1200,P027,2,10.78,0.0,Web
O203818,2025-05-26,C1088,P005,2,10.44,0.0,Store
O203300,2025-05-26,C1124,P002,32,26.87,0.15,Store
O201539,2025-05-26,C1222,P007,3,14.09,0.0,Phone
O205727,2025-05-26,C1342,P026,31,8.52,0.15,Web
O202529,2025-05-27,C1382,P025,2,2.16,0.0,Store
O200279,2025-05-27,C1239,P009,2,21.66,0.0,Web
O202145,2025-05-27,C1103,P019,1,5.6,0.0,Store
O204216,2025-05-27,C1367,P014,5,40.41,0.0,Web
O201123,2025-05-27,C1215,P013,2,14.96,0.05,Store
O200484,2025-05-27,C1316,P029,3,22.03,0.05,Web
O202381,2025-05-27,C1259,P025,5,2.16,0.0,Store
O200909,2025-05-27,C1182,P019,4,5.6,0.05,Web
O204969,2025-05-27,C1373,P028,4,5.26,0.0,Web
O200736,2025-05-27,C1063,P026,4,8.52,0.0,Web
O202403,2025-05-27,C1293,P003,58,19.87,0.15,Web
O204043,2025-05-27,C1311,P028,4,5.26,0.0,Store
O204582,2025-05-27,C1342,P006,27,30.41,0.15,Store
O204564,2025-05-28,C1239,P014,4,40.41,0.05,Web
O204308,2025-05-28,C1211,P012,4,32.76,0.0,Store
O200014,2025-05-28,C1193,P015,4,18.64,0.0,Web
O202765,2025-05-28,C1174,P026,2,8.52,0.0,Store
O204040,2025-05-28,C1028,P020,40,7.45,0.15,Store
O201982,2025-05-28,C1033,P020,2,7.45,0.0,Store
O205018,2025-05-28,C1064,P030,1,27.27,0.0,Web
O203612,2025-05-28,C1116,P028,4,5.26,0.0,Web
O205776,2025-05-28,C1030,P013,2,14.96,0.05,Store
O202797,2025-05-28,C1166,P011,3,12.22,0.05,Web
O202478,2025-05-28,C1212,P015,4,18.64,0.0,Store
O203702,2025-05-28,C1106,P006,2,30.41,0.0,Store
O201665,2025-05-28,C1129,P013,2,14.96,0.0,Store
O205222,2025-05-28,C1380,P001,5,9.71,0.0,Web
O201453,2025-05-28,C1394,P016,2,23.47,0.0,Store
O200752,2025-05-29,C1211,P018,5,30.77,0.0,Web
O203378,2025-05-29,C1122,P020,5,7.45,0.05,Web
O203076,2025-05-29,C1134,P021,1,44.6,0.0,Web
O200609,2025-05-29,C1277,P015,23,18.64,0.15,Store
O204172,2025-05-29,C1339,P003,2,19.87,0.0,Store
O205107,2025-05-29,C1327,P014,4,40.41,0.05,Web
O200781,2025-05-29,C1109,P027,2,10.78,0.05,Store
O205337,2025-05-29,C1383,P010,3,40.84,0.0,Store
O205244,2025-05-29,C1358,P004,4,20.17,0.05,Store
O204014,2025-05-29,C1257,P021,4,44.6,0.0,Web
O203127,2025-05-29,C1106,P026,2,8.52,0.0,Web
O202383,2025-05-29,C1264,P018,5,30.77,0.0,Web
O205912,2025-05-29,C1191,P028,5,5.26,0.0,Web
O203234,2025-05-30,C1103,P023,3,14.59,0.0,Phone
O203213,2025-05-30,C1325,P017,1,39.66,0.0,Store
O203195,2025-05-30,C1106,P030,5,27.27,0.0,Store
O202952,2025-05-30,C1109,P014,1,40.41,0.0,Store
O200595,2025-05-30,C1394,P007,2,14.09,0.0,Store
O200717,2025-05-30,C1185,P003,1,19.87,0.05,Store
O204028,2025-05-30,C1185,P030,3,27.27,0.0,Web
O205810,2025-05-30,C1159,P022,4,2.77,0.0,Store
O203308,2025-05-30,C1231,P002,54,26.87,0.15,Web
O200913,2025-05-30,C1224,P004,49,20.17,0.15,Phone
O203396,2025-05-30,C1137,P011,4,12.22,0.0,Store
O201673,2025-05-30,C1310,P022,1,2.77,0.0,Web
O205974,2025-05-30,C1346,P028,2,5.26,0.0,Web
O203884,2025-05-30,C1189,P012,4,32.76,0.0,Store
O202335,2025-05-30,C1238,P013,4,14.96,0.0,Web
O201766,2025-05-30,C1215,P026,3,8.52,0.0,Store
O200016,2025-05-30,C1065,P006,2,30.41,0.0,Store
O205155,2025-05-30,C1309,P003,1,19.87,0.0,Web
O203144,2025-05-30,C1067,P026,3,8.52,0.0,Web
O204042,2025-05-31,C1081,P030,3,27.27,0.05,Web
O202115,2025-05-31,C1365,P002,2,26.87,0.0,Web
O203785,2025-05-31,C1303,P024,2,43.21,0.05,Web
O203285,2025-05-31,C1154,P017,47,39.66,0.15,Store
O203012,2025-05-31,C1365,P008,3,18.86,0.0,Store
O203860,2025-05-31,C1279,P025,5,2.16,0.0,Web
O205108,2025-05-31,C1173,P010,1,40.84,0.0,Store
O203248,2025-05-31,C1147,P005,2,10.44,0.0,Store
O201294,2025-05-31,C1173,P007,4,14.09,0.05,Store
O200217,2025-05-31,C1301,P006,3,30.41,0.0,Phone
O200056,2025-05-31,C1009,P023,1,14.59,0.0,Web
O205695,2025-05-31,C1066,P012,4,32.76,0.0,Store
O200648,2025-05-31,C1240,P014,1,40.41,0.0,Store
O203544,2025-05-31,C1127,P014,1,40.41,0.0,Web
O205181,2025-05-31,C1082,P020,4,7.45,0.0,Web
O203155,2025-05-31,C1213,P017,49,39.66,0.15,Store
O203516,2025-05-31,C1273,P011,4,12.22,0.0,Web
O201167,2025-05-31,C1129,P006,4,30.41,0.0,Store
O205756,2025-05-31,C1215,P012,4,32.76,0.0,Phone
O202015,2025-06-01,C1253,P009,4,21.66,0.0,Store
O200079,2025-06-01,C1136,P025,1,2.16,0.05,Web
O200064,2025-06-01,C1276,P021,2,44.6,0.05,Store
O200747,2025-06-01,C1358,P015,3,18.64,0.0,Phone
O201808,2025-06-01,C1042,P020,3,7.45,0.0,Web
O201654,2025-06-01,C1396,P015,1,18.64,0.0,Web
O203306,2025-06-01,C1360,P007,4,14.09,0.0,Store
O204533,2025-06-01,C1240,P022,4,2.77,0.0,Store
O201573,2025-06-01,C1385,P027,3,10.78,0.0,Store
O205019,2025-06-01,C1295,P004,3,20.17,0.0,Web
O204918,2025-06-01,C1125,P016,2,23.47,0.05,Store
O203362,2025-06-01,C1251,P012,5,32.76,0.0,Store
O201975,2025-06-01,C1129,P003,3,19.87,0.05,Web
O202702,2025-06-01,C1339,P007,2,14.09,0.0,Store
O202777,2025-06-01,C1159,P021,3,44.6,0.05,Store
O200227,2025-06-02,C1360,P001,3,9.71,0.0,Store
O205857,2025-06-02,C1129,P009,2,21.66,0.0,Store
O205087,2025-06-02,C1368,P022,5,2.77,0.0,Web
O201484,2025-06-02,C1357,P017,5,39.66,0.0,Store
O202354,2025-06-02,C1104,P020,3,7.45,0.0,Web
O201336,2025-06-02,C1384,P013,3,14.96,0.0,Store
O200243,2025-06-02,C1299,P016,5,23.47,0.0,Web
O205374,2025-06-02,C1110,P015,5,18.64,0.0,Web
O203411,2025-06-02,C1339,P022,4,2.77,0.0,Phone
O201528,2025-06-02,C1068,P018,3,30.77,0.0,Web
O203902,2025-06-02,C1184,P014,3,40.41,0.05,Web
O204681,2025-06-02,C1230,P022,5,2.77,0.05,Store
O202963,2025-06-02,C1098,P023,1,14.59,0.0,Store
O203869,2025-06-02,C1152,P005,34,10.44,0.15,Store
O201632,2025-06-02,C1380,P028,3,5.26,0.05,Store
O200621,2025-06-02,C1210,P016,3,23.47,0.0,Web
O204637,2025-06-02,C1092,P026,3,8.52,0.05,Store
O204429,2025-06-03,C1397,P008,3,18.86,0.0,Store
O203925,2025-06-03,C1104,P014,4,40.41,0.0,Web
O200713,2025-06-03,C1002,P019,5,5.6,0.0,Web
O204390,2025-06-03,C1187,P006,4,30.41,0.0,Store
O203044,2025-06-03,C1398,P026,2,8.52,0.0,Web
O200413,2025-06-03,C1281,P007,3,14.09,0.05,Store
O200911,2025-06-03,C1310,P026,4,8.52,0.0,Phone
O202010,2025-06-03,C1050,P018,1,30.77,0.0,Web
O203640,2025-06-03,C1118,P021,2,44.6,0.05,Web
O204208,2025-06-03,C1210,P027,4,10.78,0.0,Web
O202825,2025-06-03,C1283,P006,4,30.41,0.05,Store
O202567,2025-06-03,C1037,P017,5,39.66,0.0,Store
O200808,2025-06-03,C1170,P019,5,5.6,0.0,Web
O204331,2025-06-04,C1111,P005,2,10.44,0.0,Web
O203154,2025-06-04,C1155,P015,4,18.64,0.0,Web
O201454,2025-06-04,C1203,P011,5,12.22,0.0,Store
O200308,2025-06-04,C1284,P019,5,5.6,0.05,Web
O204554,2025-06-04,C1252,P028,5,5.26,0.0,Store
O203130,2025-06-04,C1123,P023,1,14.59,0.0,Web
O204293,2025-06-04,C1076,P024,3,43.21,0.0,Web
O203704,2025-06-04,C1363,P017,3,39.66,0.05,Web
O201096,2025-06-04,C1174,P020,4,7.45,0.0,Web
O202967,2025-06-04,C1327,P006,3,30.41,0.0,Web
O201534,2025-06-04,C1360,P026,4,8.52,0.0,Store
O200163,2025-06-04,C1244,P027,4,10.78,0.0,Phone
O200643,2025-06-04,C1309,P003,3,19.87,0.0,Web
O203682,2025-06-04,C1094,P025,5,2.16,0.05,Web
O202943,2025-06-04,C1118,P027,4,10.78,0.0,Store
O204498,2025-06-04,C1025,P005,3,10.44,0.0,Store
O201073,2025-06-04,C1281,P025,1,2.16,0.0,Store
O204162,2025-06-04,C1189,P004,1,20.17,0.0,Phone
O205758,2025-06-05,C1226,P006,44,30.41,0.15,Web
O200146,2025-06-05,C1054,P008,5,18.86,0.0,Store
O201729,2025-06-05,C1255,P029,3,22.03,0.0,Web
O205592,2025-06-05,C1340,P010,5,40.84,0.0,Web
O205768,2025-06-05,C1194,P018,3,30.77,0.0,Store
O202895,2025-06-05,C1312,P017,5,39.66,0.0,Store
O202325,2025-06-05,C1190,P004,5,20.17,0.0,Web
O201065,2025-06-05,C1127,P023,2,14.59,0.0,Store
O204858,2025-06-05,C1087,P009,4,21.66,0.0,Phone
O203063,2025-06-05,C1017,P026,3,8.52,0.0,Web
O204485,2025-06-05,C1226,P010,43,40.84,0.15,Store
O201200,2025-06-05,C1020,P004,5,20.17,0.0,Store
O201778,2025-06-05,C1036,P024,4,43.21,0.05,Phone
O203639,2025-06-05,C1096,P002,3,26.87,0.0,Store
O200998,2025-06-06,C1188,P024,2,43.21,0.05,Web
O203903,2025-06-06,C1383,P011,4,12.22,0.0,Store
O200682,2025-06-06,C1188,P003,2,19.87,0.0,Store
O205801,2025-06-06,C1021,P004,2,20.17,0.0,Store
O203229,2025-06-06,C1134,P026,1,8.52,0.0,Web
O204581,2025-06-06,C1367,P022,5,2.77,0.0,Web
O204252,2025-06-06,C1377,P005,3,10.44,0.0,Store
O203969,2025-06-06,C1342,P012,26,32.76,0.15,Web
O201302,2025-06-06,C1066,P009,3,21.66,0.0,Store
O205522,2025-06-06,C1362,P025,3,2.16,0.05,Phone
O200073,2025-06-06,C1378,P010,2,40.84,0.05,Store
O203895,2025-06-07,C1240,P002,3,26.87,0.0,Store
O204673,2025-06-07,C1365,P002,1,26.87,0.0,Store
O203238,2025-06-07,C1384,P009,3,21.66,0.0,Web
O200222,2025-06-07,C1291,P011,5,12.22,0.0,Web
O204911,2025-06-07,C1007,P018,4,30.77,0.0,Web
O203086,2025-06-07,C1299,P012,3,32.76,0.0,Store
O201680,2025-06-07,C1242,P015,5,18.64,0.05,Phone
O203344,2025-06-07,C1242,P014,3,40.41,0.0,Store
O200307,2025-06-08,C1007,P024,1,43.21,0.0,Web
O205063,2025-06-08,C1136,P024,2,43.21,0.0,Web
O201860,2025-06-08,C1389,P002,3,26.87,0.0,Web
O203273,2025-06-08,C1361,P029,4,22.03,0.05,Store
O201947,2025-06-08,C1021,P011,1,12.22,0.0,Web
O203987,2025-06-08,C1002,P030,2,27.27,0.0,Web
O202778,2025-06-08,C1239,P029,1,22.03,0.0,Web
O200678,2025-06-08,C1381,P008,2,18.86,0.05,Web
O203511,2025-06-08,C1264,P025,3,2.16,0.05,Web
O200305,2025-06-08,C1106,P020,4,7.45,0.0,Web
O203114,2025-06-09,C1065,P006,1,30.41,0.0,Store
O203354,2025-06-09,C1083,P027,1,10.78,0.0,Phone
O202662,2025-06-09,C1160,P001,4,9.71,0.0,Store
O201320,2025-06-09,C1123,P018,4,30.77,0.0,Store
O201177,2025-06-09,C1278,P003,5,19.87,0.05,Web
O203575,2025-06-09,C1134,P010,1,40.84,0.05,Web
O202579,2025-06-09,C1072,P026,2,8.52,0.05,Web
O200189,2025-06-09,C1290,P027,5,10.78,0.0,Store
O205869,2025-06-09,C1332,P006,4,30.41,0.0,Web
O201984,2025-06-09,C1378,P003,2,19.87,0.0,Phone
O202640,2025-06-09,C1216,P001,5,9.71,0.0,Web
O204464,2025-06-09,C1134,P021,2,44.6,0.0,Web
O200708,2025-06-09,C1398,P018,5,30.77,0.0,Web
O200973,2025-06-09,C1264,P012,3,32.76,0.05,Store
O204365,2025-06-09,C1246,P012,1,32.76,0.05,Store
O205688,2025-06-09,C1389,P015,5,18.64,0.0,Web
O200735,2025-06-09,C1129,P001,5,9.71,0.0,Web
O202140,2025-06-09,C1215,P024,3,43.21,0.0,Store
O203316,2025-06-10,C1116,P030,4,27.27,0.0,Web
O202691,2025-06-10,C1346,P016,3,23.47,0.0,Web
O204164,2025-06-10,C1124,P004,47,20.17,0.15,Store
O202138,2025-06-10,C1254,P009,2,21.66,0.0,Store
O201919,2025-06-10,C1215,P010,1,40.84,0.0,Phone
O201175,2025-06-10,C1158,P005,4,10.44,0.05,Phone
O204537,2025-06-10,C1348,P028,5,5.26,0.0,Phone
O201199,2025-06-10,C1365,P019,3,5.6,0.05,Store
O202104,2025-06-10,C1066,P003,4,19.87,0.0,Store
O203933,2025-06-10,C1128,P025,4,2.16,0.0,Web
O202000,2025-06-10,C1175,P022,1,2.77,0.0,Store
O203292,2025-06-10,C1398,P007,3,14.09,0.0,Web
O205475,2025-06-10,C1355,P019,1,5.6,0.0,Web
O201183,2025-06-10,C1002,P003,4,19.87,0.0,Web
O202651,2025-06-11,C1295,P025,2,2.16,0.0,Web
O204613,2025-06-11,C1342,P003,43,19.87,0.15,Web
O205852,2025-06-11,C1039,P015,4,18.64,0.0,Store
O201477,2025-06-11,C1072,P002,1,26.87,0.05,Web
O204567,2025-06-11,C1278,P016,4,23.47,0.0,Web
O205446,2025-06-11,C1076,P022,4,2.77,0.0,Web
O202336,2025-06-11,C1358,P015,5,18.64,0.0,Web
O203609,2025-06-11,C1103,P001,2,9.71,0.05,Store
O205366,2025-06-11,C1118,P029,1,22.03,0.0,Web
O202904,2025-06-11,C1364,P007,25,14.09,0.15,Web
O201006,2025-06-11,C1327,P017,4,39.66,0.05,Web
O202263,2025-06-11,C1211,P002,4,26.87,0.05,Store
O203460,2025-06-11,C1276,P023,2,14.59,0.0,Store
O201891,2025-06-11,C1076,P015,4,18.64,0.0,Web
O203754,2025-06-11,C1254,P024,5,43.21,0.05,Phone
O204690,2025-06-12,C1365,P022,5,2.77,0.05,Store
O203265,2025-06-12,C1211,P025,4,2.16,0.0,Store
O201983,2025-06-12,C1316,P030,4,27.27,0.0,Web
O204785,2025-06-12,C1065,P027,1,10.78,0.05,Web
O203779,2025-06-12,C1030,P024,4,43.21,0.0,Web
O200729,2025-06-12,C1210,P007,4,14.09,0.0,Store
O203941,2025-06-12,C1023,P018,3,30.77,0.0,Store
O203182,2025-06-12,C1173,P027,5,10.78,0.0,Store
O203905,2025-06-12,C1261,P003,2,19.87,0.0,Web
O205773,2025-06-12,C1376,P011,4,12.22,0.0,Store
O205672,2025-06-12,C1153,P006,38,30.41,0.15,Store
O200852,2025-06-12,C1376,P019,2,5.6,0.0,Store
O205214,2025-06-12,C1226,P019,37,5.6,0.15,Web
O201558,2025-06-12,C1215,P010,5,40.84,0.0,Web
O205757,2025-06-12,C1041,P005,2,10.44,0.05,Web
O201705,2025-06-12,C1197,P027,4,10.78,0.0,Store
O204343,2025-06-12,C1143,P014,1,40.41,0.0,Web
O204805,2025-06-12,C1175,P013,4,14.96,0.0,Store
O201015,2025-06-12,C1210,P015,5,18.64,0.0,Store
O200291,2025-06-12,C1355,P023,3,14.59,0.0,Store
O205265,2025-06-12,C1106,P020,3,7.45,0.0,Store
O205259,2025-06-12,C1380,P001,3,9.71,0.0,Web
O204329,2025-06-13,C1104,P019,3,5.6,0.05,Web
O205825,2025-06-13,C1224,P023,35,14.59,0.15,Web
O200127,2025-06-13,C1129,P029,3,22.03,0.0,Store
O201312,2025-06-13,C1253,P018,3,30.77,0.05,Phone
O204770,2025-06-13,C1386,P025,2,2.16,0.0,Web
O203549,2025-06-13,C1076,P017,4,39.66,0.0,Web
O205570,2025-06-13,C1158,P010,4,40.84,0.0,Web
O204574,2025-06-13,C1091,P014,3,40.41,0.0,Web
O204432,2025-06-13,C1096,P009,5,21.66,0.0,Phone
O203321,2025-06-13,C1149,P009,4,21.66,0.0,Web
O201970,2025-06-14,C1188,P017,1,39.66,0.0,Web
O204822,2025-06-14,C1231,P021,41,44.6,0.15,Store
O200931,2025-06-14,C1103,P025,1,2.16,0.0,Web
O204975,2025-06-14,C1193,P003,4,19.87,0.0,Web
O205379,2025-06-14,C1132,P017,2,39.66,0.0,Store
O204089,2025-06-14,C1174,P014,4,40.41,0.0,Web
O205746,2025-06-14,C1175,P014,4,40.41,0.0,Store
O205361,2025-06-14,C1072,P024,3,43.21,0.05,Web
O205560,2025-06-14,C1278,P011,4,12.22,0.0,Web
O205034,2025-06-14,C1310,P020,1,7.45,0.05,Store
O203633,2025-06-14,C1122,P007,4,14.09,0.0,Web
O201103,2025-06-14,C1116,P005,2,10.44,0.05,Web
O202869,2025-06-14,C1170,P025,3,2.16,0.0,Store
O203069,2025-06-14,C1156,P020,4,7.45,0.05,Web
O204273,2025-06-15,C1298,P009,3,21.66,0.0,Web
O202106,2025-06-15,C1068,P004,2,20.17,0.0,Web
O200254,2025-06-15,C1377,P020,5,7.45,0.0,Web
O200875,2025-06-15,C1076,P001,2,9.71,0.05,Web
O200351,2025-06-15,C1110,P009,5,21.66,0.0,Web
O200174,2025-06-15,C1211,P016,5,23.47,0.0,Store
O202876,2025-06-15,C1264,P030,1,27.27,0.0,Phone
O203021,2025-06-15,C1339,P017,4,39.66,0.0,Store
O200150,2025-06-15,C1159,P015,1,18.64,0.05,Web
O202164,2025-06-15,C1055,P018,2,30.77,0.0,Store
O201616,2025-06-15,C1116,P018,1,30.77,0.0,Web
O205363,2025-06-15,C1126,P024,1,43.21,0.0,Web
O202172,2025-06-15,C1249,P020,2,7.45,0.0,Store
O201250,2025-06-15,C1173,P008,2,18.86,0.0,Store
O202313,2025-06-15,C1182,P008,3,18.86,0.0,Web
O205737,2025-06-16,C1355,P018,3,30.77,0.0,Store
O202206,2025-06-16,C1245,P029,4,22.03,0.0,Phone
O205760,2025-06-16,C1213,P011,16,12.22,0.15,Store
O205809,2025-06-16,C1109,P016,3,23.47,0.0,Store
O200590,2025-06-16,C1281,P021,2,44.6,0.0,Phone
O202804,2025-06-16,C1391,P025,1,2.16,0.0,Web
O200826,2025-06-16,C1104,P026,2,8.52,0.0,Web
O205946,2025-06-16,C1063,P026,3,8.52,0.0,Store
O202026,2025-06-16,C1145,P017,1,39.66,0.05,Web
O201423,2025-06-16,C1021,P022,1,2.77,0.0,Web
O200944,2025-06-16,C1111,P026,1,8.52,0.0,Web
O202309,2025-06-16,C1355,P030,4,27.27,0.0,Web
O204758,2025-06-16,C1211,P009,5,21.66,0.05,Store
O205741,2025-06-17,C1228,P029,4,22.03,0.0,Web
O205089,2025-06-17,C1226,P029,28,22.03,0.15,Web
O203643,2025-06-17,C1102,P029,4,22.03,0.0,Store
O203040,2025-06-17,C1038,P003,4,19.87,0.0,Web
O201958,2025-06-17,C1115,P011,1,12.22,0.0,Web
O204360,2025-06-17,C1206,P030,1,27.27,0.0,Web
O202113,2025-06-17,C1071,P012,1,32.76,0.05,Store
O205932,2025-06-17,C1358,P026,2,8.52,0.0,Store
O201611,2025-06-17,C1165,P011,1,12.22,0.0,Store
O200017,2025-06-17,C1081,P010,2,40.84,0.0,Web
O202528,2025-06-17,C1271,P008,3,18.86,0.05,Store
O201574,2025-06-17,C1365,P015,4,18.64,0.0,Web
O205811,2025-06-17,C1157,P002,3,26.87,0.0,Store
O205977,2025-06-17,C1327,P017,5,39.66,0.0,Web
O201767,2025-06-18,C1396,P027,1,10.78,0.0,Web
O204719,2025-06-18,C1134,P008,2,18.86,0.0,Web
O203240,2025-06-18,C9999,P011,4,12.22,0.05,Store
O200161,2025-06-18,C1252,P028,3,5.26,0.0,Store
O203258,2025-06-18,C1136,P009,1,21.66,0.0,Web
O204156,2025-06-18,C1361,P003,2,19.87,0.0,Store
O202157,2025-06-18,C1068,P015,1,18.64,0.0,Web
O202112,2025-06-18,C1184,P018,4,30.77,0.05,Web
O203963,2025-06-18,C1381,P020,5,7.45,0.0,Web
O202248,2025-06-18,C1058,P006,2,30.41,0.05,Web
O204339,2025-06-18,C1147,P023,3,14.59,0.0,Store
O203011,2025-06-18,C1346,P013,1,14.96,0.0,Web
O205230,2025-06-18,C1254,P025,2,2.16,0.0,Store
O200390,2025-06-18,C1110,P001,5,9.71,0.0,Web
O202274,2025-06-18,C1216,P021,4,44.6,0.0,Web
O202858,2025-06-18,C1134,P019,1,5.6,0.0,Web
O201881,2025-06-18,C1190,P002,5,26.87,0.0,Store
O205667,2025-06-18,C1170,P023,3,14.59,0.05,Store
O205030,2025-06-18,C1278,P004,5,20.17,0.0,Web
O200536,2025-06-18,C1297,P023,2,14.59,0.0,Web
O204232,2025-06-18,C1273,P012,5,32.76,0.0,Web
O201939,2025-06-18,C1215,P012,3,32.76,0.0,Store
O205004,2025-06-18,C1245,P018,4,30.77,0.0,Store
O203890,2025-06-18,C1389,P017,5,39.66,0.05,Web
O203759,2025-06-18,C1389,P023,4,14.59,0.0,Web
O205460,2025-06-18,C1378,P017,3,39.66,0.05,Store
O200511,2025-06-19,C1314,P004,5,20.17,0.0,Store
O205654,2025-06-19,C1006,P021,3,44.6,0.0,Store
O200364,2025-06-19,C1383,P021,3,44.6,0.0,Store
O201572,2025-06-19,C1364,P011,47,12.22,0.15,Store
O201620,2025-06-19,C1284,P028,5,5.26,0.0,Web
O205910,2025-06-19,C1391,P022,1,2.77,0.0,Web
O200714,2025-06-19,C1098,P021,3,44.6,0.0,Store
O204352,2025-06-19,C1111,P021,1,44.6,0.0,Web
O201186,2025-06-19,C1115,P021,2,44.6,0.0,Web
O203594,2025-06-19,C1012,P022,3,2.77,0.0,Store
O203026,2025-06-19,C1227,P003,13,19.87,0.15,Web
O205937,2025-06-19,C1327,P012,1,32.76,0.0,Web
O205275,2025-06-19,C1103,P003,4,19.87,0.0,Web
O201079,2025-06-19,C1264,P010,2,40.84,0.0,Store
O201100,2025-06-19,C1189,P003,1,19.87,0.0,Store
O204724,2025-06-19,C1235,P018,5,30.77,0.05,Store
O200562,2025-06-19,C1199,P012,5,32.76,0.0,Phone
O203807,2025-06-19,C1242,P026,5,8.52,0.05,Phone
O204222,2025-06-19,C1382,P015,5,18.64,0.0,Store
O201786,2025-06-19,C1039,P008,2,18.86,0.0,Phone
O203051,2025-06-19,C1240,P023,3,14.59,0.0,Store
O205067,2025-06-20,C1226,P021,54,44.6,0.15,Store
O204955,2025-06-20,C1165,P018,4,30.77,0.0,Store
O203720,2025-06-20,C1377,P018,3,30.77,0.0,Store
O205085,2025-06-20,C1064,P022,5,2.77,0.0,Store
O205956,2025-06-20,C1017,P008,5,18.86,0.0,Web
O201389,2025-06-20,C1173,P004,1,20.17,0.05,Web
O200591,2025-06-20,C1109,P007,5,14.09,0.0,Store
O202282,2025-06-20,C1273,P003,3,19.87,0.0,Web
O205872,2025-06-20,C1222,P009,2,21.66,0.0,Phone
O204682,2025-06-20,C1093,P027,3,10.78,0.0,Web
O202863,2025-06-20,C1278,P026,4,8.52,0.0,Web
O203457,2025-06-20,C1226,P017,37,39.66,0.15,Store
O203597,2025-06-20,C1254,P019,1,5.6,0.05,Store
O201652,2025-06-21,C1036,P023,1,14.59,0.0,Store
O203944,2025-06-21,C1252,P013,5,14.96,0.0,Phone
O203562,2025-06-21,C1007,P024,4,43.21,0.05,Web
O204205,2025-06-21,C1147,P016,5,23.47,0.0,Web
O201865,2025-06-21,C1173,P011,4,12.22,0.0,Store
O200740,2025-06-21,C1076,P001,5,9.71,0.0,Web
O202243,2025-06-21,C1134,P029,5,22.03,0.0,Web
O201966,2025-06-21,C1091,P010,1,40.84,0.0,Web
O205994,2025-06-21,C1337,P022,5,2.77,0.0,Web
O202604,2025-06-22,C1261,P015,5,18.64,0.0,Web
O202178,2025-06-22,C1029,P027,2,10.78,0.05,Web
O200784,2025-06-22,C1254,P004,1,20.17,0.0,Web
O205726,2025-06-22,C1253,P019,1,5.6,0.0,Phone
O200601,2025-06-22,C1378,P021,5,44.6,0.0,Store
O201575,2025-06-22,C1170,P005,2,10.44,0.0,Store
O202903,2025-06-22,C1148,P007,3,14.09,0.05,Web
O205478,2025-06-22,C1132,P014,4,40.41,0.0,Store
O203425,2025-06-22,C1398,P022,2,2.77,0.05,Web
O204791,2025-06-22,C1281,P001,2,9.71,0.0,Store
O200853,2025-06-22,C1226,P003,55,19.87,0.15,Store
O205899,2025-06-22,C1376,P019,2,5.6,0.05,Store
O202984,2025-06-22,C1142,P008,2,18.86,0.0,Store
O203428,2025-06-23,C1208,P003,1,19.87,0.0,Web
O201754,2025-06-23,C1053,P029,2,22.03,0.05,Web
O203469,2025-06-23,C1240,P019,5,5.6,0.0,Store
O205426,2025-06-23,C1164,P012,36,32.76,0.15,Web
O203424,2025-06-23,C1382,P005,5,10.44,0.0,Web
O204416,2025-06-23,C1278,P021,4,44.6,0.0,Web
O203377,2025-06-23,C1255,P020,4,7.45,0.05,Web
O201338,2025-06-23,C1158,P008,1,18.86,0.0,Phone
O202490,2025-06-23,C1378,P012,3,32.76,0.05,Web
O202450,2025-06-23,C1076,P003,4,19.87,0.0,Web
O203803,2025-06-23,C1002,P020,2,7.45,0.0,Web
O201613,2025-06-23,C1132,P024,4,43.21,0.05,Store
O201118,2025-06-23,C1310,P020,2,7.45,0.0,Web
O205114,2025-06-23,C1117,P013,2,14.96,0.0,Store
O202476,2025-06-24,C1266,P019,4,5.6,0.0,Web
O200131,2025-06-24,C1061,P026,54,8.52,0.15,Store
O204779,2025-06-24,C1284,P029,2,22.03,0.05,Web
O200344,2025-06-24,C1297,P017,4,39.66,0.05,Web
O202796,2025-06-24,C1389,P019,2,5.6,0.0,Web
O202393,2025-06-24,C1042,P018,4,30.77,0.05,Store
O202102,2025-06-24,C1217,P009,5,21.66,0.05,Web
O203413,2025-06-24,C1205,P001,5,9.71,0.0,Web
O201297,2025-06-24,C1281,P026,3,8.52,0.0,Phone
O201987,2025-06-24,C1007,P030,4,27.27,0.0,Web
O202375,2025-06-24,C1186,P029,2,22.03,0.0,Store
O205881,2025-06-24,C1127,P011,4,12.22,0.0,Store
O205634,2025-06-24,C1134,P023,5,14.59,0.0,Web
O201896,2025-06-24,C1204,P024,5,43.21,0.0,Web
O204139,2025-06-24,C1226,P019,34,5.6,0.15,Web
O204149,2025-06-24,C1065,P022,1,2.77,0.0,Web
O203603,2025-06-24,C1379,P008,2,18.86,0.0,Web
O202353,2025-06-24,C1360,P010,2,40.84,0.0,Store
O200397,2025-06-24,C1170,P017,5,39.66,0.05,Web
O200681,2025-06-24,C1380,P018,1,30.77,0.0,Store
O205719,2025-06-25,C1274,P007,3,14.09,0.0,Store
O200235,2025-06-25,C1072,P008,2,18.86,0.0,Web
O205953,2025-06-25,C1264,P029,4,22.03,0.0,Web
O200968,2025-06-25,C1215,P026,2,8.52,0.0,Phone
O204442,2025-06-25,C1103,P013,5,14.96,0.0,Web
O205324,2025-06-25,C1083,P010,4,40.84,0.0,Store
O200857,2025-06-25,C1123,P026,1,8.52,0.0,Store
O201856,2025-06-25,C1264,P023,1,14.59,0.0,Web
O201084,2025-06-25,C1234,P007,1,14.09,0.0,Web
O203835,2025-06-25,C1002,P025,4,2.16,0.0,Web
O201333,2025-06-26,C1106,P014,3,40.41,0.0,Store
O200477,2025-06-26,C1231,P021,27,44.6,0.15,Store
O201402,2025-06-26,C1311,P026,2,8.52,0.0,Store
O200720,2025-06-26,C1017,P029,3,22.03,0.0,Web
O203960,2025-06-26,C1129,P026,1,8.52,0.0,Store
O205251,2025-06-26,C1348,P002,1,26.87,0.0,Web
O202400,2025-06-26,C1059,P024,4,43.21,0.05,Store
O203257,2025-06-26,C1108,P004,1,20.17,0.0,Store
O205782,2025-06-27,C1041,P014,1,40.41,0.05,Web
O201058,2025-06-27,C1227,P024,20,43.21,0.15,Store
O203693,2025-06-27,C1154,P010,27,40.84,0.15,Store
O201943,2025-06-27,C1214,P027,4,10.78,0.0,Web
O201922,2025-06-27,C1040,P006,2,30.41,0.0,Store
O202420,2025-06-27,C1173,P021,3,44.6,0.0,Store
O201130,2025-06-27,C1239,P019,3,5.6,0.0,Web
O203410,2025-06-27,C1358,P021,2,44.6,0.0,Phone
O200493,2025-06-27,C1157,P022,1,2.77,0.0,Store
O200557,2025-06-28,C1367,P009,2,21.66,0.0,Web
O202154,2025-06-28,C1358,P014,1,40.41,0.05,Web
O202214,2025-06-28,C1039,P020,1,7.45,0.0,Store
O203839,2025-06-28,C1081,P008,4,18.86,0.0,Web
O205437,2025-06-28,C1240,P002,1,26.87,0.0,Store
O205893,2025-06-28,C1226,P013,41,14.96,0.15,Store
O200522,2025-06-28,C1333,P007,2,14.09,0.0,Phone
O201952,2025-06-28,C1214,P026,4,8.52,0.0,Web
O201698,2025-06-28,C1159,P019,2,5.6,0.05,Phone
O203913,2025-06-28,C1259,P014,3,40.41,0.0,Store
O203646,2025-06-28,C1213,P024,55,43.21,0.15,Store
O200516,2025-06-28,C1079,P002,4,26.87,0.0,Web
O202868,2025-06-28,C1099,P002,3,26.87,0.0,Web
O202250,2025-06-28,C1101,P028,48,5.26,0.15,Store
O200274,2025-06-28,C1049,P001,2,9.71,0.0,Web
O205597,2025-06-28,C1253,P030,4,27.27,0.0,Store
O204198,2025-06-28,C1333,P019,3,5.6,0.0,Store
O203615,2025-06-28,C1216,P025,1,2.16,0.0,Web
O203376,2025-06-28,C1339,P018,3,30.77,0.05,Web
O202050,2025-06-28,C1154,P021,18,44.6,0.15,Web
O204337,2025-06-29,C1157,P024,1,43.21,0.0,Phone
O204979,2025-06-29,C1386,P027,4,10.78,0.0,Web
O205859,2025-06-29,C1081,P027,3,10.78,0.0,Web
O202957,2025-06-29,C1137,P012,4,32.76,0.0,Store
O201879,2025-06-29,C1150,P018,1,30.77,0.0,Store
O201457,2025-06-29,C1384,P026,2,8.52,0.05,Store
O203301,2025-06-29,C1006,P006,4,30.41,0.0,Store
O204418,2025-06-29,C1051,P026,1,8.52,0.0,Web
O201051,2025-06-29,C1252,P009,1,21.66,0.0,Store
O201815,2025-06-29,C1192,P006,2,30.41,0.0,Web
O202771,2025-06-29,C1134,P017,2,39.66,0.0,Web
O205602,2025-06-29,C1357,P002,3,26.87,0.0,Store
O201904,2025-06-29,C1142,P023,3,14.59,0.05,Store
O204492,2025-06-29,C1098,P010,3,40.84,0.0,Web
O203003,2025-06-29,C1389,P027,4,10.78,0.0,Web
O203568,2025-06-29,C1313,P006,59,30.41,0.15,Store
O203048,2025-06-30,C1387,P023,4,14.59,0.0,Web
O200356,2025-06-30,C1137,P023,5,14.59,0.0,Web
O204951,2025-06-30,C1017,P010,3,40.84,0.05,Web
O202500,2025-06-30,C1041,P014,4,40.41,0.0,Web
O202749,2025-06-30,C1378,P017,1,39.66,0.0,Web
O203995,2025-06-30,C1159,P014,2,40.41,0.0,Web
O200304,2025-06-30,C1027,P026,5,8.52,0.05,Web
O202538,2025-06-30,C1346,P015,4,18.64,0.05,Web
O200480,2025-06-30,C1361,P030,3,27.27,0.0,Store
O205196,2025-06-30,C1184,P024,1,43.21,0.0,Web
O200058,2025-06-30,C1085,P011,25,12.22,0.15,Store
O200233,2025-06-30,C1394,P012,1,32.76,0.0,Store
O202338,2025-06-30,C1116,P026,1,8.52,0.0,Web
O204408,2025-06-30,C1096,P024,1,43.21,0.05,Store
O201917,2025-06-30,C1096,P008,2,18.86,0.0,Web
O200155,2025-06-30,C1022,P025,10,2.16,0.15,Store
O201242,2025-06-30,C1101,P008,41,18.86,0.15,Web
O205871,2025-06-30,C1389,P007,5,14.09,0.0,Web
O200832,2025-06-30,C1096,P014,5,40.41,0.0,Store
O200734,2025-07-01,C1358,P019,4,5.6,0.05,Phone
O204223,2025-07-01,C1365,P015,2,18.64,0.0,Store
O204461,2025-07-01,C1345,P006,3,30.41,0.0,Web
O202663,2025-07-01,C1296,P013,1,14.96,0.0,Web
O204683,2025-07-01,C1021,P001,3,9.71,0.0,Store
O200780,2025-07-01,C1212,P020,5,7.45,0.0,Web
O202971,2025-07-01,C1254,P007,2,14.09,0.0,Store
O203916,2025-07-01,C1339,P011,1,12.22,0.0,Store
O202449,2025-07-01,C1360,P020,4,7.45,0.0,Phone
O200434,2025-07-01,C1384,P006,1,30.41,0.0,Web
O201248,2025-07-01,C1103,P028,5,5.26,0.0,Store
O201515,2025-07-01,C1281,P018,2,30.77,0.05,Web
O200622,2025-07-01,C1228,P016,1,23.47,0.0,Web
O201182,2025-07-01,C1127,P015,2,18.64,0.0,Store
O202977,2025-07-01,C1377,P008,4,18.86,0.0,Store
O201950,2025-07-01,C1239,P009,5,21.66,0.05,Web
O201460,2025-07-01,C1022,P021,18,44.6,0.15,Web
O205403,2025-07-01,C1041,P027,4,10.78,0.0,Web
O205571,2025-07-01,C1142,P014,5,40.41,0.0,Web
O202249,2025-07-02,C1103,P005,5,10.44,0.0,Store
O204435,2025-07-02,C1103,P013,3,14.96,0.0,Store
O201516,2025-07-02,C1081,P016,2,23.47,0.0,Web
O205675,2025-07-02,C1381,P021,5,44.6,0.0,Web
O200527,2025-07-02,C1365,P004,5,20.17,0.0,Web
O204762,2025-07-02,C1313,P028,40,5.26,0.15,Store
O205235,2025-07-02,C1166,P009,5,21.66,0.0,Store
O200262,2025-07-02,C1205,P010,1,40.84,0.05,Store
O204340,2025-07-02,C1278,P003,2,19.87,0.0,Web
O203379,2025-07-02,C1111,P019,3,5.6,0.05,Web
O204336,2025-07-02,C1115,P004,1,20.17,0.0,Web
O200994,2025-07-02,C1261,P021,3,44.6,0.0,Web
O202359,2025-07-02,C1360,P027,2,10.78,0.0,Web
O204358,2025-07-02,C1312,P001,2,9.71,0.0,Store
O203610,2025-07-02,C1324,P029,4,22.03,0.0,Web
O205730,2025-07-02,C1026,P012,5,32.76,0.0,Web
O200820,2025-07-02,C1002,P012,1,32.76,0.0,Web
O203251,2025-07-02,C1046,P006,2,30.41,0.0,Store
O202799,2025-07-02,C1143,P005,5,10.44,0.0,Web
O202200,2025-07-02,C1317,P029,5,22.03,0.0,Web
O201608,2025-07-02,C1134,P003,5,19.87,0.0,Web
O203210,2025-07-02,C1314,P003,1,19.87,0.05,Store
O205729,2025-07-02,C1333,P025,3,2.16,0.0,Phone
O202234,2025-07-02,C1117,P006,1,30.41,0.05,Store
O202170,2025-07-02,C1355,P022,1,2.77,0.0,Store
O201436,2025-07-03,C1086,P028,4,5.26,0.05,Phone
O203898,2025-07-03,C1186,P021,4,44.6,0.0,Web
O203172,2025-07-03,C1347,P008,2,18.86,0.0,Web
O201598,2025-07-03,C1208,P024,4,43.21,0.05,Web
O200083,2025-07-03,C1246,P006,5,30.41,0.05,Store
O200737,2025-07-03,C1233,P003,4,19.87,0.0,Web
O204527,2025-07-03,C1134,P001,3,9.71,0.0,Web
O205027,2025-07-03,C1332,P005,5,10.44,0.0,Web
O200457,2025-07-03,C1184,P006,1,30.41,0.0,Web
O201495,2025-07-03,C1002,P025,4,2.16,0.05,Web
O205177,2025-07-03,C1099,P026,4,8.52,0.05,Store
O203255,2025-07-03,C1009,P005,1,10.44,0.0,Store
O205905,2025-07-03,C1246,P014,1,40.41,0.0,Phone
O201296,2025-07-03,C1358,P007,5,14.09,0.05,Phone
O204562,2025-07-03,C1054,P015,4,18.64,0.05,Store
O200602,2025-07-03,C1245,P013,5,14.96,0.0,Store
O205686,2025-07-03,C1062,P013,41,14.96,0.15,Store
O205999,2025-07-03,C1273,P011,1,12.22,0.0,Web
O202701,2025-07-04,C1255,P016,3,23.47,0.0,Store
O203419,2025-07-04,C1037,P028,5,5.26,0.0,Store
O201733,2025-07-04,C1382,P024,1,43.21,0.0,Web
O203024,2025-07-04,C1123,P009,1,21.66,0.0,Store
O200656,2025-07-04,C1330,P005,5,10.44,0.0,Web
O200693,2025-07-04,C1104,P002,2,26.87,0.0,Web
O203565,2025-07-04,C1251,P021,3,44.6,0.0,Web
O203814,2025-07-04,C1011,P006,4,30.41,0.0,Store
O204150,2025-07-04,C1253,P027,1,10.78,0.0,Store
O200856,2025-07-04,C1254,P009,1,21.66,0.0,Phone
O200011,2025-07-04,C1159,P007,2,14.09,0.0,Store
O204995,2025-07-04,C1211,P029,4,22.03,0.0,Store
O202264,2025-07-04,C1180,P029,4,22.03,0.0,Web
O202141,2025-07-04,C1363,P014,1,40.41,0.0,Store
O200245,2025-07-04,C1151,P021,2,44.6,0.05,Web
O200404,2025-07-04,C1368,P025,5,2.16,0.0,Web
O200828,2025-07-04,C1009,P014,5,40.41,0.0,Store
O204816,2025-07-04,C1307,P004,5,20.17,0.05,Web
O201009,2025-07-04,C1252,P024,5,43.21,0.0,Store
O205036,2025-07-05,C1144,P010,2,40.84,0.0,Phone
O205273,2025-07-05,C1104,P012,1,32.76,0.0,Web
O200673,2025-07-05,C1187,P009,1,21.66,0.0,Store
O203539,2025-07-05,C1031,P021,1,44.6,0.05,Store
O201284,2025-07-05,C1081,P002,4,26.87,0.0,Web
O201385,2025-07-05,C1358,P018,5,30.77,0.0,Store
O202557,2025-07-05,C1226,P010,14,40.84,0.15,Web
O203263,2025-07-05,C1299,P028,2,5.26,0.0,Web
O204409,2025-07-05,C1101,P026,58,8.52,0.15,Store
O204914,2025-07-05,C1383,P016,4,23.47,0.0,Store
O205079,2025-07-05,C1231,P028,33,5.26,0.15,Store
O200727,2025-07-05,C1134,P002,4,26.87,0.0,Web
O200914,2025-07-05,C1243,P022,19,2.77,0.15,Store
O201080,2025-07-05,C1381,P002,2,26.87,0.05,Store
O203348,2025-07-05,C1265,P003,4,19.87,0.0,Web
O205610,2025-07-05,C1310,P030,2,27.27,0.0,Store
O203588,2025-07-05,C1137,P025,3,2.16,0.0,Store
O202606,2025-07-05,C1338,P007,2,14.09,0.0,Phone
O201163,2025-07-06,C1196,P013,3,14.96,0.0,Web
O201467,2025-07-06,C1047,P016,3,23.47,0.0,Web
O200192,2025-07-06,C1188,P029,1,22.03,0.0,Store
O205623,2025-07-06,C1212,P020,4,7.45,0.0,Web
O204811,2025-07-06,C1184,P009,2,21.66,0.05,Web
O200051,2025-07-06,C1236,P016,19,23.47,0.15,Phone
O202029,2025-07-06,C1389,P011,3,12.22,0.0,Web
O200804,2025-07-06,C1374,P022,2,2.77,0.0,Store
O203899,2025-07-06,C1129,P028,2,5.26,0.0,Store
O202546,2025-07-06,C1210,P029,3,22.03,0.0,Store
O204189,2025-07-06,C1127,P022,5,2.77,0.0,Phone
O202855,2025-07-06,C1248,P023,4,14.59,0.0,Web
O200546,2025-07-06,C1090,P011,1,12.22,0.0,Web
O204698,2025-07-06,C1027,P022,2,2.77,0.05,Web
O203538,2025-07-06,C1254,P011,1,12.22,0.0,Web
O205750,2025-07-07,C1360,P027,2,10.78,0.0,Web
O201699,2025-07-07,C1254,P008,1,18.86,0.05,Store
O202537,2025-07-07,C1123,P030,3,27.27,0.0,Web
O200724,2025-07-07,C1288,P007,35,14.09,0.15,Web
O202503,2025-07-07,C1111,P022,1,2.77,0.0,Web
O203978,2025-07-07,C1235,P016,3,23.47,0.0,Store
O200813,2025-07-07,C1096,P001,5,9.71,0.0,Web
O205790,2025-07-07,C1279,P021,5,44.6,0.0,Web
O203374,2025-07-07,C1286,P012,4,32.76,0.0,Web
O204403,2025-07-07,C1210,P028,3,5.26,0.0,Store
O205668,2025-07-07,C1107,P002,10,26.87,0.15,Store
O200113,2025-07-07,C1394,P003,1,19.87,0.05,Phone
O201728,2025-07-07,C1124,P012,14,32.76,0.15,Store
O201894,2025-07-07,C1257,P030,1,27.27,0.0,Web
O204440,2025-07-07,C1242,P001,4,9.71,0.05,Store
O203857,2025-07-07,C1251,P013,5,14.96,0.05,Store
O200904,2025-07-08,C1387,P028,3,5.26,0.0,Web
O204679,2025-07-08,C1242,P017,1,39.66,0.0,Store
O200452,2025-07-08,C1298,P001,5,9.71,0.05,Web
O203709,2025-07-08,C1122,P008,3,18.86,0.0,Web
O201657,2025-07-08,C1064,P021,4,44.6,0.0,Store
O205779,2025-07-08,C1313,P028,58,5.26,0.15,Store
O204310,2025-07-08,C1248,P021,3,44.6,0.0,Web
O203593,2025-07-08,C1075,P021,5,44.6,0.05,Web
O202893,2025-07-08,C1176,P008,3,18.86,0.0,Web
O202650,2025-07-08,C1212,P024,2,43.21,0.05,Store
O205323,2025-07-08,C1150,P005,3,10.44,0.0,Phone
O203019,2025-07-09,C1177,P025,5,2.16,0.0,Web
O204158,2025-07-09,C1079,P022,5,2.77,0.0,Store
O205269,2025-07-09,C1129,P010,2,40.84,0.0,Web
O201630,2025-07-09,C1098,P026,1,8.52,0.05,Store
O204766,2025-07-09,C1043,P013,3,14.96,0.05,Web
O202533,2025-07-09,C1127,P009,1,21.66,0.0,Phone
O202497,2025-07-09,C1017,P028,1,5.26,0.05,Web
O202583,2025-07-09,C1367,P016,1,23.47,0.05,Web
O201644,2025-07-09,C1389,P004,3,20.17,0.05,Web
O203049,2025-07-09,C1086,P014,4,40.41,0.0,Store
O201979,2025-07-09,C1192,P006,5,30.41,0.0,Store
O202713,2025-07-09,C1294,P025,11,2.16,0.15,Store
O205981,2025-07-09,C1168,P016,1,23.47,0.05,Web
O202262,2025-07-09,C1126,P029,3,22.03,0.0,Store
O203790,2025-07-09,C1192,P026,5,8.52,0.0,Store
O201622,2025-07-09,C1132,P014,5,40.41,0.0,Store
O201134,2025-07-09,C1102,P018,2,30.77,0.0,Store
O201321,2025-07-10,C1378,P026,2,8.52,0.05,Web
O203164,2025-07-10,C1119,P010,4,40.84,0.0,Web
O204417,2025-07-10,C1301,P010,1,40.84,0.0,Store
O204932,2025-07-10,C1081,P004,5,20.17,0.0,Web
O202499,2025-07-10,C1251,P014,5,40.41,0.0,Store
O201422,2025-07-10,C1380,P020,1,7.45,0.0,Store
O203461,2025-07-10,C1067,P016,5,23.47,0.0,Store
O202208,2025-07-10,C1361,P008,1,18.86,0.0,Web
O201591,2025-07-10,C1393,P003,18,19.87,0.15,Store
O202539,2025-07-10,C1184,P001,5,9.71,0.0,Web
O200545,2025-07-10,C1209,P020,4,7.45,0.0,Store
O205420,2025-07-10,C1187,P014,3,40.41,0.0,Store
O200531,2025-07-10,C1211,P015,5,18.64,0.0,Store
O205012,2025-07-11,C1210,P021,2,44.6,0.05,Web
O204992,2025-07-11,C1226,P004,36,20.17,0.15,Store
O202468,2025-07-11,C1158,P022,3,2.77,0.0,Web
O203953,2025-07-11,C1181,P005,3,10.44,0.0,Web
O201676,2025-07-11,C1083,P026,4,8.52,0.05,Store
O202100,2025-07-11,C1124,P021,26,44.6,0.15,Phone
O204301,2025-07-11,C1196,P005,4,10.44,0.0,Web
O203163,2025-07-11,C1125,P018,1,30.77,0.05,Web
O202295,2025-07-11,C1122,P018,1,30.77,0.0,Web
O200822,2025-07-11,C1040,P003,3,19.87,0.05,Store
O203216,2025-07-11,C1211,P025,1,2.16,0.0,Store
O205706,2025-07-11,C1210,P007,5,14.09,0.0,Web
O202159,2025-07-11,C1237,P004,4,20.17,0.0,Web
O204404,2025-07-11,C1251,P015,2,18.64,0.0,Store
O201965,2025-07-11,C1039,P004,2,20.17,0.05,Phone
O204143,2025-07-11,C1254,P008,4,18.86,0.0,Store
O205450,2025-07-11,C1264,P014,4,40.41,0.05,Phone
O200553,2025-07-12,C1034,P003,46,19.87,0.15,Web
O200414,2025-07-12,C1140,P021,35,44.6,0.15,Web
O204768,2025-07-12,C1362,P027,5,10.78,0.05,Store
O201628,2025-07-12,C1188,P008,5,18.86,0.0,Phone
O203728,2025-07-12,C1389,P006,1,30.41,0.0,Web
O205985,2025-07-12,C1110,P016,5,23.47,0.05,Web
O205900,2025-07-12,C1025,P011,4,12.22,0.0,Store
O202373,2025-07-12,C1072,P030,5,27.27,0.0,Web
O201147,2025-07-12,C1129,P022,5,2.77,0.0,Phone
O204201,2025-07-12,C1009,P022,4,2.77,0.0,Web
O202770,2025-07-12,C1103,P019,1,5.6,0.0,Store
O203385,2025-07-12,C1307,P016,5,23.47,0.0,Web
O203661,2025-07-12,C1316,P019,3,5.6,0.0,Web
O204064,2025-07-12,C1070,P020,20,7.45,0.15,Phone
O200283,2025-07-12,C1396,P005,3,10.44,0.0,Web
O204508,2025-07-12,C1224,P027,42,10.78,0.15,Web
O203618,2025-07-12,C1081,P010,2,40.84,0.0,Web
O200476,2025-07-13,C1092,P002,1,26.87,0.05,Store
O200447,2025-07-13,C1009,P002,5,26.87,0.0,Store
O203641,2025-07-13,C1170,P025,2,2.16,0.0,Store
O201912,2025-07-13,C1255,P009,1,21.66,0.05,Store
O200320,2025-07-13,C1264,P010,4,40.84,0.0,Store
O204284,2025-07-13,C1232,P012,5,32.76,0.05,Web
O205559,2025-07-13,C1212,P011,3,12.22,0.0,Store
O203058,2025-07-13,C1243,P027,58,10.78,0.15,Store
O201647,2025-07-13,C1270,P004,26,20.17,0.15,Store
O200754,2025-07-13,C1356,P006,4,30.41,0.0,Web
O205787,2025-07-14,C1067,P011,2,12.22,0.05,Store
O203504,2025-07-14,C1076,P007,3,14.09,0.0,Web
O205100,2025-07-14,C1159,P011,3,12.22,0.0,Store
O205795,2025-07-14,C1330,P013,4,14.96,0.0,Phone
O205286,2025-07-14,C1123,P024,2,43.21,0.0,Store
O205802,2025-07-14,C1318,P014,2,40.41,0.0,Web
O202080,2025-07-14,C1197,P001,1,9.71,0.0,Store
O204901,2025-07-14,C1252,P023,3,14.59,0.0,Web
O201802,2025-07-14,C1030,P014,4,40.41,0.0,Store
O200290,2025-07-14,C1367,P030,2,27.27,0.0,Web
O205673,2025-07-14,C1186,P020,5,7.45,0.05,Store
O203854,2025-07-14,C1365,P028,4,5.26,0.05,Store
O203666,2025-07-14,C1041,P019,1,5.6,0.0,Web
O201829,2025-07-14,C1079,P002,5,26.87,0.0,Web
O201448,2025-07-14,C1362,P021,2,44.6,0.0,Store
O203573,2025-07-14,C1348,P023,3,14.59,0.05,Store
O203753,2025-07-14,C1203,P006,1,30.41,0.0,Store
O205149,2025-07-14,C1212,P023,3,14.59,0.0,Store
O205780,2025-07-15,C1211,P006,5,30.41,0.0,Store
O203364,2025-07-15,C1103,P023,5,14.59,0.05,Store
O200010,2025-07-15,C1246,P021,3,44.6,0.0,Store
O201873,2025-07-15,C1307,P007,4,14.09,0.0,Store
O204552,2025-07-15,C1365,P028,3,5.26,0.0,Store
O202364,2025-07-15,C1101,P015,48,18.64,0.15,Store
O202432,2025-07-15,C1131,P019,5,5.6,0.05,Web
O204217,2025-07-15,C1246,P001,4,9.71,0.0,Phone
O204640,2025-07-15,C1365,P003,3,19.87,0.05,Store
O202755,2025-07-15,C1086,P025,1,2.16,0.0,Web
O203924,2025-07-15,C1187,P008,3,18.86,0.05,Store
O203161,2025-07-15,C1062,P011,20,12.22,0.15,Store
O204300,2025-07-15,C1330,P004,2,20.17,0.0,Store
O200215,2025-07-15,C1226,P019,13,5.6,0.15,Store
O202203,2025-07-16,C1182,P003,2,19.87,0.0,Web
O203758,2025-07-16,C1039,P011,3,12.22,0.0,Store
O201241,2025-07-16,C1340,P003,1,19.87,0.0,Store
O202098,2025-07-16,C1299,P013,4,14.96,0.0,Store
O202116,2025-07-16,C1227,P030,52,27.27,0.15,Web
O200864,2025-07-16,C1328,P023,2,14.59,0.0,Store
O202155,2025-07-16,C1096,P002,1,26.87,0.0,Web
O203475,2025-07-16,C1007,P019,1,5.6,0.0,Web
O201341,2025-07-16,C1188,P027,4,10.78,0.0,Store
O201703,2025-07-16,C1358,P010,2,40.84,0.0,Web
O200773,2025-07-16,C1254,P018,5,30.77,0.0,Store
O203999,2025-07-16,C1256,P023,4,14.59,0.0,Store
O201191,2025-07-16,C1213,P027,26,10.78,0.15,Store
O202548,2025-07-16,C1090,P023,5,14.59,0.0,Store
O202845,2025-07-16,C1298,P022,2,2.77,0.0,Web
O201398,2025-07-16,C1048,P006,2,30.41,0.0,Store
O204406,2025-07-16,C1365,P006,4,30.41,0.0,Web
O200352,2025-07-17,C1007,P015,1,18.64,0.0,Web
O201005,2025-07-17,C1081,P030,5,27.27,0.0,Web
O203120,2025-07-17,C1389,P009,4,21.66,0.0,Web
O202897,2025-07-17,C1182,P018,1,30.77,0.05,Web
O203518,2025-07-17,C1211,P010,5,40.84,0.05,Store
O200971,2025-07-17,C1155,P010,3,40.84,0.05,Web
O200588,2025-07-17,C1256,P023,2,14.59,0.0,Store
O201239,2025-07-17,C1398,P005,5,10.44,0.0,Web
O202577,2025-07-17,C1175,P006,5,30.41,0.0,Web
O201923,2025-07-17,C1213,P012,49,32.76,0.15,Web
O205075,2025-07-17,C1273,P009,3,21.66,0.0,Web
O202137,2025-07-17,C1132,P012,3,32.76,0.05,Store
O204045,2025-07-17,C1286,P011,1,12.22,0.0,Web
O203192,2025-07-17,C1170,P013,4,14.96,0.0,Store
O203350,2025-07-17,C1047,P006,5,30.41,0.0,Store
O200130,2025-07-17,C1174,P015,4,18.64,0.0,Store
O200097,2025-07-17,C1041,P025,5,2.16,0.0,Web
O202092,2025-07-17,C1099,P019,3,5.6,0.05,Web
O203412,2025-07-18,C1143,P022,1,2.77,0.0,Web
O201188,2025-07-18,C1150,P030,1,27.27,0.05,Store
O202489,2025-07-18,C1368,P004,5,20.17,0.0,Web
O205410,2025-07-18,C1055,P017,4,39.66,0.0,Store
O204592,2025-07-18,C1143,P012,3,32.76,0.0,Web
O203380,2025-07-18,C1085,P016,54,23.47,0.15,Web
O204443,2025-07-18,C1381,P012,3,32.76,0.0,Store
O201866,2025-07-18,C1041,P026,2,8.52,0.0,Web
O203816,2025-07-18,C1245,P028,4,5.26,0.0,Store
O204353,2025-07-18,C1336,P014,3,40.41,0.0,Web
O202237,2025-07-18,C1126,P007,5,14.09,0.0,Store
O200936,2025-07-18,C1222,P026,4,8.52,0.0,Store
O201603,2025-07-19,C1230,P025,2,2.16,0.0,Store
O202350,2025-07-19,C1160,P015,4,18.64,0.0,Store
O200785,2025-07-19,C1184,P022,5,2.77,0.0,Web
O201403,2025-07-20,C1067,P030,5,27.27,0.0,Store
O202637,2025-07-20,C1309,P024,5,43.21,0.0,Web
O200886,2025-07-20,C1220,P020,1,7.45,0.0,Web
O200443,2025-07-20,C1155,P021,4,44.6,0.0,Web
O204560,2025-07-20,C1134,P023,1,14.59,0.05,Web
O200672,2025-07-20,C1132,P022,3,2.77,0.0,Store
O203190,2025-07-20,C1012,P008,4,18.86,0.0,Store
O201945,2025-07-20,C1343,P018,4,30.77,0.0,Store
O204930,2025-07-20,C1212,P010,2,40.84,0.05,Store
O203174,2025-07-20,C1397,P008,1,18.86,0.0,Store
O203392,2025-07-20,C1273,P010,5,40.84,0.0,Web
O203148,2025-07-20,C1041,P019,3,5.6,0.0,Web
O204250,2025-07-20,C1046,P019,3,5.6,0.0,Store
O205325,2025-07-20,C1230,P009,5,21.66,0.0,Web
O203578,2025-07-20,C1283,P027,2,10.78,0.0,Store
O200294,2025-07-21,C1361,P005,2,10.44,0.0,Web
O201379,2025-07-21,C1389,P005,4,10.44,0.0,Web
O200237,2025-07-21,C1226,P020,36,7.45,0.15,Web
O202322,2025-07-21,C1198,P022,3,2.77,0.0,Web
O203382,2025-07-21,C1150,P002,4,26.87,0.0,Store
O201245,2025-07-21,C1332,P017,3,39.66,0.0,Web
O203726,2025-07-21,C1030,P014,3,40.41,0.0,Store
O203952,2025-07-21,C1081,P023,3,14.59,0.0,Web
O201964,2025-07-21,C1257,P016,4,23.47,0.05,Web
O204051,2025-07-21,C1170,P008,5,18.86,0.0,Web
O204818,2025-07-21,C1203,P023,2,14.59,0.0,Store
O205799,2025-07-21,C1088,P015,3,18.64,0.05,Web
O201136,2025-07-21,C1142,P012,1,32.76,0.0,Store
O204261,2025-07-21,C1342,P008,28,18.86,0.15,Store
O202590,2025-07-21,C1389,P009,4,21.66,0.0,Web
O204493,2025-07-21,C1129,P009,3,21.66,0.0,Store
O202665,2025-07-22,C1245,P025,4,2.16,0.0,Store
O204920,2025-07-22,C1358,P001,1,9.71,0.0,Store
O205631,2025-07-22,C1210,P014,2,40.41,0.05,Web
O203100,2025-07-22,C1052,P015,2,18.64,0.0,Store
O203787,2025-07-22,C1242,P030,1,27.27,0.0,Store
O202216,2025-07-22,C1063,P011,1,12.22,0.0,Web
O203324,2025-07-22,C1038,P002,4,26.87,0.0,Web
O203275,2025-07-22,C1079,P008,4,18.86,0.0,Store
O205831,2025-07-22,C1327,P024,4,43.21,0.05,Web
O200872,2025-07-22,C1384,P024,1,43.21,0.05,Store
O201869,2025-07-22,C1166,P012,1,32.76,0.05,Store
O200978,2025-07-23,C1330,P007,5,14.09,0.0,Web
O202570,2025-07-23,C1389,P019,4,5.6,0.05,Web
O201653,2025-07-23,C1371,P007,5,14.09,0.0,Store
O205242,2025-07-23,C1054,P011,1,12.22,0.0,Store
O204029,2025-07-23,C1365,P005,5,10.44,0.05,Web
O201835,2025-07-23,C1201,P018,42,30.77,0.15,Store
O205200,2025-07-23,C1245,P023,4,14.59,0.0,Store
O202944,2025-07-23,C1380,P012,1,32.76,0.05,Store
O203669,2025-07-23,C1248,P007,3,14.09,0.0,Web
O203837,2025-07-23,C1103,P006,2,30.41,0.0,Store
O200438,2025-07-24,C1111,P022,1,2.77,0.0,Web
O204160,2025-07-24,C1312,P002,4,26.87,0.0,Phone
O204888,2025-07-24,C1310,P020,4,7.45,0.05,Web
O201420,2025-07-24,C1236,P019,18,5.6,0.15,Web
O205122,2025-07-24,C1134,P011,1,12.22,0.05,Web
O202467,2025-07-24,C1388,P017,1,39.66,0.05,Web
O205590,2025-07-24,C1245,P021,3,44.6,0.0,Web
O200066,2025-07-24,C1158,P005,2,10.44,0.0,Store
O205314,2025-07-24,C1123,P020,2,7.45,0.0,Store
O201474,2025-07-24,C1111,P009,3,21.66,0.0,Web
O200277,2025-07-24,C1009,P013,4,14.96,0.05,Store
O200542,2025-07-24,C1015,P014,5,40.41,0.0,Web
O203280,2025-07-24,C1242,P008,2,18.86,0.0,Store
O204513,2025-07-24,C1370,P004,4,20.17,0.0,Store
O204710,2025-07-24,C1313,P021,38,44.6,0.15,Store
O203756,2025-07-24,C1146,P018,5,30.77,0.0,Store
O200489,2025-07-24,C1350,P027,2,10.78,0.0,Store
O200197,2025-07-24,C1085,P016,17,23.47,0.15,Store
O204283,2025-07-24,C1273,P023,1,14.59,0.0,Web
O204712,2025-07-24,C1069,P003,1,19.87,0.0,Store
O202900,2025-07-25,C1039,P013,5,14.96,0.0,Web
O204643,2025-07-25,C1226,P005,12,10.44,0.15,Web
O204842,2025-07-25,C1177,P005,5,10.44,0.05,Web
O201908,2025-07-25,C1150,P016,2,23.47,0.0,Phone
O203621,2025-07-25,C1081,P007,3,14.09,0.0,Web
O203883,2025-07-25,C1226,P020,16,7.45,0.15,Store
O202795,2025-07-25,C1248,P017,2,39.66,0.0,Web
O202505,2025-07-25,C1381,P008,1,18.86,0.05,Store
O202345,2025-07-25,C1081,P010,3,40.84,0.05,Web
O201570,2025-07-25,C1103,P012,2,32.76,0.0,Web
O203801,2025-07-25,C1042,P009,4,21.66,0.05,Web
O201472,2025-07-25,C1085,P008,57,18.86,0.15,Store
O200410,2025-07-25,C1242,P009,4,21.66,0.0,Store
O205774,2025-07-25,C1240,P023,2,14.59,0.0,Store
O205891,2025-07-25,C1165,P026,2,8.52,0.0,Web
O205304,2025-07-25,C1094,P019,3,5.6,0.0,Store
O205285,2025-07-25,C1103,P020,3,7.45,0.0,Web
O204730,2025-07-25,C1178,P004,36,20.17,0.15,Web
O201139,2025-07-25,C1271,P010,4,40.84,0.0,Store
O205642,2025-07-25,C1320,P002,2,26.87,0.0,Web
O202648,2025-07-25,C1166,P020,3,7.45,0.05,Store
O203352,2025-07-25,C1362,P014,2,40.41,0.0,Web
O204127,2025-07-26,C1354,P013,5,14.96,0.0,Phone
O205555,2025-07-26,C1159,P017,1,39.66,0.05,Store
O202524,2025-07-26,C1215,P019,4,5.6,0.0,Web
O204315,2025-07-26,C1079,P007,2,14.09,0.0,Web
O200741,2025-07-26,C1166,P030,5,27.27,0.0,Store
O201531,2025-07-26,C1084,P006,1,30.41,0.05,Web
O205328,2025-07-26,C1247,P002,30,26.87,0.15,Store
O201693,2025-07-26,C1117,P019,5,5.6,0.05,Web
O202808,2025-07-26,C1021,P030,5,27.27,0.0,Store
O205209,2025-07-26,C1021,P015,4,18.64,0.0,Store
O202817,2025-07-26,C1333,P023,1,14.59,0.0,Store
O204755,2025-07-26,C1337,P009,2,21.66,0.0,Web
O205907,2025-07-26,C1192,P003,4,19.87,0.0,Store
O201169,2025-07-26,C1086,P008,2,18.86,0.0,Web
O202479,2025-07-26,C1235,P027,4,10.78,0.0,Store
O202469,2025-07-26,C1026,P009,4,21.66,0.0,Store
O202912,2025-07-27,C1388,P028,2,5.26,0.0,Web
O202700,2025-07-27,C1337,P020,5,7.45,0.0,Store
O201304,2025-07-27,C1085,P019,56,5.6,0.15,Store
O202280,2025-07-27,C1072,P001,5,9.71,0.0,Web
O201607,2025-07-27,C1064,P008,1,18.86,0.0,Store
O202421,2025-07-27,C1152,P012,51,32.76,0.15,Store
O202423,2025-07-27,C1037,P017,5,39.66,0.0,Store
O202305,2025-07-27,C1002,P013,1,14.96,0.0,Web
O203777,2025-07-27,C1273,P020,3,7.45,0.0,Web
O201334,2025-07-27,C1360,P012,4,32.76,0.05,Web
O201161,2025-07-27,C1299,P005,1,10.44,0.0,Web
O202658,2025-07-27,C1007,P017,1,39.66,0.0,Web
O204875,2025-07-27,C1226,P008,35,18.86,0.15,Phone
O201344,2025-07-27,C1092,P004,3,20.17,0.0,Phone
O202990,2025-07-27,C1398,P029,3,22.03,0.0,Web
O204672,2025-07-28,C1267,P015,3,18.64,0.05,Web
O205947,2025-07-28,C1188,P007,2,14.09,0.0,Phone
O200996,2025-07-28,C1227,P010,41,40.84,0.15,Phone
O203563,2025-07-28,C1226,P001,51,9.71,0.15,Web
O205541,2025-07-28,C1030,P016,3,23.47,0.0,Store
O200926,2025-07-28,C1029,P020,4,7.45,0.0,Store
O201625,2025-07-28,C1338,P008,2,18.86,0.0,Store
O201286,2025-07-28,C1024,P002,2,26.87,0.0,Web
O202937,2025-07-28,C1076,P012,2,32.76,0.0,Web
O202419,2025-07-28,C1108,P004,2,20.17,0.0,Store
O200218,2025-07-28,C1155,P009,4,21.66,0.0,Web
O202355,2025-07-28,C1327,P029,3,22.03,0.0,Web
O202168,2025-07-28,C1155,P029,1,22.03,0.0,Web
O201165,2025-07-28,C1245,P002,5,26.87,0.0,Store
O203221,2025-07-28,C1021,P026,3,8.52,0.0,Store
O202477,2025-07-28,C1224,P019,39,5.6,0.15,Store
O204850,2025-07-28,C1313,P018,40,30.77,0.15,Web
O203772,2025-07-28,C1346,P025,5,2.16,0.0,Web
O200196,2025-07-28,C1043,P016,5,23.47,0.0,Web
O203793,2025-07-28,C1116,P006,4,30.41,0.0,Web
O204722,2025-07-28,C1186,P026,1,8.52,0.0,Web
O202067,2025-07-28,C1212,P027,4,10.78,0.05,Store
O202048,2025-07-29,C1284,P019,2,5.6,0.0,Web
O205014,2025-07-29,C1242,P024,5,43.21,0.0,Store
O205035,2025-07-29,C1378,P007,5,14.09,0.05,Store
O201804,2025-07-29,C1365,P022,4,2.77,0.0,Store
O200563,2025-07-29,C1099,P027,5,10.78,0.0,Phone
O202054,2025-07-29,C1088,P028,3,5.26,0.0,Phone
O204194,2025-07-29,C1338,P018,3,30.77,0.0,Phone
O202687,2025-07-29,C1043,P006,1,30.41,0.0,Web
O205352,2025-07-29,C1028,P019,37,5.6,0.15,Web
O204053,2025-07-29,C1307,P012,1,32.76,0.0,Store
O203581,2025-07-29,C1041,P004,2,20.17,0.0,Web
O203862,2025-07-29,C1210,P023,3,14.59,0.05,Store
O201687,2025-07-29,C1327,P027,4,10.78,0.0,Web
O201104,2025-07-29,C1081,P017,4,39.66,0.0,Web
O203347,2025-07-30,C1242,P011,4,12.22,0.0,Web
O205786,2025-07-30,C9999,P025,2,2.16,0.0,Web
O203804,2025-07-30,C1058,P015,1,18.64,0.05,Web
O201986,2025-07-30,C1012,P002,5,26.87,0.0,Web
O202235,2025-07-30,C1026,P010,2,40.84,0.05,Web
O205156,2025-07-30,C1119,P008,2,18.86,0.0,Web
O202061,2025-07-30,C1360,P004,3,20.17,0.0,Store
O205496,2025-07-30,C1065,P008,5,18.86,0.05,Store
O204195,2025-07-30,C1381,P009,3,21.66,0.0,Web
O203897,2025-07-30,C1385,P008,3,18.86,0.0,Web
O204020,2025-07-30,C1159,P005,2,10.44,0.0,Store
O204262,2025-07-30,C1249,P002,3,26.87,0.05,Store
O200435,2025-07-30,C1309,P015,1,18.64,0.0,Web
O200376,2025-07-30,C1246,P019,1,5.6,0.0,Store
O200888,2025-07-31,C1280,P024,59,43.21,0.15,Phone
O203829,2025-07-31,C1065,P009,1,21.66,0.0,Store
O203607,2025-07-31,C1298,P027,5,10.78,0.0,Web
O203817,2025-07-31,C1212,P020,2,7.45,0.0,Store
O203761,2025-07-31,C1333,P006,1,30.41,0.0,Store
O203749,2025-07-31,C1346,P019,4,5.6,0.0,Web
O201824,2025-07-31,C1347,P003,5,19.87,0.0,Web
O200768,2025-07-31,C1058,P024,3,43.21,0.0,Web
O204824,2025-07-31,C1055,P004,4,20.17,0.0,Store
O203865,2025-07-31,C1041,P001,2,9.71,0.0,Web
O201863,2025-07-31,C1091,P022,5,2.77,0.0,Web
O200848,2025-07-31,C1132,P003,1,19.87,0.0,Store
O202255,2025-07-31,C1092,P028,1,5.26,0.0,Store
O201475,2025-07-31,C1213,P024,22,43.21,0.15,Store
O205577,2025-07-31,C1325,P015,5,18.64,0.0,Phone
O203237,2025-07-31,C1367,P002,5,26.87,0.0,Web
O203025,2025-07-31,C1159,P016,5,23.47,0.05,Web
O203886,2025-08-01,C1286,P025,5,2.16,0.05,Store
O201852,2025-08-01,C1278,P017,3,39.66,0.0,Web
O200173,2025-08-01,C1065,P004,3,20.17,0.0,Store
O203402,2025-08-01,C1165,P012,5,32.76,0.0,Web
O205211,2025-08-01,C1204,P002,4,26.87,0.05,Store
O202272,2025-08-01,C1090,P004,2,20.17,0.0,Store
O205350,2025-08-01,C1017,P014,1,40.41,0.05,Web
O205470,2025-08-01,C1002,P001,4,9.71,0.0,Web
O201027,2025-08-01,C1394,P025,3,2.16,0.0,Store
O201247,2025-08-01,C1095,P030,1,27.27,0.05,Web
O202983,2025-08-01,C1009,P024,4,43.21,0.0,Store
O201627,2025-08-01,C1173,P022,5,2.77,0.0,Web
O201843,2025-08-01,C1170,P030,5,27.27,0.0,Web
O202071,2025-08-01,C1327,P014,1,40.41,0.0,Web
O204521,2025-08-01,C1074,P015,4,18.64,0.0,Web
O202666,2025-08-01,C1361,P001,2,9.71,0.0,Store
O200721,2025-08-01,C1111,P023,3,14.59,0.05,Web
O202872,2025-08-01,C1008,P023,4,14.59,0.05,Web
O202388,2025-08-01,C1166,P008,1,18.86,0.0,Store
O200355,2025-08-01,C1298,P026,4,8.52,0.05,Web
O203663,2025-08-01,C1384,P016,1,23.47,0.0,Web
O205595,2025-08-01,C1111,P001,3,9.71,0.05,Web
O205073,2025-08-02,C1245,P027,2,10.78,0.0,Store
O203002,2025-08-02,C1384,P017,2,39.66,0.0,Store
O200920,2025-08-02,C1346,P006,1,30.41,0.05,Web
O204815,2025-08-02,C1358,P012,1,32.76,0.0,Store
O200310,2025-08-02,C1166,P002,3,26.87,0.05,Store
O204182,2025-08-02,C1041,P001,5,9.71,0.0,Web
O203493,2025-08-02,C1130,P017,5,39.66,0.0,Web
O204016,2025-08-02,C1007,P018,4,30.77,0.0,Web
O200330,2025-08-02,C1090,P011,5,12.22,0.0,Store
O205563,2025-08-02,C1039,P027,2,10.78,0.0,Web
O205934,2025-08-02,C1378,P010,5,40.84,0.05,Web
O204371,2025-08-02,C1207,P002,5,26.87,0.0,Web
O204999,2025-08-02,C1170,P028,4,5.26,0.0,Store
O205959,2025-08-02,C1002,P004,4,20.17,0.05,Web
O201061,2025-08-02,C1226,P028,43,5.26,0.15,Store
O203558,2025-08-03,C1131,P013,1,14.96,0.0,Store
O203972,2025-08-03,C1173,P007,2,14.09,0.0,Store
O201740,2025-08-03,C1245,P028,2,5.26,0.0,Store
O201641,2025-08-03,C1358,P019,5,5.6,0.0,Store
O205145,2025-08-03,C1210,P018,5,30.77,0.0,Store
O201817,2025-08-03,C1273,P020,4,7.45,0.0,Web
O200190,2025-08-03,C1134,P020,2,7.45,0.0,Web
O205436,2025-08-03,C1027,P025,1,2.16,0.0,Web
O200498,2025-08-03,C1111,P017,4,39.66,0.05,Web
O200019,2025-08-03,C1127,P009,5,21.66,0.0,Web
O201243,2025-08-03,C1098,P011,1,12.22,0.0,Phone
O204081,2025-08-03,C1096,P016,4,23.47,0.0,Web
O202928,2025-08-03,C1237,P005,4,10.44,0.0,Phone
O202781,2025-08-03,C1098,P013,2,14.96,0.0,Store
O205671,2025-08-03,C1030,P007,1,14.09,0.0,Web
O201831,2025-08-04,C1007,P029,2,22.03,0.0,Web
O200047,2025-08-04,C1320,P018,4,30.77,0.0,Web
O200269,2025-08-04,C1086,P021,3,44.6,0.05,Phone
O203850,2025-08-04,C1240,P028,3,5.26,0.05,Store
O203358,2025-08-04,C1345,P007,3,14.09,0.0,Web
O204695,2025-08-04,C1327,P004,1,20.17,0.0,Web
O205679,2025-08-04,C1072,P022,1,2.77,0.05,Web
O203305,2025-08-04,C1211,P012,3,32.76,0.0,Web
O205856,2025-08-04,C1248,P006,2,30.41,0.0,Web
O200488,2025-08-04,C1103,P002,4,26.87,0.0,Store
O203945,2025-08-04,C1359,P023,22,14.59,0.15,Store
O202798,2025-08-04,C1132,P009,3,21.66,0.05,Web
O200723,2025-08-05,C1014,P014,1,40.41,0.0,Web
O202387,2025-08-05,C1117,P001,1,9.71,0.0,Web
O204103,2025-08-05,C1226,P012,38,32.76,0.15,Web
O204306,2025-08-05,C1157,P018,4,30.77,0.0,Web
O203313,2025-08-05,C1178,P026,20,8.52,0.15,Store
O202523,2025-08-05,C1156,P012,1,32.76,0.0,Store
O201451,2025-08-05,C1333,P004,3,20.17,0.05,Store
O201502,2025-08-05,C1365,P014,5,40.41,0.0,Store
O202790,2025-08-05,C1030,P014,3,40.41,0.0,Web
O205578,2025-08-05,C1046,P017,3,39.66,0.0,Store
O205342,2025-08-05,C1276,P027,4,10.78,0.05,Web
O202810,2025-08-05,C1065,P029,4,22.03,0.0,Web
O204728,2025-08-05,C1387,P006,4,30.41,0.0,Web
O204802,2025-08-05,C1052,P019,2,5.6,0.05,Store
O205886,2025-08-05,C1012,P006,2,30.41,0.0,Web
O204905,2025-08-05,C1273,P005,1,10.44,0.0,Web
O203442,2025-08-05,C1382,P028,2,5.26,0.0,Phone
O201714,2025-08-05,C1041,P013,3,14.96,0.05,Web
O201672,2025-08-05,C1126,P030,1,27.27,0.0,Store
O204900,2025-08-05,C1217,P021,5,44.6,0.0,Web
O202652,2025-08-06,C1332,P006,1,30.41,0.05,Web
O205972,2025-08-06,C1281,P012,5,32.76,0.0,Web
O203482,2025-08-06,C1358,P019,3,5.6,0.0,Store
O204044,2025-08-06,C1236,P006,41,30.41,0.15,Store
O200915,2025-08-06,C1227,P022,52,2.77,0.15,Store
O205848,2025-08-06,C1351,P026,5,8.52,0.0,Phone
O202065,2025-08-06,C1259,P002,4,26.87,0.0,Store
O204962,2025-08-06,C1076,P005,3,10.44,0.0,Web
O200594,2025-08-06,C1173,P018,5,30.77,0.0,Store
O205926,2025-08-06,C1383,P015,3,18.64,0.0,Web
O204897,2025-08-06,C1350,P026,5,8.52,0.0,Store
O201838,2025-08-07,C1281,P023,3,14.59,0.0,Web
O203095,2025-08-07,C1358,P014,4,40.41,0.0,Web
O203084,2025-08-07,C1292,P003,3,19.87,0.0,Web
O205378,2025-08-07,C1276,P007,5,14.09,0.0,Store
O203426,2025-08-07,C1067,P030,2,27.27,0.0,Store
O202995,2025-08-07,C1361,P012,2,32.76,0.0,Store
O202559,2025-08-07,C1340,P025,1,2.16,0.0,Store
O200580,2025-08-07,C1382,P020,1,7.45,0.0,Store
O203922,2025-08-07,C1052,P027,2,10.78,0.05,Store
O205482,2025-08-07,C1116,P003,4,19.87,0.0,Web
O202683,2025-08-07,C1367,P008,5,18.86,0.0,Web
O203697,2025-08-07,C1007,P013,5,14.96,0.0,Web
O202198,2025-08-07,C1026,P001,1,9.71,0.0,Web
O201274,2025-08-07,C1111,P005,2,10.44,0.0,Web
O202183,2025-08-07,C1187,P026,4,8.52,0.0,Web
O202672,2025-08-07,C1196,P025,1,2.16,0.0,Phone
O202526,2025-08-08,C1041,P001,1,9.71,0.0,Web
O204978,2025-08-08,C1224,P006,12,30.41,0.15,Phone
O205611,2025-08-08,C1075,P017,4,39.66,0.0,Web
O201410,2025-08-08,C1296,P006,2,30.41,0.05,Web
O204211,2025-08-08,C1150,P029,1,22.03,0.0,Phone
O203487,2025-08-08,C1396,P017,3,39.66,0.0,Web
O202921,2025-08-08,C1245,P015,5,18.64,0.0,Web
O203872,2025-08-08,C1084,P003,1,19.87,0.0,Web
O203107,2025-08-08,C1321,P004,3,20.17,0.0,Web
O204247,2025-08-08,C1245,P009,4,21.66,0.05,Web
O200090,2025-08-08,C1216,P018,5,30.77,0.0,Web
O205987,2025-08-08,C1157,P006,2,30.41,0.0,Store
O201267,2025-08-08,C1125,P008,1,18.86,0.05,Web
O205197,2025-08-08,C1227,P016,29,23.47,0.15,Store
O202610,2025-08-08,C1136,P009,4,21.66,0.0,Web
O203926,2025-08-08,C1203,P017,3,39.66,0.0,Store
O203037,2025-08-08,C1110,P020,2,7.45,0.05,Web
O205456,2025-08-09,C1156,P018,5,30.77,0.0,Web
O204264,2025-08-09,C1156,P030,1,27.27,0.0,Store
O202843,2025-08-09,C1230,P002,5,26.87,0.0,Phone
O204865,2025-08-09,C1304,P001,31,9.71,0.15,Store
O201741,2025-08-09,C1187,P001,2,9.71,0.0,Phone
O205322,2025-08-09,C1226,P026,58,8.52,0.15,Store
O200311,2025-08-09,C1232,P014,3,40.41,0.0,Web
O203101,2025-08-09,C1067,P001,1,9.71,0.0,Web
O201128,2025-08-09,C1231,P021,25,44.6,0.15,Store
O202891,2025-08-09,C1243,P028,24,5.26,0.15,Web
O200819,2025-08-09,C1029,P009,4,21.66,0.0,Store
O205176,2025-08-09,C1227,P011,32,12.22,0.15,Store
O202981,2025-08-09,C1257,P016,4,23.47,0.0,Web
O205300,2025-08-09,C1185,P002,5,26.87,0.0,Web
O205381,2025-08-09,C1312,P004,1,20.17,0.0,Web
O200115,2025-08-09,C1150,P020,2,7.45,0.0,Web
O205002,2025-08-09,C1026,P006,2,30.41,0.0,Web
O203917,2025-08-09,C1190,P002,5,26.87,0.0,Web
O201809,2025-08-10,C1150,P017,5,39.66,0.05,Store
O205990,2025-08-10,C1320,P001,4,9.71,0.0,Web
O205182,2025-08-10,C1159,P022,5,2.77,0.0,Store
O201721,2025-08-10,C1125,P016,3,23.47,0.0,Store
O201013,2025-08-10,C1003,P030,5,27.27,0.0,Store
O201526,2025-08-10,C1327,P024,2,43.21,0.0,Web
O200711,2025-08-10,C1200,P030,1,27.27,0.05,Web
O203765,2025-08-10,C1187,P008,2,18.86,0.05,Store
O201799,2025-08-10,C1175,P018,2,30.77,0.0,Store
O204351,2025-08-10,C1096,P005,5,10.44,0.05,Store
O202607,2025-08-10,C1281,P015,2,18.64,0.0,Store
O203479,2025-08-10,C1076,P026,1,8.52,0.05,Web
O203696,2025-08-10,C1147,P011,3,12.22,0.05,Store
O200369,2025-08-10,C1378,P007,4,14.09,0.0,Store
O200705,2025-08-10,C1247,P027,34,10.78,0.15,Web
O204366,2025-08-10,C1227,P010,28,40.84,0.15,Store
O201440,2025-08-11,C1298,P027,1,10.78,0.05,Web
O204530,2025-08-11,C1211,P021,5,44.6,0.0,Store
O204857,2025-08-11,C1371,P011,5,12.22,0.0,Web
O200774,2025-08-11,C1219,P026,2,8.52,0.0,Web
O202878,2025-08-11,C1246,P030,3,27.27,0.0,Web
O205515,2025-08-11,C1085,P027,31,10.78,0.15,Store
O203309,2025-08-11,C1092,P013,4,14.96,0.0,Phone
O204760,2025-08-11,C1369,P024,4,43.21,0.05,Store
O202083,2025-08-11,C1075,P013,5,14.96,0.05,Web
O204311,2025-08-11,C1186,P020,4,7.45,0.0,Phone
O204108,2025-08-11,C1204,P010,1,40.84,0.0,Store
O205327,2025-08-11,C1029,P026,4,8.52,0.0,Store
O200392,2025-08-11,C1188,P012,4,32.76,0.0,Web
O201002,2025-08-11,C1154,P006,10,30.41,0.15,Web
O202879,2025-08-12,C1174,P012,3,32.76,0.0,Web
O200049,2025-08-12,C1211,P008,1,18.86,0.0,Store
O204838,2025-08-12,C1090,P011,2,12.22,0.0,Store
O205954,2025-08-12,C1072,P018,3,30.77,0.0,Web
O202012,2025-08-12,C1358,P021,5,44.6,0.0,Store
O200380,2025-08-12,C1293,P020,46,7.45,0.15,Store
O202075,2025-08-12,C1134,P012,1,32.76,0.0,Web
O205751,2025-08-12,C1338,P004,1,20.17,0.0,Store
O202222,2025-08-12,C1108,P017,1,39.66,0.0,Store
O202840,2025-08-12,C1365,P024,2,43.21,0.0,Phone
O200141,2025-08-12,C1273,P024,1,43.21,0.0,Web
O201132,2025-08-12,C1396,P006,2,30.41,0.0,Web
O205346,2025-08-12,C1374,P022,2,2.77,0.0,Phone
O203840,2025-08-12,C1281,P003,1,19.87,0.0,Store
O205788,2025-08-12,C1208,P011,4,12.22,0.0,Web
O200830,2025-08-12,C1226,P017,16,39.66,0.15,Web
O201145,2025-08-13,C1193,P007,5,14.09,0.05,Store
O205841,2025-08-13,C1142,P016,1,23.47,0.0,Store
O201928,2025-08-13,C1217,P011,4,12.22,0.05,Web
O203131,2025-08-13,C1383,P028,2,5.26,0.0,Store
O203832,2025-08-13,C1299,P001,1,9.71,0.0,Store
O201295,2025-08-13,C1242,P009,2,21.66,0.0,Store
O200503,2025-08-13,C1084,P015,2,18.64,0.0,Web
O205094,2025-08-13,C1381,P013,4,14.96,0.0,Store
O201094,2025-08-13,C1063,P030,5,27.27,0.0,Store
O205015,2025-08-13,C1204,P028,1,5.26,0.05,Store
O200918,2025-08-13,C1379,P027,5,10.78,0.0,Web
O203103,2025-08-13,C1212,P027,3,10.78,0.05,Web
O203531,2025-08-14,C1318,P028,4,5.26,0.0,Store
O202266,2025-08-14,C1009,P028,4,5.26,0.0,Store
O205598,2025-08-14,C1161,P025,3,2.16,0.05,Web
O202834,2025-08-14,C1085,P003,22,19.87,0.15,Phone
O200060,2025-08-14,C1378,P001,2,9.71,0.05,Store
O204479,2025-08-14,C1387,P009,5,21.66,0.05,Web
O202310,2025-08-14,C1026,P020,3,7.45,0.0,Web
O202768,2025-08-14,C1047,P004,2,20.17,0.0,Web
O200625,2025-08-14,C1385,P026,4,8.52,0.0,Web
O204292,2025-08-14,C1281,P007,2,14.09,0.0,Store
O202780,2025-08-14,C1381,P028,5,5.26,0.0,Store
O200117,2025-08-14,C1086,P009,3,21.66,0.0,Web
O201538,2025-08-14,C1396,P018,4,30.77,0.05,Web
O202938,2025-08-14,C1310,P022,2,2.77,0.0,Web
O205372,2025-08-15,C1276,P027,2,10.78,0.0,Store
O205749,2025-08-15,C1259,P015,5,18.64,0.0,Store
O204030,2025-08-15,C1236,P005,44,10.44,0.15,Store
O201256,2025-08-15,C1111,P008,2,18.86,0.0,Web
O205250,2025-08-15,C1034,P023,45,14.59,0.15,Store
O200550,2025-08-15,C1254,P022,4,2.77,0.0,Store
O204589,2025-08-15,C1222,P021,2,44.6,0.0,Store
O200600,2025-08-15,C1279,P010,4,40.84,0.0,Web
O205689,2025-08-15,C1315,P028,2,5.26,0.05,Web
O204342,2025-08-15,C1267,P028,5,5.26,0.0,Web
O204947,2025-08-15,C1246,P015,1,18.64,0.05,Store
O201731,2025-08-15,C1226,P027,59,10.78,0.15,Web
O205020,2025-08-15,C1176,P004,5,20.17,0.05,Web
O204557,2025-08-15,C1177,P023,2,14.59,0.05,Web
O202823,2025-08-15,C1364,P002,34,26.87,0.15,Web
O202028,2025-08-15,C1231,P014,58,40.41,0.15,Store
O204203,2025-08-15,C1261,P018,5,30.77,0.05,Web
O202566,2025-08-15,C1003,P021,4,44.6,0.0,Phone
O202820,2025-08-15,C1129,P004,4,20.17,0.0,Store
O204210,2025-08-15,C1166,P012,1,32.76,0.0,Store
O203276,2025-08-15,C1131,P001,3,9.71,0.0,Store
O205878,2025-08-16,C1362,P025,2,2.16,0.0,Store
O204645,2025-08-16,C1256,P003,5,19.87,0.0,Store
O200286,2025-08-16,C1309,P018,5,30.77,0.0,Web
O200339,2025-08-16,C1267,P020,5,7.45,0.0,Store
O204191,2025-08-16,C1281,P029,3,22.03,0.0,Store
O200530,2025-08-16,C1157,P016,5,23.47,0.0,Web
O201832,2025-08-16,C1240,P024,3,43.21,0.0,Store
O202269,2025-08-16,C1267,P009,4,21.66,0.0,Store
O204501,2025-08-16,C1326,P010,4,40.84,0.0,Store
O202046,2025-08-16,C1226,P008,46,18.86,0.15,Store
O202886,2025-08-16,C1090,P005,1,10.44,0.0,Store
O201942,2025-08-16,C1203,P020,2,7.45,0.05,Store
O204808,2025-08-16,C1007,P009,2,21.66,0.0,Web
O200589,2025-08-16,C1096,P011,3,12.22,0.0,Store
O202217,2025-08-16,C1265,P009,3,21.66,0.0,Phone
O202692,2025-08-16,C1123,P008,2,18.86,0.0,Store
O202379,2025-08-16,C1136,P028,2,5.26,0.0,Web
O200415,2025-08-16,C1273,P021,4,44.6,0.05,Web
O205050,2025-08-16,C1041,P027,1,10.78,0.0,Web
O204615,2025-08-16,C1333,P027,5,10.78,0.0,Store
O204192,2025-08-16,C1002,P002,2,26.87,0.05,Web
O201316,2025-08-16,C1085,P021,10,44.6,0.15,Web
O205166,2025-08-17,C1251,P015,2,18.64,0.05,Phone
O200499,2025-08-17,C1109,P023,3,14.59,0.0,Store
O204444,2025-08-17,C1196,P004,1,20.17,0.0,Store
O205969,2025-08-17,C1281,P013,2,14.96,0.0,Store
O205664,2025-08-17,C1264,P021,2,44.6,0.0,Store
O200916,2025-08-17,C1263,P025,2,2.16,0.05,Store
O205125,2025-08-17,C1389,P006,3,30.41,0.0,Web
O201059,2025-08-17,C1154,P009,49,21.66,0.15,Web
O205123,2025-08-17,C1125,P018,1,30.77,0.0,Web
O204487,2025-08-17,C1009,P011,3,12.22,0.0,Store
O205013,2025-08-17,C1159,P015,2,18.64,0.0,Store
O200062,2025-08-17,C1124,P026,36,8.52,0.15,Store
O204566,2025-08-17,C1085,P009,34,21.66,0.15,Store
O204332,2025-08-17,C1065,P009,1,21.66,0.0,Phone
O203230,2025-08-17,C1246,P001,3,9.71,0.0,Store
O205950,2025-08-17,C1367,P015,3,18.64,0.0,Web
O205431,2025-08-18,C1378,P006,3,30.41,0.0,Store
O203629,2025-08-18,C1069,P024,1,43.21,0.0,Store
O205001,2025-08-18,C1081,P021,1,44.6,0.0,Web
O200967,2025-08-18,C1337,P003,3,19.87,0.0,Web
O200236,2025-08-18,C1103,P014,5,40.41,0.0,Store
O202898,2025-08-18,C1252,P004,5,20.17,0.05,Store
O200605,2025-08-18,C1360,P024,4,43.21,0.0,Phone
O200433,2025-08-18,C1107,P009,57,21.66,0.15,Store
O205796,2025-08-18,C1166,P018,2,30.77,0.0,Web
O204653,2025-08-18,C1217,P015,4,18.64,0.0,Web
O200607,2025-08-18,C1245,P004,2,20.17,0.0,Store
O204873,2025-08-18,C1366,P006,1,30.41,0.0,Store
O203369,2025-08-18,C1281,P022,1,2.77,0.0,Store
O203004,2025-08-18,C1337,P016,2,23.47,0.05,Store
O204602,2025-08-19,C9999,P004,2,20.17,0.0,Web
O200700,2025-08-19,C1076,P002,4,26.87,0.0,Web
O200327,2025-08-19,C1054,P026,2,8.52,0.0,Store
O205499,2025-08-19,C1030,P025,3,2.16,0.0,Store
O204526,2025-08-19,C1320,P026,4,8.52,0.0,Web
O203799,2025-08-19,C1371,P008,1,18.86,0.0,Phone
O203752,2025-08-19,C1327,P010,2,40.84,0.0,Web
O202889,2025-08-19,C1342,P007,30,14.09,0.15,Store
O204280,2025-08-19,C1215,P006,1,30.41,0.0,Web
O203226,2025-08-19,C1257,P026,4,8.52,0.0,Web
O201992,2025-08-20,C1007,P006,4,30.41,0.05,Web
O205380,2025-08-20,C1358,P010,3,40.84,0.0,Store
O203911,2025-08-20,C1076,P017,4,39.66,0.05,Web
O204529,2025-08-20,C1254,P028,5,5.26,0.0,Store
O201155,2025-08-20,C1173,P030,3,27.27,0.05,Store
O203400,2025-08-20,C1362,P014,1,40.41,0.0,Store
O201771,2025-08-20,C1142,P016,3,23.47,0.0,Web
O205310,2025-08-20,C1144,P018,4,30.77,0.0,Web
O204136,2025-08-20,C1307,P002,3,26.87,0.0,Store
O202659,2025-08-20,C1246,P007,5,14.09,0.0,Web
O204060,2025-08-20,C1299,P001,3,9.71,0.0,Store
O205227,2025-08-20,C1382,P008,3,18.86,0.0,Web
O205547,2025-08-20,C1320,P024,4,43.21,0.0,Web
O200756,2025-08-20,C1365,P018,3,30.77,0.05,Web
O202443,2025-08-21,C1067,P021,3,44.6,0.0,Store
O203921,2025-08-21,C1396,P025,3,2.16,0.0,Web
O200649,2025-08-21,C1122,P027,4,10.78,0.0,Web
O202268,2025-08-21,C1137,P021,3,44.6,0.0,Web
O202641,2025-08-21,C1281,P015,4,18.64,0.05,Store
O202748,2025-08-21,C1157,P025,4,2.16,0.0,Phone
O201605,2025-08-21,C1007,P027,1,10.78,0.0,Web
O205276,2025-08-21,C1104,P007,1,14.09,0.0,Web
O202079,2025-08-21,C1271,P025,4,2.16,0.0,Store
O204716,2025-08-21,C1383,P015,3,18.64,0.0,Store
O203530,2025-08-21,C1361,P011,1,12.22,0.0,Store
O201235,2025-08-21,C1115,P017,4,39.66,0.0,Web
O202560,2025-08-21,C1384,P002,1,26.87,0.05,Store
O205175,2025-08-21,C1378,P020,3,7.45,0.0,Store
O203659,2025-08-21,C1350,P023,3,14.59,0.0,Phone
O202788,2025-08-21,C1245,P007,2,14.09,0.0,Store
O202737,2025-08-21,C1346,P011,3,12.22,0.0,Web
O200688,2025-08-22,C1207,P018,3,30.77,0.0,Web
O200566,2025-08-22,C1017,P024,4,43.21,0.0,Web
O204939,2025-08-22,C1341,P028,4,5.26,0.0,Store
O202961,2025-08-22,C1186,P015,4,18.64,0.0,Store
O200537,2025-08-22,C1273,P024,1,43.21,0.05,Web
O203968,2025-08-22,C1243,P030,22,27.27,0.15,Web
O203452,2025-08-22,C1215,P013,1,14.96,0.0,Store
O205889,2025-08-22,C1354,P021,1,44.6,0.05,Store
O200428,2025-08-22,C1354,P016,1,23.47,0.05,Store
O202051,2025-08-22,C1226,P027,17,10.78,0.15,Phone
O201463,2025-08-22,C1358,P014,1,40.41,0.05,Store
O201773,2025-08-22,C1176,P021,5,44.6,0.0,Web
O201305,2025-08-22,C1103,P019,3,5.6,0.05,Store
O204354,2025-08-22,C1062,P001,46,9.71,0.15,Web
O202926,2025-08-22,C1007,P023,2,14.59,0.0,Web
O202639,2025-08-22,C1342,P021,24,44.6,0.15,Web
O200520,2025-08-22,C1327,P002,3,26.87,0.0,Web
O205375,2025-08-22,C1273,P001,2,9.71,0.0,Web
O205199,2025-08-23,C1365,P010,1,40.84,0.05,Store
O200469,2025-08-23,C1273,P016,3,23.47,0.0,Web
O203713,2025-08-23,C1365,P002,5,26.87,0.0,Phone
O200061,2025-08-23,C1012,P027,3,10.78,0.0,Web
O205960,2025-08-23,C1254,P028,1,5.26,0.05,Store
O203122,2025-08-23,C1036,P009,4,21.66,0.0,Store
O200042,2025-08-23,C1389,P018,2,30.77,0.0,Web
O203112,2025-08-23,C1007,P003,1,19.87,0.0,Web
O203551,2025-08-23,C1378,P013,5,14.96,0.0,Store
O204018,2025-08-23,C1136,P016,1,23.47,0.05,Web
O201489,2025-08-23,C1036,P023,5,14.59,0.0,Store
O204834,2025-08-23,C1278,P011,4,12.22,0.0,Web
O205348,2025-08-23,C1186,P016,3,23.47,0.05,Web
O201830,2025-08-23,C1398,P007,4,14.09,0.0,Web
O201719,2025-08-23,C1041,P014,3,40.41,0.0,Web
O204356,2025-08-23,C1063,P019,5,5.6,0.0,Web
O202745,2025-08-23,C1188,P017,3,39.66,0.05,Store
O204093,2025-08-23,C1184,P017,5,39.66,0.0,Web
O204751,2025-08-23,C1215,P022,5,2.77,0.05,Store
O201022,2025-08-23,C1049,P006,5,30.41,0.0,Web
O200267,2025-08-23,C1312,P028,3,5.26,0.0,Store
O200685,2025-08-24,C1030,P013,1,14.96,0.05,Web
O205606,2025-08-24,C1208,P026,5,8.52,0.0,Web
O204041,2025-08-24,C1038,P015,4,18.64,0.0,Web
O201025,2025-08-24,C1267,P023,4,14.59,0.05,Web
O203029,2025-08-24,C1173,P018,5,30.77,0.0,Store
O205336,2025-08-24,C1206,P006,1,30.41,0.0,Web
O204548,2025-08-24,C1039,P006,2,30.41,0.05,Store
O200956,2025-08-24,C1030,P022,1,2.77,0.0,Store
O205924,2025-08-24,C1211,P005,4,10.44,0.0,Web
O200151,2025-08-24,C1096,P006,2,30.41,0.0,Web
O203074,2025-08-24,C1127,P028,1,5.26,0.0,Store
O202644,2025-08-24,C1380,P019,5,5.6,0.0,Store
O200611,2025-08-24,C1255,P013,2,14.96,0.05,Web
O200368,2025-08-24,C1157,P025,4,2.16,0.05,Phone
O203466,2025-08-24,C1103,P020,1,7.45,0.05,Web
O205116,2025-08-25,C1264,P015,4,18.64,0.0,Store
O204481,2025-08-25,C1015,P007,1,14.09,0.0,Store
O203399,2025-08-25,C1367,P019,1,5.6,0.0,Web
O205564,2025-08-25,C1075,P001,1,9.71,0.0,Web
O200194,2025-08-25,C1097,P003,5,19.87,0.05,Web
O200843,2025-08-25,C1199,P003,3,19.87,0.0,Web
O200350,2025-08-25,C1240,P018,5,30.77,0.05,Web
O205395,2025-08-25,C1383,P006,4,30.41,0.0,Store
O201326,2025-08-25,C1007,P013,3,14.96,0.0,Web
O200878,2025-08-25,C1041,P021,1,44.6,0.0,Web
O204943,2025-08-25,C1252,P026,5,8.52,0.0,Store
O205411,2025-08-25,C1319,P011,3,12.22,0.0,Web
O205579,2025-08-25,C1131,P021,1,44.6,0.0,Store
O204148,2025-08-25,C1107,P001,11,9.71,0.15,Store
O203764,2025-08-25,C1166,P021,5,44.6,0.0,Store
O204635,2025-08-25,C1264,P013,1,14.96,0.05,Store
O200067,2025-08-25,C1099,P013,4,14.96,0.05,Web
O200182,2025-08-25,C1063,P005,3,10.44,0.0,Store
O203005,2025-08-25,C1226,P013,37,14.96,0.15,Store
O202974,2025-08-25,C1101,P008,52,18.86,0.15,Store
O201378,2025-08-26,C1185,P001,3,9.71,0.0,Web
O203485,2025-08-26,C1036,P022,3,2.77,0.0,Store
O202643,2025-08-26,C1226,P024,46,43.21,0.15,Store
O205775,2025-08-26,C1148,P004,1,20.17,0.0,Store
O203700,2025-08-26,C1344,P021,2,44.6,0.0,Web
O201718,2025-08-26,C1150,P011,1,12.22,0.0,Web
O202712,2025-08-26,C1063,P017,1,39.66,0.0,Store
O200046,2025-08-26,C1184,P012,5,32.76,0.05,Web
O202655,2025-08-26,C1314,P008,5,18.86,0.0,Store
O205376,2025-08-26,C1156,P011,1,12.22,0.0,Store
O200111,2025-08-26,C1022,P010,24,40.84,0.15,Store
O201551,2025-08-26,C1123,P023,5,14.59,0.0,Store
O202169,2025-08-26,C1121,P004,40,20.17,0.15,Web
O205289,2025-08-26,C1254,P016,2,23.47,0.0,Store
O200297,2025-08-26,C1101,P012,15,32.76,0.15,Store
O205720,2025-08-26,C1210,P015,3,18.64,0.0,Web
O201755,2025-08-27,C1327,P017,3,39.66,0.05,Web
O203414,2025-08-27,C1378,P019,5,5.6,0.0,Store
O205187,2025-08-27,C1132,P006,5,30.41,0.0,Store
O204114,2025-08-27,C1333,P003,5,19.87,0.05,Store
O202101,2025-08-27,C1355,P003,5,19.87,0.0,Web
O200812,2025-08-27,C1116,P014,5,40.41,0.0,Web
O202885,2025-08-27,C1384,P028,2,5.26,0.0,Phone
O203731,2025-08-27,C1254,P003,2,19.87,0.0,Store
O200619,2025-08-27,C1041,P009,4,21.66,0.0,Web
O205935,2025-08-27,C1330,P014,4,40.41,0.0,Web
O204691,2025-08-27,C1166,P002,1,26.87,0.0,Store
O205651,2025-08-27,C1188,P006,3,30.41,0.0,Web
O204810,2025-08-27,C1107,P010,18,40.84,0.15,Web
O204215,2025-08-27,C1177,P025,3,2.16,0.05,Web
O200358,2025-08-28,C1048,P020,1,7.45,0.0,Phone
O205421,2025-08-28,C1355,P004,2,20.17,0.0,Web
O202454,2025-08-28,C1330,P029,3,22.03,0.0,Store
O200867,2025-08-28,C1243,P005,11,10.44,0.15,Store
O202444,2025-08-28,C1170,P023,4,14.59,0.0,Store
O204071,2025-08-28,C1135,P021,4,44.6,0.0,Web
O204651,2025-08-28,C1111,P014,4,40.41,0.0,Web
O200613,2025-08-28,C1215,P030,2,27.27,0.05,Web
O204386,2025-08-28,C1226,P003,57,19.87,0.15,Store
O205754,2025-08-28,C1273,P003,4,19.87,0.0,Web
O200018,2025-08-28,C1309,P024,3,43.21,0.05,Web
O204407,2025-08-28,C1330,P001,5,9.71,0.0,Store
O202908,2025-08-28,C1172,P024,22,43.21,0.15,Web
O203859,2025-08-28,C1309,P004,4,20.17,0.0,Web
O204389,2025-08-28,C1230,P013,5,14.96,0.0,Web
O203591,2025-08-29,C1094,P026,2,8.52,0.0,Store
O201244,2025-08-29,C1299,P016,3,23.47,0.0,Store
O202147,2025-08-29,C1185,P007,2,14.09,0.0,Store
O202593,2025-08-29,C1291,P014,5,40.41,0.0,Store
O200186,2025-08-29,C1226,P029,41,22.03,0.15,Web
O205700,2025-08-29,C1132,P019,5,5.6,0.0,Web
O205190,2025-08-29,C1240,P029,3,22.03,0.0,Web
O201631,2025-08-29,C1332,P011,3,12.22,0.0,Web
O204095,2025-08-29,C1196,P002,3,26.87,0.0,Store
O200207,2025-08-29,C1154,P019,36,5.6,0.15,Store
O200866,2025-08-29,C1010,P005,1,10.44,0.0,Store
O201503,2025-08-29,C1173,P001,5,9.71,0.0,Phone
O201536,2025-08-29,C1002,P010,5,40.84,0.0,Web
O203142,2025-08-29,C1351,P017,4,39.66,0.0,Store
O203781,2025-08-29,C1332,P001,3,9.71,0.05,Web
O203828,2025-08-29,C1123,P001,3,9.71,0.0,Web
O200334,2025-08-29,C1090,P006,4,30.41,0.0,Web
O205510,2025-08-29,C1362,P004,1,20.17,0.0,Phone
O202631,2025-08-30,C1369,P001,3,9.71,0.0,Store
O200255,2025-08-30,C1365,P024,2,43.21,0.0,Store
O203956,2025-08-30,C1313,P001,52,9.71,0.15,Phone
O200013,2025-08-30,C1361,P003,5,19.87,0.0,Web
O200524,2025-08-30,C1256,P015,4,18.64,0.0,Store
O200671,2025-08-30,C1257,P008,1,18.86,0.0,Web
O205111,2025-08-30,C1314,P017,1,39.66,0.0,Store
O202397,2025-08-30,C1339,P015,5,18.64,0.0,Store
O205159,2025-08-30,C1239,P007,4,14.09,0.0,Web
O200544,2025-08-30,C1136,P023,4,14.59,0.0,Web
O204694,2025-08-30,C1041,P022,1,2.77,0.0,Web
O205639,2025-08-30,C1204,P002,5,26.87,0.0,Phone
O204394,2025-08-30,C1360,P014,4,40.41,0.0,Store
O202923,2025-08-30,C1256,P028,3,5.26,0.0,Phone
O202864,2025-08-30,C1143,P014,5,40.41,0.0,Web
O205608,2025-08-30,C1154,P002,28,26.87,0.15,Store
O201811,2025-08-30,C1186,P019,4,5.6,0.0,Phone
O201624,2025-08-30,C1107,P012,33,32.76,0.15,Store
O204585,2025-08-30,C1210,P025,1,2.16,0.0,Store
O203632,2025-08-30,C1186,P018,5,30.77,0.0,Store
O203403,2025-08-30,C1067,P014,2,40.41,0.0,Web
O202721,2025-08-30,C1028,P004,28,20.17,0.15,Store
O204535,2025-08-30,C1365,P017,4,39.66,0.0,Store
O200833,2025-08-30,C1253,P004,1,20.17,0.0,Phone
O202919,2025-08-30,C1126,P017,4,39.66,0.0,Store
O203208,2025-08-31,C1333,P022,4,2.77,0.0,Store
O204646,2025-08-31,C1204,P021,1,44.6,0.0,Store
O204747,2025-08-31,C1111,P004,4,20.17,0.0,Web
O204705,2025-08-31,C1281,P027,2,10.78,0.05,Web
O205849,2025-08-31,C1186,P001,2,9.71,0.0,Phone
O202204,2025-08-31,C1166,P021,2,44.6,0.0,Store
O202006,2025-08-31,C1389,P017,1,39.66,0.0,Web
O203288,2025-08-31,C1039,P002,2,26.87,0.0,Web
O202882,2025-08-31,C1327,P028,5,5.26,0.05,Web
O205231,2025-08-31,C1173,P020,2,7.45,0.0,Store
O203476,2025-08-31,C1176,P013,2,14.96,0.0,Web
O201198,2025-08-31,C1204,P022,2,2.77,0.0,Web
O203776,2025-08-31,C1284,P018,4,30.77,0.0,Web
O201504,2025-08-31,C1197,P022,5,2.77,0.05,Store
O202195,2025-09-01,C1213,P016,57,23.47,0.15,Web
O203147,2025-09-01,C1196,P022,5,2.77,0.05,Store
O200220,2025-09-01,C1369,P027,3,10.78,0.05,Web
O203733,2025-09-01,C1219,P013,3,14.96,0.0,Web
O203072,2025-09-01,C1364,P007,36,14.09,0.15,Store
O204495,2025-09-01,C1281,P019,2,5.6,0.0,Web
O204783,2025-09-01,C1251,P005,3,10.44,0.0,Web
O202870,2025-09-01,C1115,P030,3,27.27,0.05,Web
O201929,2025-09-01,C1063,P023,4,14.59,0.0,Store
O202360,2025-09-01,C1154,P005,51,10.44,0.15,Store
O202374,2025-09-01,C1199,P011,2,12.22,0.05,Web
O202978,2025-09-01,C1137,P010,3,40.84,0.0,Store
O202585,2025-09-01,C1215,P020,4,7.45,0.0,Web
O200549,2025-09-01,C1327,P010,4,40.84,0.0,Web
O203252,2025-09-01,C1191,P014,3,40.41,0.0,Phone
O201760,2025-09-01,C1388,P025,2,2.16,0.0,Web
O204733,2025-09-01,C1156,P023,4,14.59,0.05,Web
O200831,2025-09-01,C1103,P020,1,7.45,0.0,Store
O200829,2025-09-01,C1348,P026,5,8.52,0.0,Web
O200988,2025-09-01,C1332,P021,3,44.6,0.05,Web
O201663,2025-09-01,C1318,P007,3,14.09,0.0,Store
O202671,2025-09-02,C1142,P025,3,2.16,0.0,Phone
O205576,2025-09-02,C1063,P015,1,18.64,0.0,Web
O203677,2025-09-02,C1123,P005,5,10.44,0.0,Phone
O202664,2025-09-02,C1104,P004,1,20.17,0.05,Web
O205057,2025-09-02,C1189,P012,1,32.76,0.0,Store
O205942,2025-09-02,C1357,P003,4,19.87,0.0,Store
O201720,2025-09-02,C1314,P009,5,21.66,0.05,Phone
O201951,2025-09-02,C1036,P003,4,19.87,0.0,Web
O200198,2025-09-02,C1346,P007,2,14.09,0.0,Web
O203932,2025-09-02,C1103,P009,1,21.66,0.0,Store
O202694,2025-09-02,C1330,P021,1,44.6,0.0,Store
O202410,2025-09-02,C1131,P002,4,26.87,0.0,Store
O200645,2025-09-02,C1398,P006,1,30.41,0.05,Web
O205202,2025-09-02,C1319,P013,5,14.96,0.0,Web
O203158,2025-09-02,C1367,P011,2,12.22,0.0,Web
O201582,2025-09-02,C1103,P016,2,23.47,0.05,Store
O203319,2025-09-02,C1383,P004,1,20.17,0.0,Web
O204169,2025-09-02,C1364,P018,38,30.77,0.15,Store
O202618,2025-09-02,C1007,P021,5,44.6,0.05,Web
O201035,2025-09-02,C1211,P011,5,12.22,0.0,Web
O200001,2025-09-02,C1330,P003,5,19.87,0.0,Web
O201470,2025-09-03,C1204,P030,3,27.27,0.05,Web
O200578,2025-09-03,C1085,P020,41,7.45,0.15,Web
O204166,2025-09-03,C1226,P014,52,40.41,0.15,Web
O202380,2025-09-03,C1197,P016,5,23.47,0.0,Store
O200099,2025-09-03,C1194,P005,2,10.44,0.0,Store
O202356,2025-09-03,C1129,P002,5,26.87,0.0,Store
O200712,2025-09-03,C1099,P024,1,43.21,0.0,Store
O204239,2025-09-03,C1314,P030,1,27.27,0.0,Phone
O201224,2025-09-03,C1107,P030,20,27.27,0.15,Phone
O204665,2025-09-03,C1222,P014,4,40.41,0.0,Store
O201509,2025-09-03,C1207,P029,5,22.03,0.0,Web
O203430,2025-09-03,C1154,P017,12,39.66,0.15,Web
O204879,2025-09-03,C1330,P010,5,40.84,0.05,Store
O201555,2025-09-03,C1311,P001,3,9.71,0.0,Store
O205945,2025-09-03,C1096,P012,4,32.76,0.0,Web
O204015,2025-09-03,C1259,P009,1,21.66,0.0,Store
O200597,2025-09-03,C1305,P018,5,30.77,0.0,Store
O202328,2025-09-03,C1358,P008,3,18.86,0.0,Store
O202202,2025-09-03,C1215,P007,4,14.09,0.05,Store
O201310,2025-09-03,C1307,P021,5,44.6,0.05,Web
O204236,2025-09-04,C1070,P001,49,9.71,0.15,Store
O202602,2025-09-04,C1212,P006,4,30.41,0.0,Web
O202239,2025-09-04,C1271,P010,3,40.84,0.05,Store
O204426,2025-09-04,C1360,P014,3,40.41,0.0,Web
O200923,2025-09-04,C1314,P021,1,44.6,0.0,Store
O204786,2025-09-04,C1203,P024,5,43.21,0.0,Phone
O200877,2025-09-04,C1381,P020,5,7.45,0.0,Store
O202612,2025-09-04,C1186,P021,1,44.6,0.0,Phone
O204860,2025-09-04,C1185,P012,3,32.76,0.0,Web
O205215,2025-09-04,C1389,P005,2,10.44,0.0,Web
O204848,2025-09-04,C1330,P015,3,18.64,0.05,Web
O200696,2025-09-04,C1188,P027,5,10.78,0.0,Store
O202090,2025-09-04,C1150,P007,2,14.09,0.0,Store
O202555,2025-09-04,C1037,P024,2,43.21,0.05,Store
O202616,2025-09-04,C1379,P022,2,2.77,0.0,Web
O201345,2025-09-04,C1362,P012,1,32.76,0.0,Store
O200387,2025-09-05,C1251,P001,1,9.71,0.0,Store
O205532,2025-09-05,C1186,P009,3,21.66,0.0,Web
O201578,2025-09-05,C1091,P020,1,7.45,0.0,Web
O201764,2025-09-05,C1310,P007,3,14.09,0.0,Store
O203675,2025-09-05,C1230,P014,3,40.41,0.0,Store
O200328,2025-09-05,C1212,P013,5,14.96,0.0,Store
O205575,2025-09-05,C1285,P003,1,19.87,0.0,Phone
O202020,2025-09-05,C1131,P018,4,30.77,0.0,Store
O203464,2025-09-05,C1215,P007,1,14.09,0.0,Store
O202314,2025-09-05,C1036,P029,5,22.03,0.05,Store
O205830,2025-09-05,C1129,P010,2,40.84,0.0,Store
O205252,2025-09-05,C1002,P020,2,7.45,0.0,Web
O205504,2025-09-05,C1200,P013,2,14.96,0.0,Web
O200787,2025-09-05,C1327,P014,1,40.41,0.0,Web
O200048,2025-09-05,C1119,P028,1,5.26,0.0,Web
O205516,2025-09-06,C1154,P002,39,26.87,0.15,Store
O205345,2025-09-06,C1212,P025,2,2.16,0.0,Store
O200900,2025-09-06,C1212,P005,2,10.44,0.05,Store
O202600,2025-09-06,C1358,P011,3,12.22,0.0,Store
O201997,2025-09-06,C1142,P004,1,20.17,0.0,Web
O204451,2025-09-06,C1189,P009,3,21.66,0.0,Store
O200396,2025-09-06,C1245,P005,2,10.44,0.0,Store
O205178,2025-09-06,C1175,P027,5,10.78,0.0,Web
O204249,2025-09-06,C1281,P009,1,21.66,0.0,Phone
O200922,2025-09-06,C1186,P028,1,5.26,0.0,Store
O204187,2025-09-06,C1320,P009,2,21.66,0.0,Web
O204246,2025-09-06,C1030,P003,2,19.87,0.05,Web
O201249,2025-09-06,C1068,P006,3,30.41,0.0,Web
O204512,2025-09-06,C1394,P006,4,30.41,0.0,Web
O202958,2025-09-06,C1079,P019,5,5.6,0.0,Store
O204950,2025-09-06,C1049,P020,2,7.45,0.0,Web
O204491,2025-09-06,C1176,P017,5,39.66,0.0,Web
O205618,2025-09-06,C9999,P007,1,14.09,0.0,Store
O201934,2025-09-06,C1041,P028,2,5.26,0.0,Web
O201044,2025-09-06,C1192,P003,4,19.87,0.0,Store
O205915,2025-09-07,C1147,P015,5,18.64,0.0,Web
O201730,2025-09-07,C1361,P009,4,21.66,0.0,Store
O205963,2025-09-07,C1380,P015,5,18.64,0.0,Store
O203429,2025-09-07,C1338,P003,3,19.87,0.0,Store
O203128,2025-09-07,C1094,P022,1,2.77,0.0,Store
O203683,2025-09-07,C1155,P028,2,5.26,0.0,Web
O203398,2025-09-07,C1104,P018,2,30.77,0.0,Web
O202623,2025-09-07,C1212,P010,4,40.84,0.0,Web
O205407,2025-09-07,C1198,P023,3,14.59,0.0,Web
O203242,2025-09-07,C1136,P001,5,9.71,0.0,Web
O203286,2025-09-07,C1031,P013,3,14.96,0.05,Store
O205753,2025-09-07,C1389,P024,1,43.21,0.0,Web
O201545,2025-09-07,C1104,P022,5,2.77,0.0,Web
O204876,2025-09-07,C1160,P001,5,9.71,0.0,Phone
O205283,2025-09-08,C1253,P003,4,19.87,0.05,Web
O204490,2025-09-08,C1253,P003,5,19.87,0.0,Store
O200329,2025-09-08,C1058,P030,5,27.27,0.0,Web
O202910,2025-09-08,C1314,P003,5,19.87,0.0,Web
O205468,2025-09-08,C1135,P002,2,26.87,0.0,Store
O204781,2025-09-08,C1029,P001,5,9.71,0.0,Store
O201347,2025-09-08,C1002,P017,5,39.66,0.0,Web
O203447,2025-09-08,C1103,P025,3,2.16,0.0,Web
O203448,2025-09-08,C1134,P022,3,2.77,0.0,Web
O203293,2025-09-08,C1081,P030,3,27.27,0.0,Web
O202822,2025-09-08,C1370,P010,2,40.84,0.05,Web
O202175,2025-09-08,C1203,P021,2,44.6,0.05,Store
O202150,2025-09-09,C1185,P015,4,18.64,0.0,Store
O203870,2025-09-09,C1245,P023,2,14.59,0.0,Web
O203590,2025-09-09,C1049,P016,1,23.47,0.0,Web
O202042,2025-09-09,C1042,P001,4,9.71,0.05,Store
O200641,2025-09-09,C1084,P019,5,5.6,0.0,Web
O203522,2025-09-09,C1315,P011,2,12.22,0.05,Web
O201434,2025-09-09,C1178,P017,48,39.66,0.15,Store
O201961,2025-09-09,C1108,P027,3,10.78,0.0,Store
O202008,2025-09-09,C1350,P009,3,21.66,0.05,Web
O200418,2025-09-09,C1242,P023,5,14.59,0.0,Phone
O200565,2025-09-09,C1206,P025,5,2.16,0.05,Web
O200281,2025-09-09,C1123,P013,5,14.96,0.0,Web
O203260,2025-09-09,C1333,P015,2,18.64,0.0,Store
O202343,2025-09-09,C1149,P013,1,14.96,0.05,Web
O201464,2025-09-09,C1155,P030,1,27.27,0.0,Web
O202756,2025-09-09,C1311,P015,5,18.64,0.0,Store
O204245,2025-09-09,C1278,P008,3,18.86,0.0,Web
O204509,2025-09-09,C1067,P024,4,43.21,0.0,Web
O201299,2025-09-09,C1220,P009,2,21.66,0.0,Web
O203606,2025-09-10,C1240,P010,3,40.84,0.05,Store
O201828,2025-09-10,C1365,P030,3,27.27,0.0,Store
O201008,2025-09-10,C1370,P016,2,23.47,0.0,Web
O204511,2025-09-10,C1284,P023,2,14.59,0.0,Web
O204267,2025-09-10,C1394,P001,1,9.71,0.0,Store
O200361,2025-09-10,C1314,P002,3,26.87,0.05,Store
O205902,2025-09-10,C1096,P018,1,30.77,0.0,Store
O200471,2025-09-10,C1076,P026,5,8.52,0.0,Web
O200630,2025-09-10,C1102,P009,4,21.66,0.0,Store
O204140,2025-09-10,C1254,P009,2,21.66,0.0,Store
O201581,2025-09-10,C1254,P002,2,26.87,0.0,Store
O204087,2025-09-10,C1362,P002,3,26.87,0.05,Store
O201095,2025-09-10,C1381,P006,4,30.41,0.0,Web
O202134,2025-09-10,C1123,P025,4,2.16,0.0,Store
O203370,2025-09-10,C1133,P015,5,18.64,0.0,Store
O202347,2025-09-10,C1103,P028,2,5.26,0.0,Store
O201479,2025-09-10,C1382,P016,5,23.47,0.0,Store
O204013,2025-09-11,C1281,P005,3,10.44,0.0,Phone
O204980,2025-09-11,C1037,P023,1,14.59,0.0,Web
O205351,2025-09-11,C1327,P021,3,44.6,0.0,Web
O202674,2025-09-11,C1357,P030,1,27.27,0.0,Store
O205237,2025-09-11,C1076,P014,1,40.41,0.0,Web
O205553,2025-09-11,C1358,P023,1,14.59,0.0,Web
O201105,2025-09-11,C1176,P025,3,2.16,0.0,Web
O205609,2025-09-11,C1310,P009,2,21.66,0.05,Store
O205233,2025-09-11,C1088,P014,2,40.41,0.0,Phone
O203673,2025-09-11,C1244,P006,1,30.41,0.0,Store
O203129,2025-09-11,C1134,P001,5,9.71,0.0,Web
O205864,2025-09-11,C1190,P005,2,10.44,0.0,Phone
O200501,2025-09-11,C1049,P021,5,44.6,0.05,Web
O204097,2025-09-11,C1055,P030,1,27.27,0.0,Store
O201697,2025-09-11,C1226,P018,43,30.77,0.15,Store
O201037,2025-09-11,C1281,P025,2,2.16,0.0,Web
O203013,2025-09-12,C1122,P017,2,39.66,0.0,Web
O202992,2025-09-12,C1061,P015,59,18.64,0.15,Phone
O201776,2025-09-12,C1230,P003,5,19.87,0.0,Store
O205728,2025-09-12,C1314,P028,1,5.26,0.0,Store
O204233,2025-09-12,C1328,P011,2,12.22,0.05,Store
O202261,2025-09-12,C1350,P016,2,23.47,0.0,Store
O203180,2025-09-12,C1209,P030,3,27.27,0.0,Web
O200231,2025-09-12,C1288,P027,42,10.78,0.15,Store
O200805,2025-09-12,C1154,P004,31,20.17,0.15,Store
O200883,2025-09-12,C1111,P014,1,40.41,0.05,Web
O203335,2025-09-12,C1042,P017,4,39.66,0.0,Store
O202859,2025-09-12,C1103,P029,5,22.03,0.0,Store
O203983,2025-09-13,C1224,P019,26,5.6,0.15,Store
O204328,2025-09-13,C1273,P010,3,40.84,0.0,Web
O201380,2025-09-13,C1174,P030,3,27.27,0.0,Phone
O204797,2025-09-13,C1036,P002,5,26.87,0.0,Store
O202946,2025-09-13,C1111,P004,2,20.17,0.0,Web
O203500,2025-09-13,C1326,P011,2,12.22,0.0,Store
O200021,2025-09-13,C1202,P018,42,30.77,0.15,Store
O205476,2025-09-13,C1188,P022,3,2.77,0.0,Web
O200388,2025-09-13,C1276,P018,3,30.77,0.05,Store
O202398,2025-09-13,C1165,P011,3,12.22,0.0,Store
O204909,2025-09-13,C1170,P014,5,40.41,0.0,Web
O205940,2025-09-13,C1292,P028,1,5.26,0.0,Web
O205572,2025-09-13,C1273,P011,1,12.22,0.0,Web
O200746,2025-09-13,C1067,P015,4,18.64,0.0,Web
O204727,2025-09-14,C1319,P007,1,14.09,0.0,Web
O202402,2025-09-14,C1064,P017,5,39.66,0.05,Web
O204012,2025-09-14,C1281,P022,5,2.77,0.0,Store
O205581,2025-09-14,C1252,P023,2,14.59,0.0,Store
O200417,2025-09-14,C1334,P024,4,43.21,0.0,Web
O203600,2025-09-14,C1088,P009,2,21.66,0.05,Store
O202349,2025-09-14,C1064,P004,5,20.17,0.0,Store
O202339,2025-09-14,C1212,P021,5,44.6,0.0,Store
O201408,2025-09-14,C1132,P029,3,22.03,0.0,Store
O202055,2025-09-14,C1118,P001,4,9.71,0.0,Store
O202633,2025-09-14,C1037,P016,4,23.47,0.0,Store
O204809,2025-09-14,C1189,P006,5,30.41,0.0,Web
O202710,2025-09-14,C1327,P017,3,39.66,0.0,Web
O204936,2025-09-14,C1145,P013,4,14.96,0.0,Web
O205600,2025-09-15,C1130,P009,5,21.66,0.0,Web
O205518,2025-09-15,C1389,P016,2,23.47,0.05,Web
O200699,2025-09-15,C1025,P003,5,19.87,0.0,Store
O202030,2025-09-15,C1116,P012,4,32.76,0.0,Web
O200181,2025-09-15,C1036,P018,3,30.77,0.0,Web
O200584,2025-09-15,C1231,P003,48,19.87,0.15,Store
O203873,2025-09-15,C1307,P027,1,10.78,0.0,Web
O204031,2025-09-15,C1273,P016,3,23.47,0.0,Web
O201610,2025-09-15,C1158,P023,3,14.59,0.05,Store
O202960,2025-09-15,C1361,P001,3,9.71,0.05,Web
O201490,2025-09-15,C1045,P016,32,23.47,0.15,Store
O201236,2025-09-15,C1134,P008,1,18.86,0.0,Web
O203220,2025-09-15,C1333,P030,4,27.27,0.05,Web
O201452,2025-09-15,C1392,P018,17,30.77,0.15,Store
O205748,2025-09-15,C1231,P007,30,14.09,0.15,Store
O200535,2025-09-16,C1079,P019,5,5.6,0.05,Store
O201110,2025-09-16,C1055,P008,3,18.86,0.0,Web
O201709,2025-09-16,C1383,P009,5,21.66,0.0,Web
O204055,2025-09-16,C1239,P003,1,19.87,0.0,Web
O201523,2025-09-16,C1161,P016,4,23.47,0.05,Web
O202991,2025-09-16,C1312,P002,3,26.87,0.0,Store
O200547,2025-09-16,C1239,P005,5,10.44,0.05,Web
O203711,2025-09-16,C1376,P030,5,27.27,0.0,Store
O204670,2025-09-16,C1136,P021,1,44.6,0.0,Web
O201405,2025-09-16,C1378,P003,5,19.87,0.05,Web
O202156,2025-09-16,C1124,P018,33,30.77,0.15,Web
O202439,2025-09-16,C1342,P021,35,44.6,0.15,Web
O202667,2025-09-16,C1347,P023,2,14.59,0.05,Web
O204660,2025-09-16,C1385,P006,3,30.41,0.0,Web
O204299,2025-09-16,C1380,P004,5,20.17,0.0,Phone
O205840,2025-09-16,C1117,P007,5,14.09,0.05,Store
O201785,2025-09-17,C1043,P024,5,43.21,0.0,Web
O203146,2025-09-17,C1211,P017,4,39.66,0.0,Store
O204111,2025-09-17,C1315,P021,4,44.6,0.0,Web
O202485,2025-09-17,C1085,P004,46,20.17,0.15,Store
O202758,2025-09-17,C1119,P004,4,20.17,0.0,Web
O200367,2025-09-17,C1345,P021,2,44.6,0.0,Web
O201820,2025-09-17,C1171,P023,56,14.59,0.15,Store
O200271,2025-09-17,C1226,P012,23,32.76,0.15,Phone
O204953,2025-09-17,C1129,P010,2,40.84,0.0,Web
O205447,2025-09-17,C1164,P004,29,20.17,0.15,Store
O204812,2025-09-17,C1219,P005,3,10.44,0.0,Web
O204575,2025-09-17,C1264,P027,2,10.78,0.0,Phone
O201433,2025-09-17,C1354,P024,4,43.21,0.0,Web
O201935,2025-09-17,C1085,P006,40,30.41,0.15,Store
O202985,2025-09-17,C1082,P023,2,14.59,0.0,Web
O200898,2025-09-17,C1245,P024,5,43.21,0.05,Store
O201749,2025-09-18,C1278,P016,5,23.47,0.05,Web
O202130,2025-09-18,C1096,P020,5,7.45,0.0,Web
O201711,2025-09-18,C1060,P019,57,5.6,0.15,Phone
O202416,2025-09-18,C1042,P026,1,8.52,0.0,Web
O203357,2025-09-18,C1103,P006,3,30.41,0.0,Store
O205993,2025-09-18,C1154,P016,10,23.47,0.15,Store
O204159,2025-09-18,C1261,P016,4,23.47,0.0,Web
O204956,2025-09-18,C1026,P028,3,5.26,0.0,Web
O202068,2025-09-18,C1092,P013,3,14.96,0.0,Phone
O202447,2025-09-18,C1175,P019,4,5.6,0.05,Store
O200266,2025-09-18,C1079,P011,5,12.22,0.0,Store
O204258,2025-09-18,C1281,P010,4,40.84,0.0,Store
O202133,2025-09-18,C1203,P029,2,22.03,0.05,Web
O201899,2025-09-19,C1196,P005,4,10.44,0.0,Store
O203302,2025-09-19,C1022,P020,29,7.45,0.15,Web
O202196,2025-09-19,C1203,P022,1,2.77,0.0,Web
O205172,2025-09-19,C1389,P022,2,2.77,0.0,Web
O205416,2025-09-19,C1389,P011,1,12.22,0.0,Web
O204542,2025-09-19,C1205,P018,3,30.77,0.05,Store
O205113,2025-09-19,C1049,P004,5,20.17,0.0,Web
O202951,2025-09-19,C1096,P004,3,20.17,0.0,Store
O203744,2025-09-19,C1166,P020,2,7.45,0.05,Phone
O204587,2025-09-19,C1116,P029,2,22.03,0.0,Web
O205413,2025-09-19,C1264,P006,2,30.41,0.0,Web
O200253,2025-09-19,C1124,P019,58,5.6,0.15,Store
O203081,2025-09-19,C1248,P013,1,14.96,0.0,Web
O205338,2025-09-19,C1041,P011,4,12.22,0.0,Web
O204024,2025-09-19,C1348,P024,2,43.21,0.0,Store
O200686,2025-09-19,C1360,P004,3,20.17,0.0,Web
O202861,2025-09-20,C1251,P030,4,27.27,0.0,Store
O203984,2025-09-20,C1281,P016,2,23.47,0.0,Store
O203437,2025-09-20,C1173,P025,4,2.16,0.0,Store
O203486,2025-09-20,C1137,P003,1,19.87,0.05,Web
O203523,2025-09-20,C1348,P027,4,10.78,0.0,Store
O201266,2025-09-20,C1166,P015,2,18.64,0.0,Store
O201862,2025-09-20,C1022,P007,52,14.09,0.15,Store
O201288,2025-09-20,C1357,P025,2,2.16,0.0,Store
O200086,2025-09-20,C1361,P028,1,5.26,0.05,Web
O204584,2025-09-20,C1389,P017,3,39.66,0.05,Web
O201498,2025-09-20,C1371,P028,3,5.26,0.0,Store
O200224,2025-09-20,C1338,P018,1,30.77,0.0,Store
O202837,2025-09-20,C1371,P027,1,10.78,0.0,Store
O201916,2025-09-20,C1239,P009,4,21.66,0.0,Web
O201588,2025-09-20,C1081,P009,1,21.66,0.0,Web
O201798,2025-09-20,C1398,P003,4,19.87,0.0,Web
O200377,2025-09-20,C1026,P008,1,18.86,0.0,Store
O203805,2025-09-20,C1013,P016,2,23.47,0.05,Store
O201486,2025-09-21,C1064,P024,3,43.21,0.0,Store
O205995,2025-09-21,C1085,P015,19,18.64,0.15,Store
O202111,2025-09-21,C1232,P023,2,14.59,0.0,Web
O202480,2025-09-21,C1066,P018,3,30.77,0.0,Store
O200268,2025-09-21,C1115,P024,1,43.21,0.0,Web
O201996,2025-09-21,C1147,P020,4,7.45,0.0,Web
O200975,2025-09-21,C1152,P024,37,43.21,0.15,Store
O204348,2025-09-21,C1116,P017,5,39.66,0.0,Web
O203847,2025-09-21,C1041,P024,5,43.21,0.0,Web
O205823,2025-09-21,C1022,P012,11,32.76,0.15,Web
O201355,2025-09-21,C1143,P017,4,39.66,0.0,Web
O200460,2025-09-21,C1398,P011,3,12.22,0.0,Web
O203784,2025-09-21,C1079,P024,2,43.21,0.05,Web
O200716,2025-09-21,C1182,P009,2,21.66,0.05,Web
O200958,2025-09-21,C1273,P019,4,5.6,0.0,Web
O205332,2025-09-21,C1211,P007,5,14.09,0.0,Store
O201000,2025-09-22,C1103,P018,5,30.77,0.05,Store
O200229,2025-09-22,C1333,P021,3,44.6,0.05,Store
O205435,2025-09-22,C1103,P014,5,40.41,0.0,Store
O204000,2025-09-22,C1159,P019,5,5.6,0.0,Web
O202549,2025-09-22,C1240,P020,1,7.45,0.0,Web
O205052,2025-09-22,C1358,P017,1,39.66,0.0,Store
O201837,2025-09-22,C1177,P020,3,7.45,0.05,Web
O200835,2025-09-22,C1131,P010,5,40.84,0.0,Web
O205208,2025-09-22,C1060,P021,54,44.6,0.15,Phone
O204466,2025-09-22,C1170,P021,3,44.6,0.0,Store
O202482,2025-09-22,C1143,P011,1,12.22,0.0,Web
O203109,2025-09-22,C1137,P024,4,43.21,0.0,Store
O203171,2025-09-22,C1252,P014,3,40.41,0.0,Store
O200908,2025-09-22,C1210,P026,1,8.52,0.0,Store
O202321,2025-09-22,C1378,P017,3,39.66,0.0,Store
O201725,2025-09-22,C1067,P012,5,32.76,0.05,Phone
O202568,2025-09-22,C1187,P003,2,19.87,0.0,Store
O204539,2025-09-22,C1007,P009,3,21.66,0.0,Web
O203239,2025-09-22,C1362,P019,4,5.6,0.05,Store
O202738,2025-09-23,C1041,P005,1,10.44,0.0,Web
O205752,2025-09-23,C1389,P005,5,10.44,0.0,Web
O204925,2025-09-23,C1381,P012,1,32.76,0.05,Store
O202518,2025-09-23,C1371,P029,1,22.03,0.0,Store
O200556,2025-09-23,C1248,P010,4,40.84,0.05,Web
O202522,2025-09-23,C1246,P010,4,40.84,0.0,Web
O204676,2025-09-23,C1147,P024,3,43.21,0.05,Web
O201913,2025-09-23,C1278,P011,3,12.22,0.05,Web
O204632,2025-09-23,C1211,P013,1,14.96,0.0,Web
O201629,2025-09-23,C1333,P018,4,30.77,0.0,Web
O202574,2025-09-23,C1171,P026,35,8.52,0.15,Store
O200441,2025-09-23,C1038,P002,1,26.87,0.05,Web
O200379,2025-09-23,C1052,P026,3,8.52,0.0,Phone
O204556,2025-09-23,C1271,P016,1,23.47,0.0,Phone
O204986,2025-09-23,C1382,P013,3,14.96,0.0,Web
O203218,2025-09-24,C1292,P029,1,22.03,0.0,Web
O203421,2025-09-24,C1043,P017,1,39.66,0.0,Web
O201763,2025-09-24,C1204,P003,2,19.87,0.0,Store
O205347,2025-09-24,C1188,P027,4,10.78,0.0,Web
O204307,2025-09-24,C1365,P020,2,7.45,0.0,Store
O203473,2025-09-24,C1310,P009,1,21.66,0.0,Web
O204027,2025-09-24,C1114,P008,3,18.86,0.0,Web
O204124,2025-09-24,C1299,P008,1,18.86,0.0,Web
O203291,2025-09-24,C1012,P026,5,8.52,0.05,Store
O201601,2025-09-24,C1013,P004,5,20.17,0.0,Store
O202815,2025-09-24,C1378,P007,4,14.09,0.0,Phone
O203202,2025-09-24,C1009,P029,4,22.03,0.0,Store
O202224,2025-09-24,C1007,P022,5,2.77,0.0,Web
O205441,2025-09-24,C1166,P022,4,2.77,0.0,Web
O205295,2025-09-24,C1185,P023,5,14.59,0.0,Store
O205822,2025-09-24,C1129,P025,4,2.16,0.0,Store
O204209,2025-09-24,C1164,P028,19,5.26,0.15,Phone
O203366,2025-09-25,C1327,P020,1,7.45,0.0,Web
O203244,2025-09-25,C1270,P020,52,7.45,0.15,Store
O203465,2025-09-25,C1330,P001,3,9.71,0.0,Store
O204176,2025-09-25,C1224,P027,26,10.78,0.15,Web
O205665,2025-09-25,C1215,P027,1,10.78,0.0,Store
O203906,2025-09-25,C1288,P009,37,21.66,0.15,Phone
O204171,2025-09-25,C1392,P024,27,43.21,0.15,Web
O204982,2025-09-25,C1083,P008,4,18.86,0.05,Store
O204141,2025-09-25,C1281,P006,2,30.41,0.0,Store
O202408,2025-09-25,C1396,P018,3,30.77,0.05,Web
O200810,2025-09-25,C1173,P004,4,20.17,0.0,Store
O205508,2025-09-25,C1226,P001,57,9.71,0.15,Web
O200993,2025-09-25,C1362,P024,5,43.21,0.0,Store
O204424,2025-09-26,C1374,P024,1,43.21,0.0,Web
O204935,2025-09-26,C1147,P025,5,2.16,0.0,Web
O205311,2025-09-26,C1332,P010,4,40.84,0.0,Web
O205167,2025-09-26,C1043,P004,3,20.17,0.0,Web
O204776,2025-09-26,C1175,P015,3,18.64,0.0,Store
O202512,2025-09-26,C1250,P011,2,12.22,0.0,Store
O205739,2025-09-26,C1382,P026,2,8.52,0.0,Store
O205676,2025-09-26,C1103,P001,1,9.71,0.0,Store
O205029,2025-09-26,C1369,P020,3,7.45,0.05,Store
O204731,2025-09-26,C1382,P010,3,40.84,0.0,Phone
O204421,2025-09-26,C1386,P004,1,20.17,0.0,Web
O204825,2025-09-26,C1094,P020,5,7.45,0.0,Store
O200795,2025-09-26,C1216,P001,3,9.71,0.0,Web
O200534,2025-09-26,C1360,P023,5,14.59,0.0,Phone
O203042,2025-09-26,C1396,P024,3,43.21,0.0,Web
O203990,2025-09-26,C1159,P006,1,30.41,0.0,Web
O201033,2025-09-26,C1151,P027,1,10.78,0.05,Web
O201394,2025-09-26,C1081,P013,1,14.96,0.0,Web
O200950,2025-09-26,C1356,P024,3,43.21,0.0,Web
O201150,2025-09-26,C1081,P028,4,5.26,0.0,Web
O203574,2025-09-26,C1278,P008,5,18.86,0.0,Web
O203506,2025-09-26,C1135,P017,3,39.66,0.0,Web
O203052,2025-09-26,C1165,P001,3,9.71,0.0,Web
O203525,2025-09-26,C1226,P010,52,40.84,0.15,Store
O203139,2025-09-26,C1066,P016,2,23.47,0.0,Web
O203545,2025-09-26,C1385,P012,2,32.76,0.0,Store
O200145,2025-09-27,C1060,P019,44,5.6,0.15,Store
O205574,2025-09-27,C1310,P018,1,30.77,0.0,Web
O201596,2025-09-27,C1299,P003,3,19.87,0.05,Web
O203505,2025-09-27,C1042,P028,4,5.26,0.0,Store
O204709,2025-09-27,C1041,P004,2,20.17,0.0,Web
O200144,2025-09-27,C1185,P018,3,30.77,0.0,Store
O204547,2025-09-27,C1099,P010,2,40.84,0.0,Store
O202227,2025-09-27,C1085,P024,42,43.21,0.15,Store
O203684,2025-09-27,C1249,P018,5,30.77,0.0,Web
O205928,2025-09-27,C1191,P018,3,30.77,0.0,Store
O201156,2025-09-27,C1389,P012,3,32.76,0.0,Web
O204428,2025-09-27,C1142,P024,5,43.21,0.05,Store
O202703,2025-09-27,C1315,P026,1,8.52,0.0,Web
O202929,2025-09-27,C1224,P012,53,32.76,0.15,Web
O204907,2025-09-27,C1394,P011,3,12.22,0.0,Web
O200638,2025-09-27,C1242,P016,3,23.47,0.0,Web
O205593,2025-09-27,C1124,P012,16,32.76,0.15,Phone
O202390,2025-09-28,C1096,P027,4,10.78,0.05,Phone
O203480,2025-09-28,C1067,P018,5,30.77,0.0,Web
O204764,2025-09-28,C1360,P002,5,26.87,0.0,Phone
O200719,2025-09-28,C1190,P018,3,30.77,0.0,Web
O202366,2025-09-28,C1259,P013,1,14.96,0.05,Phone
O201842,2025-09-28,C1240,P029,4,22.03,0.0,Store
O205982,2025-09-28,C1276,P005,5,10.44,0.0,Web
O200180,2025-09-28,C1204,P004,1,20.17,0.0,Phone
O200208,2025-09-28,C1076,P030,5,27.27,0.0,Web
O201518,2025-09-28,C1367,P026,5,8.52,0.0,Web
O204861,2025-09-28,C1240,P015,3,18.64,0.0,Web
O200357,2025-09-28,C1327,P009,4,21.66,0.05,Web
O205944,2025-09-29,C1041,P028,1,5.26,0.0,Web
O205461,2025-09-29,C1188,P004,4,20.17,0.05,Store
O204579,2025-09-29,C1264,P001,4,9.71,0.0,Web
O204049,2025-09-29,C1083,P012,2,32.76,0.0,Phone
O205527,2025-09-29,C1174,P007,1,14.09,0.0,Store
O201517,2025-09-29,C1026,P012,3,32.76,0.05,Web
O203203,2025-09-29,C1085,P014,55,40.41,0.15,Web
O204221,2025-09-29,C1007,P017,1,39.66,0.0,Web
O200143,2025-09-29,C1111,P029,3,22.03,0.05,Web
O203882,2025-09-29,C1245,P022,1,2.77,0.0,Store
O203800,2025-09-29,C1254,P026,3,8.52,0.0,Store
O200615,2025-09-30,C1002,P024,5,43.21,0.0,Web
O201356,2025-09-30,C1122,P010,4,40.84,0.0,Web
O200125,2025-09-30,C1290,P012,5,32.76,0.0,Phone
O204525,2025-09-30,C1211,P016,1,23.47,0.0,Store
O205221,2025-09-30,C1358,P026,3,8.52,0.0,Phone
O205356,2025-09-30,C1360,P017,3,39.66,0.0,Store
O204847,2025-09-30,C1245,P016,3,23.47,0.05,Store
O204756,2025-09-30,C1174,P016,2,23.47,0.0,Web
O205920,2025-09-30,C1062,P023,34,14.59,0.15,Store
O203277,2025-09-30,C1367,P003,3,19.87,0.0,Web
O204425,2025-09-30,C1065,P026,3,8.52,0.0,Web
O200241,2025-09-30,C1143,P026,3,8.52,0.0,Web
O203827,2025-09-30,C1176,P025,4,2.16,0.0,Web
O201796,2025-09-30,C1264,P008,5,18.86,0.0,Store
O202670,2025-09-30,C1212,P010,5,40.84,0.0,Phone
O205423,2025-09-30,C1178,P021,40,44.6,0.15,Store
O202323,2025-09-30,C1096,P009,3,21.66,0.0,Store
O201370,2025-09-30,C1127,P028,3,5.26,0.0,Store
O204735,2025-09-30,C1190,P022,5,2.77,0.0,Store
O201757,2025-09-30,C1165,P011,3,12.22,0.0,Store
O200082,2025-10-01,C1314,P017,4,39.66,0.0,Phone
O203626,2025-10-01,C1129,P030,4,27.27,0.0,Web
O202103,2025-10-01,C1092,P013,4,14.96,0.0,Store
O200930,2025-10-01,C1173,P021,2,44.6,0.0,Store
O205444,2025-10-01,C1223,P019,39,5.6,0.15,Store
O200424,2025-10-01,C1111,P014,5,40.41,0.0,Web
O204551,2025-10-01,C1041,P015,4,18.64,0.0,Web
O203521,2025-10-01,C1171,P010,30,40.84,0.15,Store
O204459,2025-10-01,C1043,P026,3,8.52,0.0,Web
O202536,2025-10-01,C1110,P024,3,43.21,0.0,Web
O204588,2025-10-01,C1159,P020,5,7.45,0.0,Store
O205121,2025-10-01,C1319,P024,2,43.21,0.05,Web
O204385,2025-10-01,C1301,P020,1,7.45,0.05,Store
O202289,2025-10-01,C1378,P008,1,18.86,0.0,Store
O203055,2025-10-01,C1101,P009,49,21.66,0.15,Web
O202286,2025-10-01,C1124,P026,10,8.52,0.15,Store
O201228,2025-10-01,C1297,P027,2,10.78,0.05,Web
O204926,2025-10-01,C1230,P006,4,30.41,0.0,Web
O204569,2025-10-01,C1041,P027,3,10.78,0.0,Web
O205083,2025-10-01,C1085,P020,50,7.45,0.15,Store
O205521,2025-10-02,C1132,P019,2,5.6,0.0,Store
O203738,2025-10-02,C1204,P020,3,7.45,0.0,Store
O202107,2025-10-02,C1312,P005,4,10.44,0.05,Web
O201185,2025-10-02,C1111,P029,2,22.03,0.0,Web
O204414,2025-10-02,C1310,P002,4,26.87,0.0,Web
O201030,2025-10-02,C1192,P013,5,14.96,0.0,Web
O202481,2025-10-02,C1034,P001,53,9.71,0.15,Web
O203304,2025-10-02,C1302,P019,2,5.6,0.0,Web
O205874,2025-10-02,C1017,P002,3,26.87,0.0,Web
O201840,2025-10-02,C1082,P024,3,43.21,0.0,Store
O200573,2025-10-02,C1240,P020,5,7.45,0.0,Store
O201506,2025-10-02,C1270,P021,41,44.6,0.15,Store
O204570,2025-10-02,C1184,P025,1,2.16,0.0,Web
O202257,2025-10-03,C1099,P001,3,9.71,0.0,Store
O201886,2025-10-03,C1134,P029,4,22.03,0.0,Web
O203407,2025-10-03,C1245,P005,5,10.44,0.05,Web
O201480,2025-10-03,C1385,P020,2,7.45,0.0,Store
O203232,2025-10-03,C1341,P028,2,5.26,0.0,Store
O204830,2025-10-03,C1278,P017,3,39.66,0.0,Web
O205062,2025-10-03,C1246,P013,1,14.96,0.0,Web
O202793,2025-10-03,C1149,P019,4,5.6,0.05,Web
O201209,2025-10-03,C1021,P006,5,30.41,0.0,Store
O203497,2025-10-03,C1222,P027,5,10.78,0.0,Phone
O203950,2025-10-03,C1043,P008,1,18.86,0.0,Web
O204893,2025-10-03,C1096,P017,2,39.66,0.0,Web
O201903,2025-10-03,C1099,P023,1,14.59,0.0,Web
O205058,2025-10-03,C1346,P005,2,10.44,0.0,Web
O204614,2025-10-04,C1264,P030,4,27.27,0.0,Web
O204553,2025-10-04,C1159,P022,5,2.77,0.0,Store
O205839,2025-10-04,C1173,P002,3,26.87,0.05,Web
O205473,2025-10-04,C1312,P002,4,26.87,0.0,Web
O200210,2025-10-04,C1196,P019,4,5.6,0.0,Store
O204641,2025-10-04,C1007,P029,2,22.03,0.0,Web
O200974,2025-10-04,C1166,P009,2,21.66,0.0,Store
O204224,2025-10-04,C1050,P016,2,23.47,0.0,Web
O201497,2025-10-04,C1357,P017,2,39.66,0.0,Web
O200513,2025-10-04,C1333,P016,4,23.47,0.0,Store
O203117,2025-10-04,C1041,P026,2,8.52,0.05,Web
O205186,2025-10-04,C1208,P006,3,30.41,0.0,Web
O201795,2025-10-04,C1197,P007,2,14.09,0.0,Store
O204355,2025-10-05,C1378,P002,2,26.87,0.0,Store
O200473,2025-10-05,C1233,P016,2,23.47,0.0,Web
O201560,2025-10-05,C1212,P002,5,26.87,0.0,Store
O205530,2025-10-05,C1007,P021,2,44.6,0.0,Web
O200942,2025-10-05,C1244,P009,1,21.66,0.0,Web
O200635,2025-10-05,C1173,P026,2,8.52,0.0,Store
O202190,2025-10-05,C1299,P005,3,10.44,0.0,Web
O203062,2025-10-05,C1024,P023,5,14.59,0.05,Web
O205047,2025-10-05,C1090,P003,2,19.87,0.0,Store
O202880,2025-10-05,C1365,P001,5,9.71,0.05,Store
O205268,2025-10-05,C1299,P018,1,30.77,0.0,Store
O203584,2025-10-05,C1286,P022,2,2.77,0.0,Store
O201568,2025-10-05,C1009,P019,1,5.6,0.05,Store
O204006,2025-10-05,C1149,P004,2,20.17,0.0,Web
O200020,2025-10-05,C1227,P026,52,8.52,0.15,Store
O204655,2025-10-05,C1211,P021,1,44.6,0.0,Web
O204381,2025-10-06,C1000,P029,32,22.03,0.15,Store
O205141,2025-10-06,C1027,P015,5,18.64,0.0,Web
O203236,2025-10-06,C1035,P019,3,5.6,0.0,Store
O202470,2025-10-06,C1327,P028,2,5.26,0.0,Web
O205971,2025-10-06,C1124,P013,30,14.96,0.15,Web
O201742,2025-10-06,C1118,P010,5,40.84,0.0,Web
O202084,2025-10-06,C1291,P016,5,23.47,0.05,Phone
O200876,2025-10-06,C1229,P017,3,39.66,0.0,Web
O201797,2025-10-06,C1024,P027,1,10.78,0.0,Phone
O200209,2025-10-06,C1245,P015,1,18.64,0.05,Store
O202582,2025-10-06,C1041,P025,3,2.16,0.0,Web
O202122,2025-10-06,C1075,P023,2,14.59,0.0,Web
O203409,2025-10-06,C1298,P022,4,2.77,0.0,Web
O204852,2025-10-07,C1215,P018,3,30.77,0.0,Store
O205566,2025-10-07,C1245,P009,4,21.66,0.05,Web
O202144,2025-10-07,C1389,P006,1,30.41,0.0,Web
O203121,2025-10-07,C1346,P007,2,14.09,0.05,Web
O201211,2025-10-07,C1007,P028,4,5.26,0.0,Web
O204949,2025-10-07,C1105,P026,4,8.52,0.0,Web
O202221,2025-10-07,C1188,P026,4,8.52,0.05,Store
O202563,2025-10-07,C1104,P021,4,44.6,0.0,Web
O202484,2025-10-07,C1104,P011,1,12.22,0.0,Web
O202425,2025-10-07,C1002,P019,4,5.6,0.0,Web
O202088,2025-10-07,C1103,P029,2,22.03,0.05,Store
O200730,2025-10-07,C1364,P017,54,39.66,0.15,Web
O202543,2025-10-07,C1381,P019,3,5.6,0.05,Store
O203824,2025-10-07,C1093,P009,3,21.66,0.0,Web
O201753,2025-10-07,C1375,P022,5,2.77,0.0,Web
O202316,2025-10-07,C1169,P022,2,2.77,0.0,Web
O205877,2025-10-07,C1149,P007,2,14.09,0.05,Web
O200608,2025-10-07,C1175,P026,3,8.52,0.0,Store
O201746,2025-10-08,C1237,P019,5,5.6,0.0,Store
O200893,2025-10-08,C1159,P014,5,40.41,0.0,Store
O203367,2025-10-08,C1041,P007,2,14.09,0.05,Web
O201812,2025-10-08,C1301,P005,5,10.44,0.05,Store
O200121,2025-10-08,C1315,P008,1,18.86,0.0,Web
O202105,2025-10-08,C1134,P003,5,19.87,0.0,Web
O203739,2025-10-08,C1186,P005,1,10.44,0.0,Phone
O202813,2025-10-08,C1103,P016,4,23.47,0.0,Web
O205393,2025-10-08,C1226,P011,52,12.22,0.15,Store
O202833,2025-10-08,C1164,P004,17,20.17,0.15,Web
O200964,2025-10-08,C1186,P012,3,32.76,0.0,Web
O201178,2025-10-08,C1176,P018,3,30.77,0.05,Web
O202475,2025-10-09,C1235,P026,2,8.52,0.0,Store
O200794,2025-10-09,C1361,P017,5,39.66,0.0,Web
O203205,2025-10-09,C1081,P026,2,8.52,0.0,Web
O203311,2025-10-09,C1389,P008,4,18.86,0.05,Web
O205962,2025-10-09,C1281,P001,1,9.71,0.05,Store
O203866,2025-10-09,C1146,P010,1,40.84,0.0,Store
O205056,2025-10-09,C1262,P012,1,32.76,0.0,Store
O201159,2025-10-09,C1103,P013,2,14.96,0.0,Web
O205449,2025-10-09,C1092,P015,4,18.64,0.0,Store
O205120,2025-10-09,C1036,P004,2,20.17,0.05,Store
O202540,2025-10-09,C1330,P024,3,43.21,0.0,Store
O202049,2025-10-09,C1049,P006,5,30.41,0.0,Web
O200865,2025-10-09,C1049,P011,2,12.22,0.0,Web
O202342,2025-10-09,C1103,P011,3,12.22,0.0,Web
O205318,2025-10-10,C1187,P015,5,18.64,0.0,Web
O202521,2025-10-10,C1099,P027,2,10.78,0.0,Store
O201643,2025-10-10,C1180,P023,3,14.59,0.0,Web
O202842,2025-10-10,C1293,P022,31,2.77,0.15,Store
O200951,2025-10-10,C1028,P003,41,19.87,0.15,Store
O202025,2025-10-10,C1159,P011,4,12.22,0.05,Store
O204964,2025-10-10,C1392,P007,46,14.09,0.15,Store
O201164,2025-10-10,C1099,P003,4,19.87,0.0,Store
O202535,2025-10-10,C1086,P012,5,32.76,0.0,Phone
O205537,2025-10-10,C1299,P017,1,39.66,0.0,Phone
O204729,2025-10-10,C1166,P030,2,27.27,0.05,Store
O202970,2025-10-10,C1039,P011,4,12.22,0.0,Store
O202994,2025-10-10,C1210,P015,4,18.64,0.0,Store
O200932,2025-10-10,C1347,P022,1,2.77,0.0,Web
O205500,2025-10-10,C1184,P016,1,23.47,0.05,Web
O202759,2025-10-10,C1392,P007,41,14.09,0.15,Phone
O200581,2025-10-11,C1346,P001,2,9.71,0.0,Web
O201853,2025-10-11,C1084,P006,4,30.41,0.0,Web
O201651,2025-10-11,C1106,P023,4,14.59,0.0,Phone
O205021,2025-10-11,C1314,P003,4,19.87,0.05,Store
O204132,2025-10-11,C1358,P012,2,32.76,0.0,Web
O204376,2025-10-11,C1274,P005,4,10.44,0.05,Web
O205397,2025-10-11,C1130,P018,4,30.77,0.0,Web
O204717,2025-10-11,C1159,P009,1,21.66,0.0,Web
O200732,2025-10-11,C1041,P030,1,27.27,0.0,Web
O203679,2025-10-11,C1394,P028,1,5.26,0.0,Store
O203206,2025-10-11,C1235,P017,1,39.66,0.0,Phone
O200799,2025-10-11,C1190,P029,5,22.03,0.0,Web
O201529,2025-10-11,C1269,P026,2,8.52,0.0,Web
O201638,2025-10-11,C1041,P013,4,14.96,0.0,Web
O201270,2025-10-11,C1199,P009,4,21.66,0.0,Store
O201679,2025-10-11,C1384,P019,2,5.6,0.0,Store
O202873,2025-10-12,C1360,P013,3,14.96,0.05,Web
O203339,2025-10-12,C1279,P014,5,40.41,0.0,Web
O204872,2025-10-12,C1222,P019,1,5.6,0.0,Web
O200451,2025-10-12,C1265,P007,4,14.09,0.0,Store
O203809,2025-10-12,C1169,P008,1,18.86,0.0,Web
O203489,2025-10-12,C1188,P023,5,14.59,0.0,Phone
O200258,2025-10-12,C1276,P030,2,27.27,0.0,Store
O203915,2025-10-12,C1063,P027,3,10.78,0.0,Phone
O202517,2025-10-12,C1130,P004,3,20.17,0.0,Web
O201432,2025-10-12,C1364,P004,24,20.17,0.15,Web
O200252,2025-10-12,C1376,P027,5,10.78,0.05,Web
O203908,2025-10-12,C1103,P022,5,2.77,0.0,Web
O203721,2025-10-12,C1145,P008,2,18.86,0.0,Web
O201337,2025-10-12,C1347,P021,3,44.6,0.0,Web
O200906,2025-10-12,C1109,P006,1,30.41,0.0,Store
O202229,2025-10-12,C1196,P028,3,5.26,0.0,Web
O203287,2025-10-12,C1246,P025,4,2.16,0.0,Store
O200136,2025-10-12,C1203,P006,1,30.41,0.05,Store
O201872,2025-10-12,C1355,P014,4,40.41,0.0,Web
O202645,2025-10-12,C1165,P022,4,2.77,0.0,Store
O204184,2025-10-12,C1119,P004,2,20.17,0.05,Web
O204309,2025-10-12,C1085,P011,26,12.22,0.15,Web
O202486,2025-10-13,C1185,P007,1,14.09,0.05,Store
O205539,2025-10-13,C1389,P027,3,10.78,0.05,Web
O202964,2025-10-13,C1355,P010,4,40.84,0.05,Store
O201077,2025-10-13,C1367,P007,1,14.09,0.0,Web
O205432,2025-10-13,C1092,P002,5,26.87,0.05,Store
O204538,2025-10-13,C1297,P026,1,8.52,0.0,Web
O202866,2025-10-13,C1309,P020,4,7.45,0.0,Web
O201308,2025-10-13,C1187,P026,1,8.52,0.05,Store
O202839,2025-10-13,C1242,P001,4,9.71,0.0,Store
O200668,2025-10-13,C1090,P021,5,44.6,0.0,Store
O204627,2025-10-13,C1041,P008,2,18.86,0.05,Web
O204889,2025-10-13,C1173,P012,2,32.76,0.05,Store
O205666,2025-10-13,C1295,P012,3,32.76,0.0,Web
O205258,2025-10-13,C1170,P012,3,32.76,0.0,Web
O204369,2025-10-13,C1076,P020,3,7.45,0.05,Web
O203181,2025-10-13,C1058,P021,3,44.6,0.05,Web
O205961,2025-10-14,C1094,P025,1,2.16,0.0,Web
O201859,2025-10-14,C1254,P012,2,32.76,0.0,Phone
O204121,2025-10-14,C1310,P020,3,7.45,0.0,Web
O205545,2025-10-14,C1254,P006,5,30.41,0.0,Phone
O200917,2025-10-14,C1369,P022,5,2.77,0.0,Web
O203939,2025-10-14,C1213,P024,25,43.21,0.15,Store
O201113,2025-10-14,C1136,P026,4,8.52,0.0,Web
O204083,2025-10-14,C1365,P004,1,20.17,0.0,Store
O202800,2025-10-14,C1013,P021,4,44.6,0.0,Store
O205165,2025-10-14,C1098,P011,1,12.22,0.0,Phone
O203706,2025-10-14,C1196,P016,3,23.47,0.0,Web
O202351,2025-10-14,C1154,P003,18,19.87,0.15,Phone
O205585,2025-10-14,C1319,P015,1,18.64,0.0,Web
O205777,2025-10-14,C1345,P006,1,30.41,0.0,Web
O204771,2025-10-14,C1109,P012,3,32.76,0.0,Web
O205650,2025-10-14,C1312,P017,4,39.66,0.0,Store
O204173,2025-10-14,C1185,P003,2,19.87,0.0,Web
O200761,2025-10-14,C1039,P004,4,20.17,0.0,Web
O204944,2025-10-15,C1339,P012,2,32.76,0.0,Web
O201525,2025-10-15,C1150,P019,5,5.6,0.0,Store
O205225,2025-10-15,C1136,P020,3,7.45,0.0,Web
O202646,2025-10-15,C1156,P005,4,10.44,0.0,Phone
O205632,2025-10-15,C1210,P006,1,30.41,0.05,Phone
O204921,2025-10-15,C1076,P007,1,14.09,0.05,Web
O202340,2025-10-15,C1203,P028,3,5.26,0.0,Store
O200474,2025-10-15,C1374,P020,4,7.45,0.0,Store
O200748,2025-10-15,C1391,P014,3,40.41,0.05,Web
O200919,2025-10-15,C1389,P030,2,27.27,0.0,Web
O205584,2025-10-15,C1110,P004,5,20.17,0.0,Web
O201634,2025-10-15,C1083,P006,4,30.41,0.0,Store
O200230,2025-10-15,C1215,P009,1,21.66,0.0,Web
O200081,2025-10-15,C1092,P013,4,14.96,0.0,Store
O204278,2025-10-16,C1041,P010,4,40.84,0.0,Web
O201225,2025-10-16,C1355,P013,2,14.96,0.05,Store
O203459,2025-10-16,C1226,P027,26,10.78,0.15,Phone
O205081,2025-10-16,C1286,P013,4,14.96,0.0,Web
O202242,2025-10-16,C1327,P017,5,39.66,0.0,Web
O203602,2025-10-16,C1087,P014,5,40.41,0.0,Store
O205239,2025-10-16,C1273,P023,3,14.59,0.0,Web
O201658,2025-10-16,C1184,P016,5,23.47,0.05,Web
O200069,2025-10-16,C1064,P011,5,12.22,0.05,Store
O202675,2025-10-16,C1129,P010,1,40.84,0.0,Store
O202228,2025-10-16,C1344,P019,4,5.6,0.0,Phone
O203351,2025-10-17,C1285,P007,2,14.09,0.0,Store
O202124,2025-10-17,C1333,P007,4,14.09,0.0,Store
O201569,2025-10-17,C1349,P006,5,30.41,0.05,Store
O200646,2025-10-17,C1222,P022,1,2.77,0.0,Web
O203217,2025-10-17,C1292,P002,3,26.87,0.0,Web
O203165,2025-10-17,C1312,P013,2,14.96,0.0,Store
O200468,2025-10-17,C1310,P006,1,30.41,0.0,Web
O203672,2025-10-17,C1299,P013,4,14.96,0.0,Store
O203686,2025-10-17,C1363,P027,1,10.78,0.0,Web
O200375,2025-10-17,C1173,P003,1,19.87,0.0,Store
O200571,2025-10-17,C1240,P018,3,30.77,0.0,Store
O200280,2025-10-17,C1027,P010,1,40.84,0.0,Web
O204749,2025-10-17,C1254,P012,3,32.76,0.0,Web
O203093,2025-10-17,C1389,P020,1,7.45,0.05,Web
O200861,2025-10-17,C1037,P021,2,44.6,0.0,Store
O204439,2025-10-17,C1149,P012,2,32.76,0.0,Web
O204144,2025-10-17,C1101,P017,11,39.66,0.15,Phone
O200860,2025-10-18,C1030,P029,5,22.03,0.0,Store
O203360,2025-10-18,C1136,P020,2,7.45,0.05,Web
O205469,2025-10-18,C1186,P002,1,26.87,0.0,Store
O200525,2025-10-18,C1342,P003,15,19.87,0.15,Store
O205495,2025-10-18,C1084,P003,4,19.87,0.0,Web
O202036,2025-10-18,C1248,P030,2,27.27,0.0,Web
O200854,2025-10-18,C1051,P027,3,10.78,0.05,Store
O202816,2025-10-18,C1090,P011,2,12.22,0.0,Store
O200663,2025-10-18,C1112,P014,5,40.41,0.0,Web
O204517,2025-10-18,C1391,P025,3,2.16,0.0,Web
O205340,2025-10-18,C1365,P027,5,10.78,0.05,Store
O202925,2025-10-18,C1111,P009,2,21.66,0.05,Web
O202180,2025-10-18,C1015,P012,2,32.76,0.0,Store
O202306,2025-10-18,C1286,P002,1,26.87,0.0,Store
O205489,2025-10-18,C1254,P021,3,44.6,0.0,Store
O204118,2025-10-18,C1245,P001,2,9.71,0.0,Web
O200055,2025-10-18,C1333,P004,4,20.17,0.0,Web
O200408,2025-10-18,C1252,P016,2,23.47,0.0,Store
O203016,2025-10-18,C1215,P007,3,14.09,0.0,Store
O205189,2025-10-19,C1292,P011,4,12.22,0.0,Web
O205880,2025-10-19,C1197,P023,1,14.59,0.05,Store
O204871,2025-10-19,C1103,P030,4,27.27,0.0,Web
O200954,2025-10-19,C1273,P018,2,30.77,0.05,Web
O204505,2025-10-19,C1152,P011,31,12.22,0.15,Store
O203676,2025-10-19,C1090,P009,2,21.66,0.05,Store
O203443,2025-10-19,C1256,P007,1,14.09,0.0,Store
O204598,2025-10-19,C1147,P002,1,26.87,0.0,Store
O202064,2025-10-20,C1226,P022,49,2.77,0.15,Store
O201439,2025-10-20,C1363,P018,3,30.77,0.0,Store
O201585,2025-10-20,C1378,P025,3,2.16,0.0,Phone
O202074,2025-10-20,C1228,P020,3,7.45,0.0,Web
O203169,2025-10-20,C1374,P011,1,12.22,0.0,Store
O204062,2025-10-20,C1209,P016,2,23.47,0.0,Web
O202348,2025-10-20,C1114,P027,3,10.78,0.0,Web
O204065,2025-10-20,C1096,P023,2,14.59,0.0,Web
O204465,2025-10-20,C1017,P025,4,2.16,0.0,Web
O204462,2025-10-20,C1254,P021,2,44.6,0.0,Web
O200970,2025-10-20,C1175,P027,5,10.78,0.0,Store
O202786,2025-10-20,C1211,P015,1,18.64,0.05,Store
O202298,2025-10-20,C1372,P007,5,14.09,0.0,Web
O205169,2025-10-20,C1382,P021,5,44.6,0.0,Web
O204744,2025-10-21,C1346,P023,5,14.59,0.0,Web
O202259,2025-10-21,C1084,P019,4,5.6,0.05,Web
O203589,2025-10-21,C1029,P017,4,39.66,0.0,Store
O204295,2025-10-21,C1103,P011,1,12.22,0.0,Phone
O202017,2025-10-21,C1360,P012,4,32.76,0.0,Phone
O201050,2025-10-21,C1255,P001,4,9.71,0.0,Web
O201937,2025-10-21,C1081,P027,4,10.78,0.0,Web
O200094,2025-10-21,C1079,P023,5,14.59,0.0,Store
O200191,2025-10-21,C1202,P006,39,30.41,0.15,Phone
O204675,2025-10-21,C1211,P029,2,22.03,0.0,Store
O205008,2025-10-21,C1230,P023,5,14.59,0.0,Store
O205702,2025-10-21,C1215,P010,1,40.84,0.0,Store
O204142,2025-10-21,C1212,P026,3,8.52,0.0,Phone
O204384,2025-10-21,C1013,P030,3,27.27,0.0,Phone
O204257,2025-10-21,C1240,P016,3,23.47,0.0,Web
O200770,2025-10-21,C1257,P001,5,9.71,0.0,Web
O205800,2025-10-21,C1361,P006,2,30.41,0.0,Web
O201839,2025-10-21,C1380,P004,1,20.17,0.05,Store
O200039,2025-10-21,C1189,P027,3,10.78,0.05,Store
O204559,2025-10-21,C1116,P023,5,14.59,0.05,Web
O205354,2025-10-22,C1386,P023,5,14.59,0.0,Web
O202466,2025-10-22,C1310,P021,4,44.6,0.05,Store
O200465,2025-10-22,C1187,P019,5,5.6,0.0,Web
O202120,2025-10-22,C1244,P006,3,30.41,0.0,Web
O202811,2025-10-22,C1067,P018,1,30.77,0.0,Store
O201825,2025-10-22,C1226,P007,22,14.09,0.15,Store
O200078,2025-10-22,C1245,P008,4,18.86,0.05,Web
O201157,2025-10-22,C1146,P024,5,43.21,0.0,Store
O203656,2025-10-22,C1215,P007,2,14.09,0.0,Web
O201946,2025-10-22,C1227,P025,41,2.16,0.15,Store
O205761,2025-10-22,C1299,P013,1,14.96,0.0,Phone
O203477,2025-10-22,C1103,P023,4,14.59,0.0,Web
O200782,2025-10-22,C1175,P022,5,2.77,0.0,Store
O202302,2025-10-22,C1361,P025,3,2.16,0.05,Web
O205919,2025-10-22,C1065,P029,1,22.03,0.0,Web
O205179,2025-10-22,C1299,P001,1,9.71,0.0,Web
O204993,2025-10-22,C1125,P019,5,5.6,0.0,Phone
O203111,2025-10-22,C1303,P001,1,9.71,0.05,Web
O202953,2025-10-22,C1257,P015,4,18.64,0.0,Web
O203864,2025-10-22,C1041,P007,2,14.09,0.0,Web
O202783,2025-10-23,C1111,P006,5,30.41,0.0,Web
O202763,2025-10-23,C1226,P026,57,8.52,0.15,Phone
O202835,2025-10-23,C1002,P021,1,44.6,0.0,Web
O202762,2025-10-23,C1176,P006,2,30.41,0.0,Web
O200629,2025-10-23,C1381,P016,3,23.47,0.0,Store
O202044,2025-10-23,C1096,P008,3,18.86,0.0,Store
O205010,2025-10-23,C1242,P013,4,14.96,0.0,Web
O205806,2025-10-23,C1313,P002,42,26.87,0.15,Store
O201850,2025-10-23,C1143,P010,5,40.84,0.0,Web
O204147,2025-10-23,C1226,P011,26,12.22,0.15,Web
O205206,2025-10-23,C1109,P010,5,40.84,0.05,Store
O205308,2025-10-23,C1111,P018,2,30.77,0.05,Web
O202462,2025-10-23,C1314,P027,3,10.78,0.0,Store
O205655,2025-10-23,C1271,P016,5,23.47,0.0,Phone
O202181,2025-10-23,C1068,P018,3,30.77,0.0,Web
O205784,2025-10-23,C1008,P029,2,22.03,0.0,Web
O205783,2025-10-23,C1173,P007,5,14.09,0.0,Phone
O202290,2025-10-23,C1007,P025,3,2.16,0.0,Web
O201931,2025-10-23,C1150,P015,1,18.64,0.0,Store
O204763,2025-10-23,C1152,P002,30,26.87,0.15,Store
O205550,2025-10-24,C1103,P004,1,20.17,0.0,Store
O205620,2025-10-24,C1380,P014,4,40.41,0.05,Web
O202483,2025-10-24,C1216,P028,3,5.26,0.0,Web
O200627,2025-10-24,C1185,P018,3,30.77,0.0,Store
O201208,2025-10-24,C1026,P013,3,14.96,0.05,Store
O200035,2025-10-24,C1103,P013,2,14.96,0.0,Store
O202179,2025-10-24,C1362,P019,2,5.6,0.0,Web
O204984,2025-10-24,C1131,P021,1,44.6,0.0,Phone
O203838,2025-10-24,C1354,P021,3,44.6,0.0,Store
O203681,2025-10-24,C1242,P003,3,19.87,0.05,Web
O200508,2025-10-24,C1224,P013,44,14.96,0.15,Phone
O200744,2025-10-24,C1384,P001,2,9.71,0.0,Store
O202177,2025-10-24,C1106,P021,5,44.6,0.0,Phone
O200395,2025-10-25,C1365,P014,3,40.41,0.0,Store
O204199,2025-10-25,C1210,P008,1,18.86,0.0,Web
O204507,2025-10-25,C1170,P008,1,18.86,0.0,Store
O202151,2025-10-25,C1027,P008,1,18.86,0.05,Web
O205514,2025-10-25,C1186,P021,1,44.6,0.0,Store
O205652,2025-10-25,C1345,P018,2,30.77,0.05,Web
O204807,2025-10-25,C1284,P010,5,40.84,0.05,Web
O202413,2025-10-25,C1354,P018,1,30.77,0.0,Store
O200529,2025-10-25,C1327,P026,3,8.52,0.0,Web
O203133,2025-10-25,C1173,P025,1,2.16,0.05,Store
O204989,2025-10-25,C1081,P020,4,7.45,0.0,Web
O203462,2025-10-26,C1166,P004,3,20.17,0.05,Store
O201390,2025-10-26,C1049,P019,2,5.6,0.0,Web
O204506,2025-10-26,C1085,P016,13,23.47,0.15,Web
O203259,2025-10-26,C1382,P021,4,44.6,0.0,Web
O203991,2025-10-26,C1320,P029,2,22.03,0.0,Web
O204576,2025-10-26,C1111,P012,3,32.76,0.05,Web
O200980,2025-10-26,C1177,P007,3,14.09,0.05,Web
O200206,2025-10-26,C1245,P020,5,7.45,0.0,Store
O204430,2025-10-26,C1159,P005,2,10.44,0.05,Store
O205418,2025-10-26,C1298,P018,5,30.77,0.0,Web
O202792,2025-10-26,C1106,P013,4,14.96,0.0,Web
O201476,2025-10-26,C1278,P025,2,2.16,0.0,Web
O200585,2025-10-26,C1362,P017,2,39.66,0.05,Web
O204289,2025-10-26,C1327,P029,3,22.03,0.0,Web
O204419,2025-10-26,C1226,P022,24,2.77,0.15,Phone
O200791,2025-10-26,C1271,P004,3,20.17,0.05,Store
O201688,2025-10-26,C1327,P011,2,12.22,0.0,Web
O201019,2025-10-26,C1025,P021,4,44.6,0.0,Store
O200264,2025-10-26,C1348,P026,3,8.52,0.0,Store
O204474,2025-10-27,C1390,P016,10,23.47,0.15,Store
O201994,2025-10-27,C1106,P015,1,18.64,0.0,Store
O205033,2025-10-27,C1378,P019,3,5.6,0.05,Store
O202642,2025-10-27,C1358,P026,5,8.52,0.0,Store
O201909,2025-10-27,C1251,P005,1,10.44,0.05,Store
O205043,2025-10-27,C1257,P012,3,32.76,0.0,Web
O200187,2025-10-27,C1226,P030,13,27.27,0.15,Store
O202493,2025-10-27,C1103,P017,1,39.66,0.0,Store
O201292,2025-10-27,C1024,P014,4,40.41,0.05,Store
O201093,2025-10-27,C1355,P004,3,20.17,0.0,Web
O201468,2025-10-27,C1000,P001,11,9.71,0.15,Store
O204021,2025-10-27,C1165,P004,4,20.17,0.0,Store
O201712,2025-10-27,C1246,P007,2,14.09,0.0,Web
O205604,2025-10-27,C1081,P018,1,30.77,0.0,Web
O200139,2025-10-27,C1239,P015,3,18.64,0.0,Web
O200033,2025-10-28,C1084,P025,2,2.16,0.0,Web
O202279,2025-10-28,C1230,P005,5,10.44,0.0,Store
O202146,2025-10-28,C1124,P020,50,7.45,0.15,Store
O205569,2025-10-28,C1292,P029,3,22.03,0.05,Web
O202128,2025-10-28,C1203,P003,4,19.87,0.0,Store
O202446,2025-10-28,C1041,P010,5,40.84,0.0,Web
O201202,2025-10-28,C1365,P001,3,9.71,0.05,Web
O201357,2025-10-28,C1253,P011,4,12.22,0.05,Web
O200346,2025-10-28,C1281,P017,2,39.66,0.0,Store
O205897,2025-10-28,C1227,P023,50,14.59,0.15,Store
O205370,2025-10-28,C1312,P008,3,18.86,0.0,Store
O204180,2025-10-28,C1022,P015,28,18.64,0.15,Store
O202510,2025-10-28,C1122,P008,4,18.86,0.05,Web
O204696,2025-10-28,C1079,P026,5,8.52,0.0,Web
O200982,2025-10-28,C1165,P012,1,32.76,0.0,Web
O204022,2025-10-28,C1137,P021,3,44.6,0.0,Store
O204401,2025-10-28,C1239,P008,1,18.86,0.0,Web
O205721,2025-10-28,C1281,P009,5,21.66,0.05,Web
O201847,2025-10-28,C1364,P008,41,18.86,0.15,Phone
O203472,2025-10-28,C1327,P011,1,12.22,0.0,Web
O201708,2025-10-28,C1333,P029,5,22.03,0.0,Store
O204237,2025-10-28,C1252,P004,5,20.17,0.0,Store
O204624,2025-10-28,C1256,P024,2,43.21,0.05,Store
O205080,2025-10-28,C1254,P013,5,14.96,0.0,Store
O201393,2025-10-28,C1129,P008,4,18.86,0.0,Store
O202296,2025-10-29,C1346,P017,3,39.66,0.0,Web
O202456,2025-10-29,C1340,P016,1,23.47,0.05,Web
O200108,2025-10-29,C1096,P008,2,18.86,0.0,Store
O202276,2025-10-29,C1015,P015,4,18.64,0.0,Web
O202270,2025-10-29,C1170,P014,1,40.41,0.05,Store
O204915,2025-10-29,C1060,P005,34,10.44,0.15,Web
O201907,2025-10-29,C1226,P024,48,43.21,0.15,Phone
O205305,2025-10-29,C1264,P029,3,22.03,0.0,Web
O203092,2025-10-29,C1332,P013,1,14.96,0.0,Web
O200574,2025-10-29,C1107,P009,22,21.66,0.15,Store
O202628,2025-10-30,C1156,P029,4,22.03,0.0,Web
O202848,2025-10-30,C1100,P029,2,22.03,0.0,Web
O201674,2025-10-30,C1338,P029,5,22.03,0.0,Store
O204297,2025-10-30,C1142,P012,4,32.76,0.0,Store
O200092,2025-10-30,C1245,P007,5,14.09,0.0,Web
O200698,2025-10-30,C1028,P022,13,2.77,0.15,Web
O205766,2025-10-30,C1098,P005,2,10.44,0.05,Store
O201500,2025-10-30,C1159,P029,5,22.03,0.0,Store
O202412,2025-10-30,C1342,P020,27,7.45,0.15,Store
O201772,2025-10-30,C1119,P016,4,23.47,0.05,Web
O201205,2025-10-30,C1226,P010,57,40.84,0.15,Web
O204536,2025-10-30,C1060,P015,43,18.64,0.15,Store
O201918,2025-10-30,C1152,P027,55,10.78,0.15,Web
O200952,2025-10-30,C1143,P029,1,22.03,0.0,Web
O202418,2025-10-30,C1226,P011,20,12.22,0.15,Store
O204163,2025-10-30,C1254,P006,1,30.41,0.0,Web
O202131,2025-10-30,C1060,P029,35,22.03,0.15,Store
O202959,2025-10-31,C1102,P028,2,5.26,0.05,Store
O202603,2025-10-31,C1170,P028,5,5.26,0.0,Store
O201878,2025-10-31,C1147,P022,2,2.77,0.0,Store
O202932,2025-10-31,C1124,P018,46,30.77,0.15,Store
O202791,2025-10-31,C1386,P016,5,23.47,0.0,Web
O204363,2025-10-31,C1396,P025,3,2.16,0.05,Web
O205299,2025-10-31,C1312,P004,2,20.17,0.05,Store
O205709,2025-10-31,C1231,P016,46,23.47,0.15,Store
O205626,2025-10-31,C1239,P012,5,32.76,0.0,Web
O202171,2025-10-31,C1007,P022,1,2.77,0.0,Web
O200884,2025-10-31,C1103,P029,2,22.03,0.0,Store
O202680,2025-10-31,C1320,P026,1,8.52,0.0,Web
O200704,2025-10-31,C1240,P007,5,14.09,0.0,Web
O205913,2025-10-31,C1009,P016,1,23.47,0.0,Store
O203342,2025-10-31,C1369,P003,3,19.87,0.0,Store
O202881,2025-10-31,C1187,P026,5,8.52,0.0,Phone
O204662,2025-10-31,C1274,P027,4,10.78,0.05,Store
O203780,2025-10-31,C1064,P012,3,32.76,0.05,Store
O204841,2025-10-31,C1101,P018,54,30.77,0.15,Store
O202986,2025-10-31,C1381,P005,4,10.44,0.0,Store
O205243,2025-10-31,C1143,P002,2,26.87,0.0,Web
O200085,2025-11-01,C1025,P013,1,14.96,0.0,Store
O205219,2025-11-01,C1192,P030,1,27.27,0.0,Store
O205922,2025-11-01,C1303,P021,1,44.6,0.0,Web
O202491,2025-11-01,C1026,P008,3,18.86,0.0,Web
O200985,2025-11-01,C1028,P026,13,8.52,0.15,Store
O200583,2025-11-01,C1330,P023,2,14.59,0.05,Store
O201756,2025-11-01,C1173,P013,3,14.96,0.0,Web
O203010,2025-11-01,C1312,P007,4,14.09,0.0,Store
O204652,2025-11-01,C1253,P025,1,2.16,0.05,Web
O200533,2025-11-01,C1307,P026,4,8.52,0.0,Store
O200149,2025-11-01,C1154,P011,31,12.22,0.15,Store
O203200,2025-11-01,C1259,P013,1,14.96,0.0,Web
O203450,2025-11-01,C1213,P009,26,21.66,0.15,Store
O205712,2025-11-01,C1111,P014,5,40.41,0.05,Web
O202085,2025-11-01,C1159,P026,5,8.52,0.0,Store
O200564,2025-11-01,C1174,P005,3,10.44,0.0,Store
O200509,2025-11-01,C1216,P023,2,14.59,0.0,Web
O203211,2025-11-01,C1318,P025,5,2.16,0.05,Store
O204475,2025-11-01,C1103,P004,5,20.17,0.05,Store
O203249,2025-11-01,C1319,P001,2,9.71,0.0,Web
O205694,2025-11-02,C1313,P007,33,14.09,0.15,Web
O203315,2025-11-02,C1281,P028,2,5.26,0.0,Phone
O205274,2025-11-02,C1152,P028,41,5.26,0.15,Store
O204437,2025-11-02,C1121,P027,29,10.78,0.15,Store
O200870,2025-11-02,C1330,P004,3,20.17,0.05,Phone
O204477,2025-11-02,C1310,P025,2,2.16,0.0,Store
O200838,2025-11-02,C1365,P002,2,26.87,0.0,Store
O202717,2025-11-02,C1011,P019,4,5.6,0.0,Store
O201090,2025-11-02,C1283,P001,1,9.71,0.0,Store
O205433,2025-11-02,C1264,P027,3,10.78,0.0,Web
O205152,2025-11-02,C1170,P022,3,2.77,0.0,Store
O204161,2025-11-02,C1143,P008,3,18.86,0.0,Web
O205925,2025-11-02,C1170,P028,4,5.26,0.0,Phone
O203498,2025-11-02,C1362,P009,1,21.66,0.0,Store
O204784,2025-11-03,C1075,P025,1,2.16,0.0,Web
O201777,2025-11-03,C1055,P017,4,39.66,0.0,Store
O200579,2025-11-03,C1007,P020,2,7.45,0.0,Web
O201800,2025-11-03,C1367,P017,1,39.66,0.0,Web
O205882,2025-11-03,C1382,P013,5,14.96,0.0,Store
O204699,2025-11-03,C1306,P013,2,14.96,0.0,Store
O201834,2025-11-03,C1106,P029,1,22.03,0.05,Store
O202320,2025-11-03,C1030,P008,2,18.86,0.0,Store
O201078,2025-11-03,C1166,P017,1,39.66,0.0,Store
O203064,2025-11-03,C1242,P012,4,32.76,0.0,Web
O201392,2025-11-03,C1285,P015,3,18.64,0.0,Web
O202624,2025-11-03,C1267,P028,3,5.26,0.0,Store
O205064,2025-11-04,C1226,P005,57,10.44,0.15,Store
O205923,2025-11-04,C1212,P023,3,14.59,0.0,Store
O205669,2025-11-04,C1320,P011,1,12.22,0.0,Web
O203085,2025-11-04,C1067,P027,4,10.78,0.0,Web
O205497,2025-11-04,C1230,P008,1,18.86,0.0,Store
O201521,2025-11-04,C1245,P021,5,44.6,0.0,Store
O203143,2025-11-04,C1232,P008,5,18.86,0.0,Web
O205474,2025-11-04,C1030,P011,1,12.22,0.05,Web
O202038,2025-11-04,C1116,P022,1,2.77,0.0,Web
O204058,2025-11-04,C1339,P029,1,22.03,0.0,Store
O200684,2025-11-04,C1086,P012,4,32.76,0.0,Store
O204037,2025-11-04,C1367,P020,2,7.45,0.0,Web
O201039,2025-11-04,C1327,P027,1,10.78,0.05,Web
O204787,2025-11-04,C1085,P021,44,44.6,0.15,Store
O201174,2025-11-04,C1360,P019,4,5.6,0.0,Store
O201126,2025-11-04,C1007,P024,5,43.21,0.05,Web
O202461,2025-11-04,C1063,P025,3,2.16,0.0,Store
O200068,2025-11-05,C1342,P009,47,21.66,0.15,Web
O205873,2025-11-05,C1358,P024,1,43.21,0.0,Web
O205382,2025-11-05,C1092,P017,2,39.66,0.0,Phone
O201911,2025-11-05,C1103,P011,1,12.22,0.0,Phone
O200991,2025-11-05,C1389,P004,1,20.17,0.0,Web
O201373,2025-11-05,C1066,P017,5,39.66,0.0,Store
O203094,2025-11-05,C1187,P005,2,10.44,0.0,Web
O200887,2025-11-05,C1184,P004,1,20.17,0.0,Web
O205303,2025-11-05,C1106,P030,3,27.27,0.0,Store
O203729,2025-11-05,C1184,P024,3,43.21,0.0,Web
O204605,2025-11-05,C1385,P003,4,19.87,0.0,Web
O202544,2025-11-05,C1028,P003,39,19.87,0.15,Store
O203359,2025-11-05,C1230,P029,2,22.03,0.0,Store
O204896,2025-11-05,C1387,P007,4,14.09,0.0,Web
O203356,2025-11-05,C1051,P002,3,26.87,0.0,Web
O200902,2025-11-05,C1101,P009,46,21.66,0.15,Web
O202884,2025-11-05,C1154,P018,31,30.77,0.15,Phone
O200758,2025-11-06,C1228,P026,4,8.52,0.0,Web
O204317,2025-11-06,C1380,P028,5,5.26,0.0,Store
O203951,2025-11-06,C1092,P018,2,30.77,0.0,Web
O204987,2025-11-06,C1134,P020,2,7.45,0.0,Web
O203349,2025-11-06,C1304,P003,44,19.87,0.15,Store
O200687,2025-11-06,C1170,P003,1,19.87,0.0,Store
O204265,2025-11-06,C1072,P014,5,40.41,0.0,Web
O200789,2025-11-06,C1182,P001,3,9.71,0.05,Web
O203981,2025-11-06,C1376,P016,1,23.47,0.05,Store
O202441,2025-11-06,C1132,P002,2,26.87,0.0,Store
O200803,2025-11-06,C1281,P030,1,27.27,0.0,Web
O204790,2025-11-06,C1378,P026,1,8.52,0.0,Phone
O203762,2025-11-06,C1188,P017,5,39.66,0.0,Store
O204958,2025-11-06,C1009,P002,4,26.87,0.0,Store
O200558,2025-11-06,C1278,P022,3,2.77,0.0,Web
O202935,2025-11-06,C1273,P024,2,43.21,0.0,Web
O202564,2025-11-06,C1380,P021,1,44.6,0.05,Web
O203246,2025-11-06,C1002,P006,1,30.41,0.0,Web
O203418,2025-11-06,C1333,P026,5,8.52,0.0,Store
O200029,2025-11-06,C1350,P025,2,2.16,0.0,Store
O204333,2025-11-06,C1281,P030,3,27.27,0.0,Store
O204473,2025-11-06,C1330,P014,5,40.41,0.0,Web
O202649,2025-11-07,C1278,P022,1,2.77,0.0,Web
O203470,2025-11-07,C1037,P010,5,40.84,0.05,Store
O205452,2025-11-07,C1210,P029,3,22.03,0.0,Store
O205647,2025-11-07,C1204,P004,1,20.17,0.0,Web
O200301,2025-11-07,C1146,P009,4,21.66,0.0,Web
O202824,2025-11-07,C1084,P007,5,14.09,0.05,Web
O202433,2025-11-07,C1085,P016,55,23.47,0.15,Store
O205624,2025-11-07,C1099,P027,1,10.78,0.0,Store
O203688,2025-11-07,C1103,P001,5,9.71,0.0,Web
O200592,2025-11-07,C1278,P026,5,8.52,0.05,Web
O203680,2025-11-07,C1187,P025,1,2.16,0.0,Web
O201034,2025-11-08,C1360,P011,1,12.22,0.0,Store
O204115,2025-11-08,C1226,P019,23,5.6,0.15,Web
O203160,2025-11-08,C1346,P003,2,19.87,0.0,Web
O202785,2025-11-08,C1175,P003,3,19.87,0.0,Phone
O204398,2025-11-08,C1327,P007,4,14.09,0.0,Web
O202370,2025-11-08,C1081,P017,4,39.66,0.0,Web
O201671,2025-11-08,C1160,P010,1,40.84,0.05,Store
O204629,2025-11-08,C1222,P027,1,10.78,0.0,Store
O205333,2025-11-08,C1374,P026,4,8.52,0.0,Phone
O202668,2025-11-08,C1152,P003,31,19.87,0.15,Store
O203671,2025-11-09,C1054,P006,4,30.41,0.0,Store
O203920,2025-11-09,C1256,P022,5,2.77,0.0,Store
O204497,2025-11-09,C1380,P007,3,14.09,0.0,Store
O202109,2025-11-09,C1025,P012,1,32.76,0.0,Store
O203927,2025-11-09,C1009,P028,2,5.26,0.0,Store
O203806,2025-11-09,C1159,P002,1,26.87,0.0,Store
O205443,2025-11-09,C1043,P005,1,10.44,0.0,Web
O205519,2025-11-09,C1190,P026,4,8.52,0.0,Store
O201424,2025-11-09,C1226,P007,54,14.09,0.15,Web
O201429,2025-11-09,C1134,P004,4,20.17,0.0,Web
O202121,2025-11-09,C1092,P008,4,18.86,0.0,Web
O204746,2025-11-09,C1256,P021,3,44.6,0.0,Store
O203331,2025-11-09,C1333,P011,2,12.22,0.05,Store
O203691,2025-11-09,C1330,P024,5,43.21,0.0,Web
O201870,2025-11-09,C1309,P010,1,40.84,0.0,Web
O205360,2025-11-09,C1264,P019,1,5.6,0.0,Web
O201258,2025-11-09,C1374,P004,4,20.17,0.0,Store
O200118,2025-11-09,C1132,P028,3,5.26,0.0,Store
O201542,2025-11-09,C1333,P011,1,12.22,0.0,Store
O203113,2025-11-09,C1245,P020,3,7.45,0.0,Store
O200325,2025-11-09,C1122,P008,2,18.86,0.0,Web
O201189,2025-11-09,C1052,P016,3,23.47,0.0,Store
O204849,2025-11-09,C1330,P003,4,19.87,0.0,Web
O202576,2025-11-09,C1280,P004,15,20.17,0.15,Store
O200340,2025-11-09,C1276,P025,4,2.16,0.0,Web
O202844,2025-11-10,C1103,P017,5,39.66,0.05,Store
O200100,2025-11-10,C1109,P026,4,8.52,0.0,Web
O204794,2025-11-10,C1271,P004,3,20.17,0.0,Store
O205136,2025-11-10,C1264,P001,5,9.71,0.05,Web
O204276,2025-11-10,C1330,P023,4,14.59,0.0,Web
O204039,2025-11-10,C1028,P005,17,10.44,0.15,Web
O204019,2025-11-10,C1107,P025,16,2.16,0.15,Store
O200512,2025-11-10,C1063,P009,2,21.66,0.0,Web
O202894,2025-11-10,C1332,P010,4,40.84,0.0,Web
O200947,2025-11-10,C1022,P027,52,10.78,0.15,Phone
O204823,2025-11-10,C1245,P012,2,32.76,0.0,Store
O205315,2025-11-10,C1041,P001,4,9.71,0.0,Web
O202391,2025-11-10,C1365,P023,4,14.59,0.0,Store
O204391,2025-11-10,C1378,P012,1,32.76,0.05,Web
O205936,2025-11-10,C1134,P023,4,14.59,0.0,Web
O204134,2025-11-10,C1103,P004,2,20.17,0.0,Store
O201722,2025-11-10,C1173,P027,2,10.78,0.0,Store
O201537,2025-11-10,C1030,P001,2,9.71,0.0,Web
O201716,2025-11-10,C1111,P011,2,12.22,0.0,Web
O202069,2025-11-10,C1151,P030,2,27.27,0.0,Web
O204101,2025-11-11,C1247,P026,32,8.52,0.15,Phone
O205870,2025-11-11,C1187,P015,5,18.64,0.0,Web
O200223,2025-11-11,C1137,P012,5,32.76,0.0,Store
O205988,2025-11-11,C1302,P025,1,2.16,0.0,Web
O201884,2025-11-11,C1216,P007,3,14.09,0.0,Web
O205980,2025-11-11,C1188,P013,1,14.96,0.0,Store
O202941,2025-11-11,C1175,P006,5,30.41,0.0,Store
O202565,2025-11-11,C1096,P001,2,9.71,0.0,Phone
O200212,2025-11-11,C1107,P015,19,18.64,0.15,Store
O205247,2025-11-11,C1087,P016,4,23.47,0.0,Web
O204959,2025-11-11,C1022,P007,48,14.09,0.15,Store
O200273,2025-11-11,C1103,P025,1,2.16,0.0,Store
O201362,2025-11-11,C1312,P022,4,2.77,0.0,Store
O200363,2025-11-12,C1103,P003,2,19.87,0.0,Phone
O201142,2025-11-12,C1365,P009,2,21.66,0.0,Store
O203973,2025-11-12,C1090,P011,2,12.22,0.0,Phone
O204817,2025-11-12,C1319,P001,1,9.71,0.05,Web
O205562,2025-11-12,C1043,P026,2,8.52,0.0,Web
O203699,2025-11-12,C1061,P025,26,2.16,0.15,Web
O202043,2025-11-12,C1212,P027,4,10.78,0.0,Phone
O202936,2025-11-12,C1378,P010,1,40.84,0.0,Store
O203395,2025-11-12,C1354,P013,1,14.96,0.0,Store
O202407,2025-11-12,C1290,P007,2,14.09,0.0,Store
O200999,2025-11-12,C1150,P030,3,27.27,0.0,Phone
O201499,2025-11-12,C1310,P030,2,27.27,0.0,Store
O202125,2025-11-12,C1002,P015,5,18.64,0.0,Web
O205851,2025-11-12,C1009,P026,2,8.52,0.0,Store
O200517,2025-11-12,C1189,P002,2,26.87,0.0,Web
O200943,2025-11-12,C1201,P026,29,8.52,0.15,Web
O203834,2025-11-12,C1118,P014,3,40.41,0.0,Store
O202591,2025-11-12,C1081,P017,5,39.66,0.05,Web
O201683,2025-11-12,C1394,P004,1,20.17,0.05,Store
O204330,2025-11-12,C1085,P006,43,30.41,0.15,Web
O202706,2025-11-13,C1148,P008,4,18.86,0.0,Store
O205293,2025-11-13,C1337,P027,3,10.78,0.0,Store
O205715,2025-11-13,C1079,P016,2,23.47,0.0,Store
O205485,2025-11-13,C1129,P013,4,14.96,0.05,Store
O203223,2025-11-13,C1230,P001,1,9.71,0.0,Store
O203723,2025-11-13,C1058,P003,2,19.87,0.05,Web
O205194,2025-11-13,C1110,P016,3,23.47,0.0,Web
O203559,2025-11-13,C1092,P021,5,44.6,0.0,Store
O205384,2025-11-13,C1007,P009,3,21.66,0.0,Web
O202498,2025-11-13,C1064,P009,3,21.66,0.0,Phone
O201179,2025-11-13,C1287,P003,1,19.87,0.0,Store
O205298,2025-11-13,C1358,P007,4,14.09,0.05,Store
O203637,2025-11-13,C1079,P028,5,5.26,0.0,Store
O202031,2025-11-13,C1284,P012,3,32.76,0.05,Web
O205978,2025-11-13,C1235,P005,2,10.44,0.0,Store
O205973,2025-11-13,C1026,P027,1,10.78,0.05,Store
O205000,2025-11-14,C1394,P012,2,32.76,0.0,Store
O204212,2025-11-14,C1332,P027,2,10.78,0.0,Web
O201082,2025-11-14,C1227,P014,58,40.41,0.15,Store
O200134,2025-11-14,C1085,P022,15,2.77,0.15,Store
O201381,2025-11-14,C1332,P028,4,5.26,0.0,Web
O203152,2025-11-14,C1041,P004,3,20.17,0.0,Web
O204193,2025-11-14,C1348,P017,1,39.66,0.0,Web
O204616,2025-11-14,C1020,P014,3,40.41,0.0,Store
O203705,2025-11-14,C1157,P019,4,5.6,0.0,Store
O201057,2025-11-14,C1133,P009,5,21.66,0.05,Phone
O200779,2025-11-14,C1090,P005,5,10.44,0.0,Web
O201375,2025-11-14,C1199,P005,2,10.44,0.0,Store
O202578,2025-11-14,C1118,P025,4,2.16,0.0,Web
O203327,2025-11-14,C1340,P023,2,14.59,0.0,Web
O201805,2025-11-14,C1170,P024,4,43.21,0.0,Store
O202693,2025-11-14,C1062,P013,16,14.96,0.15,Store
O202724,2025-11-14,C1046,P005,2,10.44,0.0,Store
O201482,2025-11-14,C1248,P016,5,23.47,0.0,Web
O205710,2025-11-14,C1233,P010,1,40.84,0.0,Web
O203345,2025-11-14,C1338,P024,5,43.21,0.0,Store
O203660,2025-11-15,C1098,P006,1,30.41,0.0,Store
O201089,2025-11-15,C1246,P001,4,9.71,0.0,Web
O205339,2025-11-15,C1239,P019,2,5.6,0.0,Web
O202001,2025-11-15,C1110,P014,2,40.41,0.0,Web
O203986,2025-11-15,C1017,P001,2,9.71,0.05,Web
O200228,2025-11-15,C1254,P019,1,5.6,0.0,Web
O201138,2025-11-15,C1280,P024,17,43.21,0.15,Phone
O203481,2025-11-15,C1380,P003,3,19.87,0.05,Phone
O204636,2025-11-15,C1342,P004,46,20.17,0.15,Phone
O203297,2025-11-15,C1008,P007,1,14.09,0.0,Web
O205262,2025-11-15,C1249,P019,1,5.6,0.0,Store
O201737,2025-11-15,C1242,P027,5,10.78,0.0,Store
O202292,2025-11-15,C1017,P012,1,32.76,0.0,Web
O203745,2025-11-15,C1007,P019,4,5.6,0.05,Web
O204692,2025-11-15,C1377,P011,3,12.22,0.0,Store
O201926,2025-11-15,C1247,P021,57,44.6,0.15,Store
O203406,2025-11-15,C1383,P004,5,20.17,0.05,Web
O200912,2025-11-15,C1278,P012,5,32.76,0.0,Web
O201309,2025-11-16,C1248,P020,5,7.45,0.0,Web
O204345,2025-11-16,C1063,P008,4,18.86,0.05,Phone
O204137,2025-11-16,C1307,P030,1,27.27,0.0,Store
O200880,2025-11-16,C1165,P011,1,12.22,0.05,Store
O204941,2025-11-16,C1122,P018,5,30.77,0.05,Web
O200472,2025-11-16,C1103,P005,4,10.44,0.05,Web
O200250,2025-11-16,C1363,P003,1,19.87,0.0,Store
O203340,2025-11-16,C1236,P018,51,30.77,0.15,Store
O201854,2025-11-16,C1381,P004,2,20.17,0.0,Web
O201857,2025-11-16,C1273,P026,3,8.52,0.0,Web
O202437,2025-11-16,C1310,P011,5,12.22,0.0,Store
O205281,2025-11-16,C1020,P027,5,10.78,0.0,Store
O200658,2025-11-16,C1312,P008,3,18.86,0.05,Web
O203868,2025-11-16,C1087,P003,5,19.87,0.0,Store
O200022,2025-11-16,C1073,P029,47,22.03,0.15,Phone
O205319,2025-11-16,C1254,P028,5,5.26,0.0,Store
O204415,2025-11-17,C1091,P029,5,22.03,0.0,Web
O203650,2025-11-17,C1110,P020,5,7.45,0.0,Web
O205203,2025-11-17,C1079,P002,2,26.87,0.0,Store
O204088,2025-11-17,C1379,P008,1,18.86,0.0,Web
O202525,2025-11-17,C1165,P001,3,9.71,0.0,Web
O204514,2025-11-17,C1155,P029,3,22.03,0.05,Web
O201818,2025-11-17,C1116,P006,4,30.41,0.0,Web
O202094,2025-11-17,C1111,P027,1,10.78,0.0,Web
O200733,2025-11-17,C1022,P014,41,40.41,0.15,Store
O200623,2025-11-17,C1355,P027,3,10.78,0.0,Web
O201012,2025-11-17,C1332,P004,1,20.17,0.0,Web
O200314,2025-11-17,C1278,P011,2,12.22,0.0,Web
O200925,2025-11-17,C1239,P012,3,32.76,0.0,Web
O203326,2025-11-17,C1127,P027,3,10.78,0.05,Store
O202059,2025-11-18,C1104,P021,1,44.6,0.0,Web
O202850,2025-11-18,C1081,P029,5,22.03,0.0,Web
O204214,2025-11-18,C1103,P020,3,7.45,0.0,Web
O200966,2025-11-18,C1360,P003,4,19.87,0.0,Store
O203184,2025-11-18,C1041,P016,5,23.47,0.05,Web
O204434,2025-11-18,C1246,P015,1,18.64,0.0,Store
O204745,2025-11-18,C1182,P007,5,14.09,0.0,Web
O201459,2025-11-18,C1012,P013,1,14.96,0.0,Store
O202427,2025-11-18,C1361,P014,4,40.41,0.0,Store
O203708,2025-11-18,C1058,P022,1,2.77,0.0,Web
O201807,2025-11-18,C1273,P023,2,14.59,0.05,Web
O202814,2025-11-18,C1092,P026,3,8.52,0.0,Store
O204942,2025-11-18,C1367,P028,3,5.26,0.0,Web
O201214,2025-11-18,C1179,P017,5,39.66,0.0,Store
O204732,2025-11-19,C1166,P029,2,22.03,0.0,Store
O203741,2025-11-19,C1382,P010,3,40.84,0.0,Store
O201690,2025-11-19,C1111,P014,1,40.41,0.0,Web
O201751,2025-11-19,C1251,P019,2,5.6,0.0,Store
O202509,2025-11-19,C1129,P025,4,2.16,0.05,Phone
O201212,2025-11-19,C1041,P022,4,2.77,0.0,Web
O205195,2025-11-19,C1202,P023,58,14.59,0.15,Store
O203561,2025-11-19,C1299,P010,5,40.84,0.05,Store
O204748,2025-11-19,C1228,P008,4,18.86,0.0,Web
O204938,2025-11-19,C1187,P005,5,10.44,0.05,Store
O200933,2025-11-19,C1131,P006,2,30.41,0.0,Phone
O201801,2025-11-19,C1006,P005,4,10.44,0.0,Phone
O200903,2025-11-19,C1244,P026,1,8.52,0.05,Web
O205540,2025-11-19,C1224,P009,35,21.66,0.15,Store
O202352,2025-11-19,C1264,P021,5,44.6,0.0,Store
O204720,2025-11-19,C1362,P013,4,14.96,0.0,Store
O205817,2025-11-19,C1273,P001,2,9.71,0.05,Web
O203971,2025-11-19,C1063,P028,5,5.26,0.0,Store
O205493,2025-11-19,C1072,P016,1,23.47,0.0,Web
O202920,2025-11-19,C1185,P018,3,30.77,0.0,Store
O204773,2025-11-19,C1212,P006,5,30.41,0.0,Phone
O201957,2025-11-19,C1276,P022,5,2.77,0.0,Store
O200632,2025-11-19,C1110,P027,3,10.78,0.0,Web
O200901,2025-11-20,C1048,P019,1,5.6,0.0,Store
O202344,2025-11-20,C1290,P029,5,22.03,0.05,Web
O203363,2025-11-20,C1063,P004,2,20.17,0.0,Store
O204835,2025-11-20,C1321,P029,5,22.03,0.0,Store
O204197,2025-11-20,C1096,P030,2,27.27,0.0,Web
O203791,2025-11-20,C1349,P025,5,2.16,0.05,Store
O204244,2025-11-20,C1046,P001,1,9.71,0.05,Phone
O202711,2025-11-20,C1127,P014,5,40.41,0.05,Store
O201289,2025-11-20,C1081,P006,1,30.41,0.0,Web
O203318,2025-11-20,C1298,P004,3,20.17,0.0,Web
O203296,2025-11-20,C1389,P022,2,2.77,0.0,Web
O203608,2025-11-20,C1330,P028,4,5.26,0.0,Store
O200634,2025-11-20,C1092,P026,5,8.52,0.05,Web
O202399,2025-11-20,C1328,P008,2,18.86,0.0,Store
O205894,2025-11-20,C1327,P016,1,23.47,0.0,Web
O200675,2025-11-20,C1245,P015,2,18.64,0.0,Web
O202225,2025-11-20,C1131,P029,4,22.03,0.0,Store
O203552,2025-11-21,C1377,P014,1,40.41,0.05,Web
O204667,2025-11-21,C1155,P018,2,30.77,0.0,Web
O205767,2025-11-21,C1022,P006,39,30.41,0.15,Store
O203156,2025-11-21,C1244,P004,5,20.17,0.0,Web
O201606,2025-11-21,C1376,P002,4,26.87,0.0,Store
O203667,2025-11-21,C1131,P006,1,30.41,0.0,Store
O202230,2025-11-21,C1154,P007,20,14.09,0.15,Store
O202275,2025-11-21,C1318,P006,2,30.41,0.0,Store
O202149,2025-11-21,C1330,P019,1,5.6,0.0,Store
O203322,2025-11-21,C1036,P010,1,40.84,0.05,Store
O205290,2025-11-21,C1367,P001,3,9.71,0.0,Web
O205287,2025-11-22,C1368,P024,3,43.21,0.0,Web
O201171,2025-11-22,C1003,P005,3,10.44,0.0,Store
O205885,2025-11-22,C1065,P020,3,7.45,0.05,Web
O202860,2025-11-22,C1182,P021,4,44.6,0.0,Web
O202187,2025-11-22,C1320,P010,3,40.84,0.0,Web
O203858,2025-11-22,C1042,P003,2,19.87,0.0,Store
O205785,2025-11-22,C1309,P018,3,30.77,0.0,Web
O200213,2025-11-22,C1273,P009,5,21.66,0.05,Web
O204122,2025-11-22,C1370,P016,5,23.47,0.0,Store
O200024,2025-11-22,C1294,P012,24,32.76,0.15,Store
O201953,2025-11-22,C1076,P023,4,14.59,0.0,Web
O201213,2025-11-22,C1247,P005,33,10.44,0.15,Web
O200868,2025-11-22,C1170,P023,2,14.59,0.0,Store
O205241,2025-11-22,C1394,P024,1,43.21,0.0,Web
O201507,2025-11-22,C1273,P025,5,2.16,0.0,Web
O203855,2025-11-22,C1110,P007,5,14.09,0.0,Web
O203060,2025-11-22,C1292,P010,4,40.84,0.0,Web
O201268,2025-11-22,C1327,P028,4,5.26,0.05,Web
O202614,2025-11-22,C1370,P005,2,10.44,0.0,Store
O201300,2025-11-22,C1224,P014,22,40.41,0.15,Phone
O202779,2025-11-22,C1136,P001,1,9.71,0.0,Web
O201222,2025-11-23,C1257,P021,1,44.6,0.0,Web
O202327,2025-11-23,C1156,P019,5,5.6,0.0,Store
O204026,2025-11-23,C1242,P005,2,10.44,0.0,Web
O200312,2025-11-23,C1099,P024,4,43.21,0.0,Web
O204972,2025-11-23,C1359,P028,23,5.26,0.15,Store
O200771,2025-11-23,C1279,P020,2,7.45,0.0,Web
O201954,2025-11-23,C1345,P013,5,14.96,0.0,Web
O203848,2025-11-23,C1129,P007,3,14.09,0.0,Web
O203719,2025-11-23,C1176,P030,1,27.27,0.05,Web
O201553,2025-11-23,C1076,P023,2,14.59,0.0,Web
O204990,2025-11-23,C1099,P008,4,18.86,0.0,Web
O201352,2025-11-23,C1188,P001,1,9.71,0.0,Web
O200321,2025-11-24,C1115,P029,1,22.03,0.0,Web
O205051,2025-11-24,C1106,P007,4,14.09,0.0,Web
O201732,2025-11-24,C1015,P021,3,44.6,0.0,Web
O200009,2025-11-24,C1298,P007,1,14.09,0.0,Web
O200707,2025-11-24,C1104,P015,3,18.64,0.05,Web
O205546,2025-11-24,C1156,P017,3,39.66,0.0,Store
O201421,2025-11-24,C1304,P006,15,30.41,0.15,Store
O202715,2025-11-24,C1116,P022,1,2.77,0.0,Web
O204334,2025-11-24,C1116,P027,3,10.78,0.0,Web
O203766,2025-11-24,C1099,P007,5,14.09,0.0,Web
O204789,2025-11-24,C1101,P021,10,44.6,0.15,Store
O201219,2025-11-24,C1240,P027,4,10.78,0.0,Phone
O203617,2025-11-24,C1317,P027,5,10.78,0.0,Phone
O201207,2025-11-24,C1239,P021,1,44.6,0.0,Web
O205329,2025-11-24,C1081,P010,5,40.84,0.05,Web
O200004,2025-11-24,C1220,P008,4,18.86,0.0,Web
O201858,2025-11-24,C1364,P030,59,27.27,0.15,Web
O200636,2025-11-24,C1099,P006,5,30.41,0.0,Web
O201399,2025-11-25,C1294,P005,17,10.44,0.15,Store
O204313,2025-11-25,C1199,P019,5,5.6,0.05,Phone
O201906,2025-11-25,C1340,P005,5,10.44,0.0,Store
O200466,2025-11-25,C1116,P023,1,14.59,0.0,Web
O201040,2025-11-25,C1026,P005,4,10.44,0.0,Phone
O204486,2025-11-25,C1265,P010,2,40.84,0.05,Store
O201981,2025-11-25,C1029,P013,4,14.96,0.0,Web
O200104,2025-11-25,C1398,P002,3,26.87,0.0,Web
O205412,2025-11-25,C1313,P005,42,10.44,0.15,Web
O201149,2025-11-25,C1337,P020,3,7.45,0.0,Web
O201021,2025-11-25,C1264,P026,1,8.52,0.0,Web
O205931,2025-11-25,C1346,P003,3,19.87,0.0,Web
O200162,2025-11-25,C1122,P003,5,19.87,0.0,Web
O200760,2025-11-25,C1210,P021,5,44.6,0.05,Web
O203896,2025-11-25,C1308,P023,5,14.59,0.0,Web
O201980,2025-11-25,C1358,P012,5,32.76,0.0,Phone
O200568,2025-11-25,C1119,P010,2,40.84,0.0,Web
O201417,2025-11-25,C1383,P003,3,19.87,0.0,Store
O204227,2025-11-25,C1096,P028,1,5.26,0.0,Store
O200309,2025-11-26,C1316,P005,1,10.44,0.05,Web
O204392,2025-11-26,C1093,P013,4,14.96,0.0,Web
O205434,2025-11-26,C1185,P014,3,40.41,0.0,Web
O201151,2025-11-26,C1200,P017,5,39.66,0.0,Web
O204175,2025-11-26,C1035,P018,4,30.77,0.0,Store
O204033,2025-11-26,C9999,P013,3,14.96,0.0,Web
O201511,2025-11-26,C1164,P006,54,30.41,0.15,Web
O205724,2025-11-26,C1267,P002,2,26.87,0.0,Web
O202082,2025-11-26,C1076,P020,5,7.45,0.05,Web
O203415,2025-11-26,C1205,P020,5,7.45,0.0,Store
O204726,2025-11-26,C1007,P022,2,2.77,0.0,Web
O202940,2025-11-26,C1030,P023,1,14.59,0.0,Web
O202277,2025-11-26,C1151,P028,3,5.26,0.0,Web
O203867,2025-11-26,C1003,P029,1,22.03,0.0,Web
O200088,2025-11-26,C1367,P001,4,9.71,0.0,Web
O202764,2025-11-26,C1081,P024,2,43.21,0.0,Web
O203852,2025-11-26,C1203,P003,5,19.87,0.0,Phone
O202300,2025-11-26,C1007,P016,2,23.47,0.0,Web
O205007,2025-11-26,C1271,P008,2,18.86,0.05,Store
O200461,2025-11-26,C1124,P024,22,43.21,0.15,Web
O201775,2025-11-26,C1210,P013,2,14.96,0.0,Store
O201263,2025-11-26,C1319,P007,3,14.09,0.05,Web
O205188,2025-11-26,C1085,P026,33,8.52,0.15,Web
O202725,2025-11-26,C1095,P015,1,18.64,0.0,Web
O201662,2025-11-26,C1251,P006,5,30.41,0.0,Store
O204319,2025-11-27,C1143,P022,4,2.77,0.0,Web
O205858,2025-11-27,C1227,P009,12,21.66,0.15,Store
O203962,2025-11-27,C1245,P027,2,10.78,0.05,Phone
O200689,2025-11-27,C1374,P001,5,9.71,0.05,Store
O205065,2025-11-27,C1041,P004,2,20.17,0.0,Web
O204976,2025-11-27,C1098,P026,1,8.52,0.0,Web
O203488,2025-11-27,C1377,P013,4,14.96,0.0,Store
O204496,2025-11-27,C1104,P011,3,12.22,0.0,Web
O200147,2025-11-27,C1252,P005,3,10.44,0.0,Store
O201675,2025-11-27,C1355,P014,1,40.41,0.0,Store
O200815,2025-11-27,C1079,P027,2,10.78,0.0,Web
O205253,2025-11-27,C1049,P026,5,8.52,0.0,Web
O201081,2025-11-28,C1232,P022,2,2.77,0.0,Web
O205282,2025-11-28,C1076,P003,2,19.87,0.05,Web
O202611,2025-11-28,C1370,P004,5,20.17,0.0,Web
O205046,2025-11-28,C1222,P006,2,30.41,0.0,Store
O203264,2025-11-28,C1273,P005,4,10.44,0.0,Web
O202096,2025-11-28,C1334,P020,5,7.45,0.0,Web
O202911,2025-11-28,C1103,P001,3,9.71,0.0,Web
O200703,2025-11-28,C1194,P001,4,9.71,0.05,Store
O203201,2025-11-28,C1079,P021,1,44.6,0.0,Web
O205307,2025-11-28,C1304,P014,54,40.41,0.15,Store
O202802,2025-11-28,C1027,P026,3,8.52,0.0,Web
O204377,2025-11-28,C1002,P021,4,44.6,0.0,Web
O205938,2025-11-28,C1381,P010,5,40.84,0.0,Store
O203694,2025-11-28,C1204,P026,4,8.52,0.0,Store
O202315,2025-11-28,C1150,P025,1,2.16,0.0,Store
O204813,2025-11-28,C1173,P025,4,2.16,0.0,Store
O202847,2025-11-28,C1278,P017,4,39.66,0.0,Web
O205367,2025-11-28,C1355,P001,1,9.71,0.0,Store
O205896,2025-11-28,C1085,P001,44,9.71,0.15,Store
O203338,2025-11-28,C1364,P027,50,10.78,0.15,Store
O201003,2025-11-28,C1310,P029,3,22.03,0.0,Store
O200786,2025-11-28,C1115,P029,4,22.03,0.0,Web
O200538,2025-11-28,C1021,P029,4,22.03,0.0,Store
O204677,2025-11-29,C1174,P024,1,43.21,0.0,Store
O204078,2025-11-29,C1196,P024,5,43.21,0.0,Web
O201314,2025-11-29,C1350,P020,4,7.45,0.05,Store
O200490,2025-11-29,C1365,P007,2,14.09,0.0,Web
O205216,2025-11-29,C1398,P030,2,27.27,0.0,Web
O205183,2025-11-29,C1052,P019,3,5.6,0.0,Store
O200065,2025-11-29,C1312,P023,3,14.59,0.05,Store
O205465,2025-11-29,C1346,P004,1,20.17,0.05,Web
O205855,2025-11-29,C1385,P002,4,26.87,0.0,Web
O203954,2025-11-29,C1170,P018,3,30.77,0.0,Store
O204075,2025-11-29,C1114,P025,2,2.16,0.0,Store
O203279,2025-11-29,C1099,P028,5,5.26,0.0,Store
O202304,2025-11-29,C1332,P020,3,7.45,0.0,Web
O201759,2025-11-29,C1253,P003,4,19.87,0.0,Phone
O201713,2025-11-29,C1332,P022,1,2.77,0.0,Web
O200353,2025-11-29,C1212,P013,4,14.96,0.0,Phone
O200731,2025-11-29,C1134,P008,5,18.86,0.0,Web
O201254,2025-11-29,C1090,P029,1,22.03,0.0,Store
O202488,2025-11-29,C1111,P030,4,27.27,0.0,Web
O202199,2025-11-29,C1215,P019,3,5.6,0.0,Store
O202739,2025-11-29,C1124,P021,13,44.6,0.15,Store
O204631,2025-11-30,C1360,P026,5,8.52,0.0,Store
O201944,2025-11-30,C1278,P004,2,20.17,0.0,Web
O202751,2025-11-30,C1278,P014,3,40.41,0.0,Web
O204450,2025-11-30,C1347,P013,2,14.96,0.0,Web
O204302,2025-11-30,C1090,P001,1,9.71,0.0,Store
O205466,2025-11-30,C1002,P022,5,2.77,0.0,Web
O205976,2025-11-30,C1307,P007,1,14.09,0.0,Web
O203047,2025-11-30,C1389,P001,2,9.71,0.0,Web
O200205,2025-11-30,C1208,P029,5,22.03,0.0,Web
O204657,2025-11-30,C1342,P007,14,14.09,0.15,Web
O203657,2025-11-30,C1143,P022,1,2.77,0.05,Web
O203815,2025-11-30,C1230,P024,5,43.21,0.0,Store
O204412,2025-11-30,C1210,P014,1,40.41,0.0,Web
O203089,2025-11-30,C1165,P017,5,39.66,0.0,Phone
O200093,2025-11-30,C1260,P015,3,18.64,0.0,Web
O204077,2025-11-30,C1380,P015,2,18.64,0.0,Store
O203225,2025-11-30,C1030,P021,4,44.6,0.0,Store
O203930,2025-12-01,C1271,P026,4,8.52,0.0,Store
O203323,2025-12-01,C1131,P021,4,44.6,0.0,Store
O201215,2025-12-01,C1041,P012,5,32.76,0.0,Web
O202442,2025-12-01,C1065,P020,1,7.45,0.0,Store
O201615,2025-12-01,C1315,P030,3,27.27,0.0,Web
O205358,2025-12-01,C1127,P028,2,5.26,0.0,Web
O201152,2025-12-01,C1178,P029,10,22.03,0.15,Store
O204648,2025-12-01,C1096,P025,2,2.16,0.0,Store
O203030,2025-12-01,C1030,P005,2,10.44,0.0,Phone
O204561,2025-12-01,C1245,P007,4,14.09,0.05,Web
O201669,2025-12-01,C1170,P026,5,8.52,0.05,Store
O202846,2025-12-01,C1171,P011,12,12.22,0.15,Web
O200559,2025-12-01,C1239,P007,1,14.09,0.0,Web
O204190,2025-12-01,C1197,P012,1,32.76,0.0,Store
O202541,2025-12-01,C1027,P030,3,27.27,0.0,Web
O203151,2025-12-01,C1348,P029,5,22.03,0.0,Store
O200135,2025-12-01,C1310,P028,4,5.26,0.0,Store
O203502,2025-12-01,C1298,P008,2,18.86,0.0,Web
O200651,2025-12-02,C1187,P015,5,18.64,0.05,Phone
O202022,2025-12-02,C1246,P011,5,12.22,0.0,Web
O205733,2025-12-02,C1230,P004,3,20.17,0.0,Store
O203701,2025-12-02,C1104,P016,1,23.47,0.0,Web
O205591,2025-12-02,C1246,P021,5,44.6,0.0,Web
O203528,2025-12-02,C1389,P020,5,7.45,0.05,Web
O204568,2025-12-02,C1092,P029,1,22.03,0.0,Store
O202299,2025-12-02,C1159,P017,1,39.66,0.0,Web
O202532,2025-12-02,C1067,P004,5,20.17,0.0,Web
O205425,2025-12-02,C9999,P008,1,18.86,0.0,Web
O202287,2025-12-02,C1159,P026,1,8.52,0.0,Store
O202317,2025-12-02,C1002,P009,5,21.66,0.0,Web
O202507,2025-12-02,C1222,P007,1,14.09,0.0,Store
O202422,2025-12-02,C1041,P021,1,44.6,0.0,Web
O203067,2025-12-02,C1386,P030,1,27.27,0.05,Web
O202247,2025-12-02,C1095,P029,5,22.03,0.0,Web
O204937,2025-12-02,C1299,P004,5,20.17,0.0,Store
O205147,2025-12-02,C1252,P019,5,5.6,0.0,Store
O204346,2025-12-03,C1361,P004,4,20.17,0.0,Store
O202819,2025-12-03,C1226,P018,27,30.77,0.15,Store
O200178,2025-12-03,C1389,P021,3,44.6,0.0,Web
O205890,2025-12-03,C1321,P026,2,8.52,0.05,Store
O205629,2025-12-03,C1214,P004,4,20.17,0.0,Web
O203627,2025-12-03,C1391,P019,1,5.6,0.0,Web
O202318,2025-12-03,C1191,P021,2,44.6,0.0,Store
O200934,2025-12-03,C1157,P007,2,14.09,0.0,Store
O201366,2025-12-03,C1215,P030,3,27.27,0.0,Store
O202056,2025-12-03,C1104,P008,3,18.86,0.0,Web
O205487,2025-12-03,C1298,P009,3,21.66,0.05,Web
O202828,2025-12-03,C1039,P002,3,26.87,0.05,Store
O204737,2025-12-03,C1121,P014,45,40.41,0.15,Store
O201920,2025-12-03,C1383,P015,3,18.64,0.0,Phone
O203054,2025-12-03,C1246,P024,4,43.21,0.0,Web
O205170,2025-12-03,C1281,P002,5,26.87,0.0,Web
O201121,2025-12-03,C1394,P016,4,23.47,0.0,Store
O200899,2025-12-03,C1058,P029,1,22.03,0.0,Web
O201849,2025-12-03,C1330,P026,4,8.52,0.0,Phone
O203227,2025-12-04,C1142,P028,5,5.26,0.05,Web
O204453,2025-12-04,C1365,P028,2,5.26,0.0,Phone
O203106,2025-12-04,C1355,P002,1,26.87,0.0,Web
O204638,2025-12-04,C1230,P028,2,5.26,0.0,Store
O203445,2025-12-04,C1226,P011,16,12.22,0.15,Phone
O201122,2025-12-04,C1261,P021,5,44.6,0.0,Web
O200775,2025-12-04,C1294,P021,43,44.6,0.15,Store
O201148,2025-12-04,C1054,P017,5,39.66,0.0,Web
O204880,2025-12-04,C1333,P010,2,40.84,0.0,Web
O202695,2025-12-04,C1012,P007,1,14.09,0.0,Web
O201166,2025-12-04,C1365,P004,3,20.17,0.0,Web
O203989,2025-12-04,C1007,P019,3,5.6,0.0,Web
O203892,2025-12-04,C1245,P019,1,5.6,0.05,Store
O200640,2025-12-04,C1129,P025,3,2.16,0.0,Store
O201010,2025-12-04,C1222,P017,2,39.66,0.05,Web
O201237,2025-12-04,C1358,P010,4,40.84,0.05,Store
O203334,2025-12-04,C1039,P006,5,30.41,0.0,Store
O203823,2025-12-04,C1284,P006,2,30.41,0.0,Web
O200160,2025-12-04,C1332,P013,5,14.96,0.0,Web
O200953,2025-12-04,C1090,P003,2,19.87,0.0,Store
O204372,2025-12-04,C1246,P029,5,22.03,0.0,Web
O201745,2025-12-04,C1123,P024,5,43.21,0.05,Phone
O202324,2025-12-05,C1385,P022,5,2.77,0.0,Web
O204476,2025-12-05,C1376,P003,4,19.87,0.0,Web
O204225,2025-12-05,C1219,P029,2,22.03,0.0,Web
O201794,2025-12-05,C1136,P020,2,7.45,0.0,Web
O201306,2025-12-05,C1261,P013,2,14.96,0.0,Web
O201667,2025-12-05,C1215,P010,3,40.84,0.0,Store
O204263,2025-12-05,C1099,P015,2,18.64,0.0,Store
O203812,2025-12-05,C1365,P001,1,9.71,0.0,Web
O203931,2025-12-05,C1278,P007,3,14.09,0.0,Web
O200543,2025-12-05,C1314,P009,1,21.66,0.0,Phone
O203228,2025-12-05,C1023,P008,3,18.86,0.05,Store
O205643,2025-12-05,C1367,P005,1,10.44,0.0,Web
O202472,2025-12-05,C1312,P007,3,14.09,0.05,Web
O204382,2025-12-05,C1312,P013,4,14.96,0.05,Store
O200921,2025-12-06,C1053,P011,5,12.22,0.0,Store
O202939,2025-12-06,C1115,P005,2,10.44,0.05,Web
O200766,2025-12-06,C1277,P003,38,19.87,0.15,Web
O202139,2025-12-06,C9999,P001,3,9.71,0.05,Store
O201845,2025-12-06,C1204,P008,3,18.86,0.0,Web
O204186,2025-12-06,C1367,P022,1,2.77,0.0,Web
O202365,2025-12-06,C1186,P022,4,2.77,0.0,Web
O205389,2025-12-06,C1127,P008,5,18.86,0.05,Store
O200963,2025-12-06,C1041,P026,4,8.52,0.05,Web
O202867,2025-12-06,C1388,P019,4,5.6,0.0,Web
O204396,2025-12-06,C1330,P008,2,18.86,0.0,Store
O202767,2025-12-06,C1327,P012,5,32.76,0.0,Web
O202705,2025-12-06,C1115,P026,3,8.52,0.0,Web
O201400,2025-12-06,C1135,P019,2,5.6,0.05,Store
O202153,2025-12-06,C1099,P006,2,30.41,0.0,Store
O201409,2025-12-06,C1084,P009,3,21.66,0.0,Web
O203770,2025-12-06,C1342,P001,15,9.71,0.15,Phone
O201194,2025-12-06,C1240,P023,1,14.59,0.0,Store
O204378,2025-12-06,C1337,P002,3,26.87,0.0,Store
O203849,2025-12-06,C1360,P021,1,44.6,0.0,Store
O201425,2025-12-07,C1088,P009,1,21.66,0.05,Store
O202161,2025-12-07,C1027,P006,2,30.41,0.0,Web
O203438,2025-12-07,C1202,P014,39,40.41,0.15,Web
O202005,2025-12-07,C1273,P030,5,27.27,0.0,Web
O203877,2025-12-07,C1106,P018,3,30.77,0.05,Store
O201262,2025-12-07,C1387,P009,1,21.66,0.0,Web
O204052,2025-12-07,C1264,P019,2,5.6,0.0,Web
O205818,2025-12-07,C1299,P020,3,7.45,0.0,Web
O205948,2025-12-07,C1036,P013,2,14.96,0.05,Store
O205828,2025-12-07,C1378,P018,2,30.77,0.0,Web
O201231,2025-12-07,C1364,P006,54,30.41,0.15,Store
O205162,2025-12-07,C1240,P029,4,22.03,0.0,Store
O203194,2025-12-07,C1122,P008,5,18.86,0.05,Web
O200972,2025-12-08,C1397,P029,2,22.03,0.0,Web
O203907,2025-12-08,C1007,P027,4,10.78,0.0,Web
O205096,2025-12-08,C1254,P006,4,30.41,0.0,Store
O200421,2025-12-08,C1368,P006,1,30.41,0.0,Web
O200806,2025-12-08,C1188,P007,1,14.09,0.0,Store
O201234,2025-12-08,C1358,P006,3,30.41,0.0,Store
O201290,2025-12-08,C1310,P021,3,44.6,0.0,Store
O203975,2025-12-08,C1279,P026,4,8.52,0.0,Web
O200642,2025-12-08,C1346,P016,2,23.47,0.0,Web
O205813,2025-12-08,C1007,P030,5,27.27,0.0,Web
O201133,2025-12-08,C1165,P020,4,7.45,0.0,Store
O201747,2025-12-08,C1208,P016,5,23.47,0.0,Web
O203088,2025-12-08,C1270,P003,27,19.87,0.15,Web
O204795,2025-12-08,C1119,P010,4,40.84,0.0,Web
O203993,2025-12-08,C1278,P022,2,2.77,0.0,Web
O201901,2025-12-08,C1332,P024,2,43.21,0.0,Web
O204104,2025-12-08,C1226,P009,28,21.66,0.15,Store
O200487,2025-12-08,C1121,P003,58,19.87,0.15,Store
O205838,2025-12-08,C1016,P024,2,43.21,0.0,Web
O205826,2025-12-08,C1081,P009,4,21.66,0.0,Web
O205127,2025-12-08,C1101,P021,26,44.6,0.15,Store
O200655,2025-12-09,C1170,P015,3,18.64,0.0,Store
O203703,2025-12-09,C1212,P030,5,27.27,0.0,Store
O205234,2025-12-09,C1049,P008,1,18.86,0.0,Web
O200661,2025-12-09,C1200,P001,4,9.71,0.0,Web
O204129,2025-12-09,C1380,P008,1,18.86,0.0,Store
O202039,2025-12-09,C1050,P023,3,14.59,0.0,Store
O202601,2025-12-09,C1122,P006,3,30.41,0.0,Web
O202223,2025-12-09,C1365,P021,4,44.6,0.0,Web
O202194,2025-12-09,C1211,P006,2,30.41,0.0,Web
O203885,2025-12-09,C1310,P015,4,18.64,0.0,Store
O201898,2025-12-09,C1174,P020,3,7.45,0.0,Phone
O204740,2025-12-09,C1314,P017,1,39.66,0.05,Store
O203209,2025-12-09,C1189,P011,4,12.22,0.0,Store
O202915,2025-12-09,C1194,P027,1,10.78,0.0,Phone
O202827,2025-12-10,C1125,P021,1,44.6,0.05,Web
O201176,2025-12-10,C1271,P025,5,2.16,0.05,Store
O205743,2025-12-10,C1022,P006,20,30.41,0.15,Store
O203655,2025-12-10,C1007,P010,3,40.84,0.0,Web
O202278,2025-12-10,C1192,P029,5,22.03,0.05,Phone
O200949,2025-12-10,C1129,P020,1,7.45,0.05,Store
O205506,2025-12-10,C1274,P016,5,23.47,0.0,Store
O202283,2025-12-10,C1288,P029,26,22.03,0.15,Store
O200896,2025-12-10,C1165,P025,3,2.16,0.0,Store
O202613,2025-12-10,C1242,P003,2,19.87,0.0,Store
O201329,2025-12-10,C1182,P021,3,44.6,0.05,Web
O201867,2025-12-10,C1092,P018,5,30.77,0.0,Web
O202776,2025-12-10,C1211,P019,3,5.6,0.0,Phone
O201368,2025-12-10,C1330,P013,5,14.96,0.0,Store
O204851,2025-12-10,C1210,P024,3,43.21,0.0,Store
O204649,2025-12-10,C1121,P026,55,8.52,0.15,Store
O202332,2025-12-10,C1032,P029,5,22.03,0.0,Store
O203546,2025-12-10,C1189,P014,4,40.41,0.0,Phone
O204488,2025-12-10,C1104,P027,1,10.78,0.0,Web
O201715,2025-12-10,C1240,P007,4,14.09,0.05,Web
O202982,2025-12-11,C1360,P024,3,43.21,0.0,Store
O201557,2025-12-11,C1212,P029,3,22.03,0.0,Store
O202185,2025-12-11,C1124,P003,58,19.87,0.15,Web
O202173,2025-12-11,C1288,P013,21,14.96,0.15,Store
O203041,2025-12-11,C1245,P020,1,7.45,0.0,Store
O201550,2025-12-11,C1333,P019,2,5.6,0.0,Web
O200560,2025-12-11,C1173,P027,4,10.78,0.0,Store
O201614,2025-12-11,C1104,P025,2,2.16,0.0,Web
O202547,2025-12-11,C1122,P013,1,14.96,0.0,Web
O205781,2025-12-11,C1186,P005,4,10.44,0.05,Phone
O201590,2025-12-11,C1096,P008,4,18.86,0.0,Store
O200445,2025-12-11,C1124,P001,42,9.71,0.15,Web
O204010,2025-12-11,C1087,P001,4,9.71,0.0,Store
O203935,2025-12-11,C1159,P025,5,2.16,0.0,Store
O204152,2025-12-11,C1319,P020,2,7.45,0.05,Web
O204023,2025-12-11,C1007,P001,1,9.71,0.0,Web
O205135,2025-12-11,C1298,P030,3,27.27,0.0,Web
O203542,2025-12-11,C1166,P030,5,27.27,0.0,Store
O201710,2025-12-12,C1076,P022,3,2.77,0.0,Web
O203503,2025-12-12,C1061,P012,28,32.76,0.15,Store
O201339,2025-12-12,C1312,P012,4,32.76,0.05,Web
O205373,2025-12-12,C1271,P005,2,10.44,0.0,Store
O204689,2025-12-12,C1220,P014,4,40.41,0.0,Web
O204288,2025-12-12,C1170,P024,1,43.21,0.0,Web
O205032,2025-12-12,C1090,P008,5,18.86,0.05,Store
O204220,2025-12-12,C1188,P015,3,18.64,0.0,Store
O203097,2025-12-12,C1216,P013,1,14.96,0.0,Web
O201353,2025-12-12,C1364,P011,48,12.22,0.15,Web
O205731,2025-12-12,C1399,P008,2,18.86,0.0,Web
O202063,2025-12-12,C1079,P026,1,8.52,0.0,Store
O204469,2025-12-12,C1103,P007,1,14.09,0.0,Phone
O202424,2025-12-12,C1314,P027,5,10.78,0.0,Store
O200639,2025-12-13,C1245,P025,2,2.16,0.0,Web
O200628,2025-12-13,C1072,P022,4,2.77,0.0,Web
O201977,2025-12-13,C1392,P007,21,14.09,0.15,Store
O200391,2025-12-13,C1041,P015,5,18.64,0.0,Web
O204241,2025-12-13,C1026,P014,2,40.41,0.0,Web
O204120,2025-12-13,C1252,P022,2,2.77,0.05,Store
O205115,2025-12-13,C1092,P014,5,40.41,0.0,Store
O200439,2025-12-13,C1389,P025,5,2.16,0.05,Web
O202699,2025-12-13,C1183,P030,4,27.27,0.0,Store
O202965,2025-12-13,C1276,P010,1,40.84,0.0,Store
O202495,2025-12-13,C1015,P002,5,26.87,0.05,Store
O201112,2025-12-13,C1314,P011,4,12.22,0.0,Web
O205249,2025-12-13,C1039,P028,3,5.26,0.0,Phone
O200753,2025-12-13,C1227,P016,53,23.47,0.15,Web
O205797,2025-12-13,C1319,P018,4,30.77,0.0,Web
O205680,2025-12-13,C1116,P009,5,21.66,0.0,Web
O205599,2025-12-13,C1398,P024,5,43.21,0.0,Web
O201823,2025-12-13,C1093,P025,1,2.16,0.05,Store
O204251,2025-12-13,C1364,P009,25,21.66,0.15,Store
O205771,2025-12-13,C1332,P028,2,5.26,0.0,Web
O200946,2025-12-13,C1246,P016,3,23.47,0.0,Web
O202463,2025-12-13,C1026,P029,4,22.03,0.05,Web
O200539,2025-12-14,C1365,P004,2,20.17,0.0,Web
O205548,2025-12-14,C1319,P023,4,14.59,0.05,Web
O203871,2025-12-14,C1210,P010,1,40.84,0.0,Store
O203966,2025-12-14,C1246,P027,4,10.78,0.0,Web
O205377,2025-12-14,C1367,P030,1,27.27,0.0,Web
O201927,2025-12-14,C1014,P023,1,14.59,0.05,Store
O200148,2025-12-14,C1294,P006,41,30.41,0.15,Web
O200007,2025-12-14,C1357,P006,3,30.41,0.0,Web
O203036,2025-12-14,C1170,P005,4,10.44,0.0,Phone
O205009,2025-12-14,C1143,P009,1,21.66,0.05,Web
O204881,2025-12-14,C1276,P027,3,10.78,0.0,Web
O202414,2025-12-14,C1101,P004,24,20.17,0.15,Store
O204904,2025-12-14,C1094,P001,4,9.71,0.0,Store
O202404,2025-12-14,C1188,P025,3,2.16,0.0,Store
O200548,2025-12-14,C1165,P022,4,2.77,0.0,Store
O205511,2025-12-14,C1176,P027,5,10.78,0.05,Web
O205490,2025-12-15,C1103,P025,4,2.16,0.0,Store
O200284,2025-12-15,C1342,P016,41,23.47,0.15,Web
O205833,2025-12-15,C1007,P030,3,27.27,0.0,Web
O200317,2025-12-15,C1385,P004,4,20.17,0.05,Web
O205077,2025-12-15,C1264,P009,4,21.66,0.0,Store
O205011,2025-12-15,C1338,P021,3,44.6,0.0,Store
O201109,2025-12-15,C1314,P008,3,18.86,0.05,Store
O200453,2025-12-15,C1090,P018,1,30.77,0.0,Web
O203096,2025-12-15,C1352,P003,4,19.87,0.0,Store
O202363,2025-12-15,C1273,P024,1,43.21,0.0,Web
O203270,2025-12-15,C1358,P017,4,39.66,0.0,Web
O200119,2025-12-15,C1342,P003,19,19.87,0.15,Store
O203819,2025-12-15,C1365,P021,3,44.6,0.0,Store
O203405,2025-12-15,C1257,P025,2,2.16,0.0,Web
O200002,2025-12-15,C1104,P006,2,30.41,0.0,Web
O202014,2025-12-15,C1054,P006,3,30.41,0.0,Web
O200620,2025-12-15,C1104,P023,2,14.59,0.0,Web
O203994,2025-12-15,C1175,P018,4,30.77,0.0,Store
O204395,2025-12-16,C1079,P019,3,5.6,0.05,Web
O200552,2025-12-16,C1105,P011,2,12.22,0.05,Store
O202319,2025-12-16,C1360,P005,3,10.44,0.0,Store
O202496,2025-12-16,C1041,P002,4,26.87,0.05,Web
O201833,2025-12-16,C1110,P016,2,23.47,0.0,Web
O201251,2025-12-16,C1204,P001,2,9.71,0.0,Phone
O203620,2025-12-16,C1117,P009,2,21.66,0.0,Web
O203730,2025-12-16,C1075,P004,2,20.17,0.05,Web
O201172,2025-12-16,C1029,P003,4,19.87,0.0,Store
O205697,2025-12-16,C1132,P009,3,21.66,0.0,Store
O202899,2025-12-16,C1046,P021,2,44.6,0.0,Store
O201416,2025-12-16,C1152,P004,34,20.17,0.15,Web
O201793,2025-12-16,C1129,P005,4,10.44,0.0,Store
O205280,2025-12-16,C1212,P022,1,2.77,0.0,Store
O205612,2025-12-16,C1126,P030,4,27.27,0.0,Phone
O200825,2025-12-17,C1092,P013,4,14.96,0.05,Store
O203070,2025-12-17,C1173,P005,1,10.44,0.05,Store
O204754,2025-12-17,C1197,P017,1,39.66,0.0,Store
O204777,2025-12-17,C1251,P024,1,43.21,0.0,Store
O205086,2025-12-17,C1095,P017,4,39.66,0.0,Web
O204711,2025-12-17,C1346,P005,1,10.44,0.0,Web
O200027,2025-12-17,C1321,P018,2,30.77,0.0,Web
O200728,2025-12-17,C1154,P014,25,40.41,0.15,Phone
O205862,2025-12-17,C1273,P004,5,20.17,0.0,Web
O203282,2025-12-17,C1330,P021,4,44.6,0.0,Web
O201335,2025-12-17,C1085,P030,32,27.27,0.15,Web
O203674,2025-12-17,C1002,P028,1,5.26,0.0,Web
O201031,2025-12-18,C1092,P014,2,40.41,0.0,Store
O205385,2025-12-18,C1310,P026,3,8.52,0.0,Store
O201930,2025-12-18,C1254,P015,5,18.64,0.0,Web
O202852,2025-12-18,C1359,P020,25,7.45,0.15,Store
O201914,2025-12-18,C1159,P007,4,14.09,0.0,Web
O204742,2025-12-18,C1365,P022,3,2.77,0.0,Store
O201023,2025-12-18,C1292,P009,3,21.66,0.0,Web
O201678,2025-12-18,C1187,P027,1,10.78,0.05,Store
O200371,2025-12-18,C1391,P029,2,22.03,0.0,Web
O200987,2025-12-18,C1181,P019,1,5.6,0.05,Web
O200313,2025-12-19,C1255,P023,3,14.59,0.0,Store
O205118,2025-12-19,C1046,P022,2,2.77,0.0,Store
O202018,2025-12-19,C1203,P003,3,19.87,0.0,Store
O204630,2025-12-19,C1099,P010,2,40.84,0.05,Web
O203718,2025-12-19,C1170,P009,3,21.66,0.0,Store
O202596,2025-12-19,C1103,P003,2,19.87,0.0,Store
O200745,2025-12-19,C1187,P016,2,23.47,0.0,Phone
O203557,2025-12-19,C1129,P015,2,18.64,0.0,Phone
O204929,2025-12-19,C1248,P028,1,5.26,0.0,Web
O203467,2025-12-19,C1069,P023,2,14.59,0.0,Web
O204370,2025-12-19,C1361,P009,1,21.66,0.05,Web
O205464,2025-12-19,C1029,P005,2,10.44,0.05,Store
O201229,2025-12-19,C1134,P017,4,39.66,0.0,Web
O202396,2025-12-20,C1166,P019,2,5.6,0.0,Phone
O203647,2025-12-20,C1153,P005,43,10.44,0.15,Store
O202253,2025-12-20,C1026,P014,2,40.41,0.0,Store
O204282,2025-12-20,C1253,P005,1,10.44,0.0,Store
O203045,2025-12-20,C1049,P021,3,44.6,0.0,Web
O201426,2025-12-20,C1319,P005,1,10.44,0.05,Web
O203736,2025-12-20,C1212,P006,2,30.41,0.0,Store
O200225,2025-12-20,C1159,P009,4,21.66,0.0,Phone
O203087,2025-12-20,C1244,P025,3,2.16,0.05,Web
O201135,2025-12-20,C1219,P030,4,27.27,0.0,Web
O201020,2025-12-20,C1389,P006,3,30.41,0.0,Web
O200814,2025-12-20,C1176,P023,3,14.59,0.0,Web
O205586,2025-12-20,C1154,P024,26,43.21,0.15,Web
O204145,2025-12-20,C1212,P021,5,44.6,0.0,Store
O201325,2025-12-20,C1039,P025,1,2.16,0.0,Store
O200610,2025-12-20,C1103,P029,5,22.03,0.0,Store
O204286,2025-12-21,C1239,P004,5,20.17,0.0,Web
O200842,2025-12-21,C1224,P021,54,44.6,0.15,Store
O202182,2025-12-21,C1283,P014,3,40.41,0.05,Store
O200411,2025-12-21,C1036,P028,5,5.26,0.0,Store
O203167,2025-12-21,C1159,P022,4,2.77,0.05,Store
O205288,2025-12-21,C1292,P004,2,20.17,0.0,Web
O205254,2025-12-21,C1054,P018,5,30.77,0.0,Store
O200817,2025-12-21,C1388,P030,2,27.27,0.0,Web
O201443,2025-12-21,C1286,P018,4,30.77,0.0,Store
O203517,2025-12-21,C1143,P020,2,7.45,0.0,Web
O204796,2025-12-21,C1197,P029,3,22.03,0.0,Web
O202291,2025-12-21,C1380,P005,1,10.44,0.0,Web
O201092,2025-12-21,C1126,P028,5,5.26,0.05,Web
O205949,2025-12-21,C1216,P009,4,21.66,0.0,Web
O202233,2025-12-21,C1230,P014,4,40.41,0.0,Web
O204663,2025-12-21,C1251,P001,3,9.71,0.05,Store
O203212,2025-12-21,C1246,P010,3,40.84,0.0,Web
O200176,2025-12-21,C1136,P008,3,18.86,0.0,Web
O200759,2025-12-22,C1064,P014,4,40.41,0.0,Store
O203851,2025-12-22,C1306,P014,2,40.41,0.05,Store
O200555,2025-12-22,C1374,P005,4,10.44,0.0,Store
O205267,2025-12-22,C1254,P010,2,40.84,0.05,Store
O203789,2025-12-22,C1292,P022,3,2.77,0.05,Web
O203283,2025-12-22,C1286,P005,5,10.44,0.0,Store
O200762,2025-12-22,C1058,P013,1,14.96,0.0,Web
O202571,2025-12-22,C1245,P024,5,43.21,0.0,Store
O201790,2025-12-22,C1091,P024,2,43.21,0.0,Web
O201789,2025-12-22,C1124,P014,46,40.41,0.15,Store
O201554,2025-12-22,C1239,P012,3,32.76,0.0,Web
O203996,2025-12-22,C1196,P022,3,2.77,0.0,Store
O202405,2025-12-22,C1253,P009,5,21.66,0.0,Store
O201361,2025-12-22,C1002,P017,3,39.66,0.0,Web
O201972,2025-12-22,C1327,P001,5,9.71,0.0,Web
O205792,2025-12-22,C1084,P007,5,14.09,0.0,Web
O202573,2025-12-22,C1245,P019,4,5.6,0.0,Store
O205321,2025-12-22,C1330,P021,1,44.6,0.0,Phone
O204413,2025-12-23,C1129,P002,4,26.87,0.0,Web
O202160,2025-12-23,C1111,P007,5,14.09,0.0,Web
O205045,2025-12-23,C1108,P019,2,5.6,0.0,Store
O202426,2025-12-23,C1392,P013,31,14.96,0.15,Web
O200764,2025-12-23,C1125,P015,3,18.64,0.0,Store
O203769,2025-12-23,C1203,P023,1,14.59,0.05,Store
O205105,2025-12-23,C1261,P014,5,40.41,0.0,Web
O202660,2025-12-23,C1134,P012,4,32.76,0.0,Web
O205747,2025-12-23,C1087,P008,2,18.86,0.0,Store
O203256,2025-12-23,C1165,P013,4,14.96,0.0,Store
O201552,2025-12-23,C1125,P023,2,14.59,0.0,Store
O200129,2025-12-23,C1096,P028,1,5.26,0.0,Phone
O205648,2025-12-23,C1367,P015,2,18.64,0.0,Web
O200201,2025-12-23,C1184,P021,4,44.6,0.0,Web
O200259,2025-12-23,C1276,P013,1,14.96,0.0,Web
O205627,2025-12-23,C1212,P014,5,40.41,0.0,Web
O203176,2025-12-23,C1026,P007,2,14.09,0.0,Store
O203416,2025-12-23,C1324,P019,1,5.6,0.0,Web
O200249,2025-12-23,C1312,P016,2,23.47,0.0,Store
O205573,2025-12-23,C1143,P022,1,2.77,0.0,Web
O203104,2025-12-24,C1252,P005,5,10.44,0.0,Store
O205192,2025-12-24,C1079,P013,5,14.96,0.0,Store
O205711,2025-12-24,C1124,P014,17,40.41,0.15,Store
O201140,2025-12-24,C1387,P001,1,9.71,0.0,Web
O200507,2025-12-24,C1170,P005,5,10.44,0.0,Web
O202976,2025-12-24,C1256,P024,2,43.21,0.0,Web
O203241,2025-12-24,C1333,P020,5,7.45,0.0,Store
O201431,2025-12-24,C1264,P009,2,21.66,0.0,Store
O204202,2025-12-24,C1098,P028,3,5.26,0.0,Web
O200103,2025-12-24,C1007,P022,1,2.77,0.05,Web
O200122,2025-12-24,C1255,P007,2,14.09,0.0,Web
O200667,2025-12-24,C1166,P030,2,27.27,0.0,Web
O204923,2025-12-24,C1302,P003,5,19.87,0.0,Web
O202654,2025-12-24,C1365,P008,5,18.86,0.05,Store
O200823,2025-12-24,C1264,P019,3,5.6,0.05,Web
O200105,2025-12-24,C1129,P011,1,12.22,0.0,Web
O204271,2025-12-24,C1041,P006,2,30.41,0.0,Web
O200892,2025-12-24,C1358,P009,5,21.66,0.0,Web
O204743,2025-12-25,C1216,P022,4,2.77,0.0,Web
O200750,2025-12-25,C1106,P007,5,14.09,0.0,Web
O203510,2025-12-25,C1025,P030,3,27.27,0.0,Store
O204085,2025-12-25,C1347,P027,2,10.78,0.0,Web
O201744,2025-12-25,C1159,P015,2,18.64,0.0,Store
O204268,2025-12-25,C1159,P028,4,5.26,0.0,Store
O200626,2025-12-25,C1358,P019,3,5.6,0.0,Store
O202857,2025-12-25,C1106,P001,1,9.71,0.0,Store
O204230,2025-12-25,C1270,P018,28,30.77,0.15,Store
O200070,2025-12-25,C1036,P003,3,19.87,0.0,Store
O202972,2025-12-25,C1132,P018,5,30.77,0.0,Store
O203635,2025-12-25,C1128,P003,1,19.87,0.0,Store
O203822,2025-12-25,C1143,P004,5,20.17,0.0,Web
O205996,2025-12-26,C1275,P001,28,9.71,0.15,Store
O200505,2025-12-26,C1246,P030,1,27.27,0.0,Store
O201483,2025-12-26,C1256,P007,4,14.09,0.0,Store
O205078,2025-12-26,C1256,P016,3,23.47,0.05,Store
O204125,2025-12-26,C1124,P013,44,14.96,0.15,Web
O204991,2025-12-26,C1098,P008,3,18.86,0.05,Web
O201232,2025-12-26,C1095,P024,1,43.21,0.0,Web
O204112,2025-12-26,C1307,P023,3,14.59,0.0,Web
O202774,2025-12-26,C1332,P011,2,12.22,0.0,Web
O205772,2025-12-26,C1104,P030,5,27.27,0.0,Web
O201007,2025-12-26,C1023,P018,4,30.77,0.0,Store
O200478,2025-12-26,C1382,P006,4,30.41,0.0,Store
O200777,2025-12-26,C1096,P009,3,21.66,0.0,Store
O200695,2025-12-26,C1210,P020,4,7.45,0.0,Web
O202293,2025-12-26,C9999,P023,4,14.59,0.05,Web
O204036,2025-12-26,C1204,P024,3,43.21,0.05,Web
O204084,2025-12-26,C1081,P004,1,20.17,0.05,Web
O205997,2025-12-27,C1211,P024,3,43.21,0.0,Store
O204138,2025-12-27,C1286,P019,5,5.6,0.0,Store
O201276,2025-12-27,C1102,P020,4,7.45,0.0,Web
O205271,2025-12-27,C1389,P022,2,2.77,0.05,Web
O205003,2025-12-27,C1196,P008,2,18.86,0.0,Web
O201116,2025-12-27,C1023,P028,5,5.26,0.0,Phone
O201404,2025-12-27,C1305,P015,4,18.64,0.0,Store
O201271,2025-12-27,C1347,P015,5,18.64,0.0,Web
O204752,2025-12-27,C1367,P013,4,14.96,0.0,Web
O205567,2025-12-27,C1397,P024,4,43.21,0.0,Store
O205191,2025-12-27,C1330,P013,1,14.96,0.0,Web
O202176,2025-12-27,C1104,P009,4,21.66,0.0,Web
O204325,2025-12-27,C1079,P020,3,7.45,0.0,Store
O202636,2025-12-27,C1385,P027,1,10.78,0.0,Store
O200788,2025-12-27,C1253,P001,1,9.71,0.0,Store
O202534,2025-12-27,C1133,P004,4,20.17,0.05,Web
O201973,2025-12-27,C1244,P026,2,8.52,0.05,Phone
O205904,2025-12-27,C1173,P027,5,10.78,0.0,Store
O204671,2025-12-27,C1246,P006,5,30.41,0.0,Store
O201618,2025-12-27,C1200,P019,4,5.6,0.0,Web
O201532,2025-12-28,C1143,P008,5,18.86,0.05,Web
O201348,2025-12-28,C1196,P013,4,14.96,0.05,Store
O201045,2025-12-28,C1063,P006,1,30.41,0.0,Web
O205106,2025-12-28,C1065,P002,3,26.87,0.0,Store
O205394,2025-12-28,C1069,P010,3,40.84,0.05,Store
O205207,2025-12-28,C1299,P011,4,12.22,0.05,Store
O205929,2025-12-28,C1270,P010,36,40.84,0.15,Store
O200604,2025-12-28,C1030,P013,5,14.96,0.0,Web
O200521,2025-12-28,C1098,P023,5,14.59,0.0,Store
O201876,2025-12-28,C1096,P003,4,19.87,0.0,Store
O201985,2025-12-28,C1028,P003,55,19.87,0.15,Store
O205583,2025-12-28,C1368,P019,4,5.6,0.0,Web
O204274,2025-12-29,C1065,P006,2,30.41,0.05,Web
O201076,2025-12-29,C1103,P019,5,5.6,0.0,Web
O205424,2025-12-29,C1264,P022,2,2.77,0.05,Phone
O201450,2025-12-29,C1318,P010,4,40.84,0.0,Store
O205844,2025-12-29,C1307,P019,5,5.6,0.0,Store
O204707,2025-12-29,C1035,P029,5,22.03,0.0,Web
O202193,2025-12-29,C1084,P027,4,10.78,0.0,Web
O203919,2025-12-29,C1281,P001,2,9.71,0.0,Web
O201060,2025-12-29,C1058,P022,4,2.77,0.05,Web
O203796,2025-12-29,C1364,P017,46,39.66,0.15,Web
O203760,2025-12-29,C1382,P007,5,14.09,0.0,Store
O203150,2025-12-29,C1209,P017,5,39.66,0.05,Store
O202892,2025-12-29,C1369,P028,4,5.26,0.05,Web
O203441,2025-12-29,C1332,P012,1,32.76,0.0,Web
O203046,2025-12-30,C1129,P025,3,2.16,0.0,Store
O200365,2025-12-30,C1264,P011,1,12.22,0.0,Store
O201577,2025-12-30,C1341,P001,5,9.71,0.0,Store
O203843,2025-12-30,C1091,P022,4,2.77,0.0,Web
O205017,2025-12-30,C1362,P006,1,30.41,0.0,Store
O202465,2025-12-30,C1318,P011,5,12.22,0.05,Store
O205736,2025-12-30,C1126,P001,5,9.71,0.0,Web
O204573,2025-12-30,C1188,P007,5,14.09,0.0,Web
O203533,2025-12-30,C1318,P028,3,5.26,0.0,Store
O204411,2025-12-30,C1312,P007,2,14.09,0.0,Store
O205451,2025-12-30,C1111,P021,3,44.6,0.0,Web
O200154,2025-12-30,C1372,P014,1,40.41,0.0,Web
O203023,2025-12-30,C1310,P027,2,10.78,0.0,Web
O202452,2025-12-30,C1132,P030,1,27.27,0.0,Phone
O204922,2025-12-30,C1177,P014,4,40.41,0.05,Web
O205129,2025-12-30,C1313,P011,45,12.22,0.15,Web
O205725,2025-12-31,C1278,P007,3,14.09,0.05,Web
O204452,2025-12-31,C1007,P004,1,20.17,0.0,Web
O201437,2025-12-31,C1049,P017,4,39.66,0.05,Web
O205607,2025-12-31,C1036,P014,3,40.41,0.0,Web
O205558,2025-12-31,C1376,P014,4,40.41,0.0,Web
O205556,2025-12-31,C1166,P021,5,44.6,0.0,Store
O200614,2025-12-31,C1109,P013,3,14.96,0.05,Store
O202135,2025-12-31,C1186,P021,1,44.6,0.0,Web
O200412,2025-12-31,C1007,P004,3,20.17,0.0,Web
O200897,2025-12-31,C1184,P016,3,23.47,0.05,Web
O205528,2025-12-31,C1362,P007,1,14.09,0.0,Store
O202081,2025-12-31,C1283,P024,1,43.21,0.0,Web
O200599,2025-12-31,C1059,P017,5,39.66,0.0,Web
O204625,2025-12-31,C1365,P027,2,10.78,0.0,Store
O202719,2025-12-31,C1115,P027,1,10.78,0.0,Web
O201162,2025-12-31,C1332,P018,1,30.77,0.0,Web
O205401,2025-12-31,C1058,P024,3,43.21,0.0,Web
O203820,2025-12-31,C1213,P010,17,40.84,0.15,Store
O201117,2025-12-31,C1159,P029,4,22.03,0.05,Phone
O205198,2025-12-31,C1226,P029,37,22.03,0.15,Store
