shipment_id,order_id,carrier,parcel_no,delivery_days,ship_cost
S300000,O204596,SwiftGo,1,1,6.79
S300001,O201233,SwiftGo,1,3,7.22
S300002,O203695,BlueLine,1,4,20.01
S300003,O200726,BlueLine,1,4,5.99
S300004,O203582,SwiftGo,1,1,7.42
S300005,O204622,SwiftGo,1,2,33.14
S300006,O202812,BlueLine,1,3,5.66
S300007,O200653,BlueLine,1,5,3.83
S300008,O203768,BlueLine,1,5,5.89
S300009,O200006,SwiftGo,1,1,4.46
S300010,O201599,BlueLine,1,2,7.57
S300011,O201052,AsiaCargo,1,6,6.16
S300012,O200837,AsiaCargo,1,8,8.58
S300013,O205454,AsiaCargo,1,5,5.18
S300014,O200874,AsiaCargo,1,4,4.08
S300015,O200315,SwiftGo,1,2,7.02
S300016,O205488,SwiftGo,1,2,5.53
S300017,O205491,BlueLine,1,3,8.32
S300018,O205491,SwiftGo,2,2,7.97
S300019,O201936,BlueLine,1,5,8.7
S300020,O201936,AsiaCargo,2,5,5.59
S300021,O202627,BlueLine,1,4,4.67
S300022,O202609,SwiftGo,1,1,5.2
S300023,O200000,AsiaCargo,1,4,5.05
S300024,O204912,SwiftGo,1,2,5.6
S300025,O200616,BlueLine,1,7,7.2
S300026,O205151,ParcelPro,1,2,4.28
S300027,O202174,SwiftGo,1,1,21.51
S300028,O203490,AsiaCargo,1,7,30.07
S300029,O203490,BlueLine,2,3,30.24
S300030,O201548,SwiftGo,1,1,7.65
S300031,O205109,SwiftGo,1,2,4.91
S300032,O203135,BlueLine,1,4,6.8
S300033,O202883,BlueLine,1,5,26.85
S300034,O203124,ParcelPro,1,3,5.48
S300035,O205808,ParcelPro,1,1,8.45
S300036,O200292,SwiftGo,1,1,5.51
S300037,O200287,AsiaCargo,1,6,4.45
S300038,O202189,BlueLine,1,7,12.94
S300039,O201257,BlueLine,1,2,5.05
S300040,O202052,BlueLine,1,5,6.53
S300041,O203401,BlueLine,1,6,7.75
S300042,O203599,AsiaCargo,1,4,7.93
S300043,O200158,AsiaCargo,1,7,6.99
S300044,O205614,AsiaCargo,1,4,6.88
S300045,O202487,SwiftGo,1,1,3.1
S300046,O204304,AsiaCargo,1,6,5.03
S300047,O200133,ParcelPro,1,3,5.39
S300048,O200598,BlueLine,1,5,2.91
S300049,O205131,BlueLine,1,7,1.4
S300050,O200749,BlueLine,1,4,6.35
S300051,O202369,SwiftGo,1,2,4.56
S300052,O200561,AsiaCargo,1,6,6.06
S300053,O204335,SwiftGo,1,2,6.88
S300054,O202089,BlueLine,1,4,7.05
S300055,O204977,BlueLine,1,5,18.1
S300056,O204977,ParcelPro,2,2,15.27
S300057,O201293,SwiftGo,1,2,12.48
S300058,O202730,ParcelPro,1,5,6.4
S300059,O203585,BlueLine,1,3,6.99
S300060,O205160,BlueLine,1,3,4.32
S300061,O205157,AsiaCargo,1,4,6.56
S300062,O205157,BlueLine,2,4,8.5
S300063,O201473,SwiftGo,1,1,25.51
S300064,O203386,SwiftGo,1,1,4.72
S300065,O203383,AsiaCargo,1,7,6.56
S300066,O203329,BlueLine,1,4,4.62
S300067,O205110,BlueLine,1,3,14.87
S300068,O205150,BlueLine,1,3,2.74
S300069,O205148,BlueLine,1,6,5.52
S300070,O202119,AsiaCargo,1,8,5.68
S300071,O203177,SwiftGo,1,1,6.99
S300072,O200523,SwiftGo,1,1,16.48
S300073,O200458,BlueLine,1,4,16.84
S300074,O203842,SwiftGo,1,2,3.09
S300075,O204344,BlueLine,1,5,4.99
S300076,O201072,ParcelPro,1,2,5.3
S300077,O200882,ParcelPro,1,4,6.95
S300078,O204399,SwiftGo,1,1,31.42
S300079,O200801,ParcelPro,1,4,0.43
S300080,O204238,BlueLine,1,2,6.43
S300081,O204135,AsiaCargo,1,7,5.65
S300082,O204362,BlueLine,1,4,4.97
S300083,O204034,SwiftGo,1,2,4.26
S300084,O200989,AsiaCargo,1,8,6.66
S300085,O202801,ParcelPro,1,3,8.49
S300086,O204242,ParcelPro,1,2,7.33
S300087,O201496,AsiaCargo,1,6,7.3
S300088,O204269,BlueLine,1,4,15.56
S300089,O200879,SwiftGo,1,3,6.81
S300090,O201449,BlueLine,1,4,5.37
S300091,O203483,AsiaCargo,1,5,6.04
S300092,O204500,BlueLine,1,4,22.48
S300093,O203231,BlueLine,1,5,9.53
S300094,O203888,BlueLine,1,5,6.96
S300095,O204988,AsiaCargo,1,7,4.69
S300096,O203934,AsiaCargo,1,5,5.76
S300097,O201111,SwiftGo,1,2,8.94
S300098,O203624,BlueLine,1,4,2.74
S300099,O202598,AsiaCargo,1,4,5.87
S300100,O201252,BlueLine,1,5,4.13
S300101,O204577,BlueLine,1,3,3.83
S300102,O204002,ParcelPro,1,2,6.69
S300103,O200961,BlueLine,1,5,5.19
S300104,O203875,AsiaCargo,1,7,5.14
S300105,O204703,SwiftGo,1,1,8.3
S300106,O204890,BlueLine,1,3,5.21
S300107,O200240,SwiftGo,1,1,6.98
S300108,O203664,SwiftGo,1,2,27.46
S300109,O205617,AsiaCargo,1,6,14.53
S300110,O201063,ParcelPro,1,2,11.99
S300111,O205084,BlueLine,1,4,4.2
S300112,O204467,AsiaCargo,1,6,7.83
S300113,O200216,AsiaCargo,1,6,7.51
S300114,O205656,SwiftGo,1,2,8.42
S300115,O200677,SwiftGo,1,1,6.95
S300116,O200302,AsiaCargo,1,7,6.1
S300117,O205640,SwiftGo,1,1,13.17
S300118,O205137,AsiaCargo,1,5,4.78
S300119,O202093,BlueLine,1,2,2.56
S300120,O202635,BlueLine,1,5,7.04
S300121,O200324,AsiaCargo,1,4,5.83
S300122,O203219,ParcelPro,1,2,5.41
S300123,O205016,SwiftGo,1,2,4.97
S300124,O205016,SwiftGo,2,2,7.07
S300125,O203295,AsiaCargo,1,5,4.24
S300126,O201485,BlueLine,1,6,6.87
S300127,O200172,SwiftGo,1,3,3.51
S300128,O205824,SwiftGo,1,1,3.85
S300129,O203118,BlueLine,1,4,6.95
S300130,O205277,BlueLine,1,2,4.93
S300131,O201589,ParcelPro,1,4,3.37
S300132,O205462,AsiaCargo,1,6,7.81
S300133,O204204,SwiftGo,1,2,38.84
S300134,O203965,AsiaCargo,1,5,6.96
S300135,O201875,ParcelPro,1,2,7.05
S300136,O201875,SwiftGo,2,4,6.01
S300137,O200275,BlueLine,1,5,7.95
S300138,O204402,BlueLine,1,4,24.81
S300139,O201287,AsiaCargo,1,5,5.27
S300140,O204902,SwiftGo,1,2,3.33
S300141,O201556,AsiaCargo,1,8,7.94
S300142,O202260,SwiftGo,1,4,6.42
S300143,O205390,AsiaCargo,1,7,3.4
S300144,O205531,BlueLine,1,5,5.41
S300145,O200437,BlueLine,1,4,4.06
S300146,O203550,SwiftGo,1,2,33.39
S300147,O201978,BlueLine,1,7,21.69
S300148,O204680,ParcelPro,1,3,6.33
S300149,O201505,SwiftGo,1,2,3.34
S300150,O203570,AsiaCargo,1,4,6.4
S300151,O202722,SwiftGo,1,4,4.13
S300152,O200005,ParcelPro,1,2,4.48
S300153,O202980,SwiftGo,1,3,8.6
S300154,O203365,SwiftGo,1,1,3.18
S300155,O200907,ParcelPro,1,3,24.44
S300156,O202931,ParcelPro,1,5,5.69
S300157,O202501,BlueLine,1,4,5.96
S300158,O203494,SwiftGo,1,1,6.55
S300159,O201519,BlueLine,1,6,5.54
S300160,O204168,BlueLine,1,6,13.86
S300161,O204017,SwiftGo,1,3,6.21
S300162,O200362,BlueLine,1,4,3.07
S300163,O205260,ParcelPro,1,3,7.51
S300164,O201770,BlueLine,1,2,4.72
S300165,O200929,BlueLine,1,4,7.05
S300166,O204702,BlueLine,1,6,13.89
S300167,O204750,ParcelPro,1,3,5.86
S300168,O203199,SwiftGo,1,2,5.48
S300169,O203115,AsiaCargo,1,8,5.84
S300170,O203841,SwiftGo,1,1,5.65
S300171,O202632,BlueLine,1,2,7.85
S300172,O203844,BlueLine,1,4,12.96
S300173,O205637,BlueLine,1,4,6.38
S300174,O204621,SwiftGo,1,1,20.8
S300175,O205082,BlueLine,1,5,7.42
S300176,O202620,ParcelPro,1,2,8.73
S300177,O205526,SwiftGo,1,4,7.48
S300178,O205355,AsiaCargo,1,7,5.18
S300179,O202288,BlueLine,1,4,7.4
S300180,O204379,BlueLine,1,1,4.58
S300181,O205512,SwiftGo,1,4,8.43
S300182,O201278,ParcelPro,1,5,3.31
S300183,O204782,BlueLine,1,5,6.46
S300184,O205509,BlueLine,1,3,8.46
S300185,O201685,ParcelPro,1,3,6.78
S300186,O205820,AsiaCargo,1,8,6.13
S300187,O200654,BlueLine,1,7,6.43
S300188,O204072,SwiftGo,1,1,33.89
S300189,O202070,SwiftGo,1,1,4.63
S300190,O204994,AsiaCargo,1,6,7.61
S300191,O200343,BlueLine,1,4,7.91
S300192,O205448,AsiaCargo,1,5,3.8
S300193,O201933,ParcelPro,1,3,22.52
S300194,O204080,BlueLine,1,7,5.31
S300195,O201682,SwiftGo,1,1,5.49
S300196,O201047,BlueLine,1,5,8.22
S300197,O204650,SwiftGo,1,4,5.84
S300198,O204109,AsiaCargo,1,6,7.31
S300199,O202385,BlueLine,1,5,6.57
S300200,O201895,BlueLine,1,6,5.84
S300201,O200652,SwiftGo,1,1,24.44
S300202,O200652,BlueLine,2,5,22.14
S300203,O205742,BlueLine,1,4,28.47
S300204,O201810,BlueLine,1,6,7.45
S300205,O201660,SwiftGo,1,1,7.41
S300206,O200669,SwiftGo,1,2,5.94
S300207,O201141,SwiftGo,1,1,2.75
S300208,O205580,SwiftGo,1,2,4.01
S300209,O205580,SwiftGo,2,4,5.12
S300210,O200430,ParcelPro,1,2,18.73
S300211,O202656,AsiaCargo,1,7,7.66
S300212,O204405,SwiftGo,1,2,6.5
S300213,O203735,AsiaCargo,1,6,7.33
S300214,O204674,BlueLine,1,4,5.06
S300215,O203836,SwiftGo,1,3,3.66
S300216,O204270,ParcelPro,1,6,3.95
S300217,O204074,SwiftGo,1,1,6.91
S300218,O202888,SwiftGo,1,1,4.54
S300219,O203178,AsiaCargo,1,5,5.22
S300220,O203178,BlueLine,2,3,4.71
S300221,O202232,BlueLine,1,4,4.14
S300222,O201921,ParcelPro,1,1,32.85
S300223,O202558,SwiftGo,1,1,6.96
S300224,O201893,BlueLine,1,4,4.97
S300225,O201264,SwiftGo,1,1,4.98
S300226,O203427,SwiftGo,1,2,3.93
S300227,O203035,BlueLine,1,6,7.84
S300228,O201154,ParcelPro,1,4,6.24
S300229,O201707,AsiaCargo,1,4,7.87
S300230,O201397,SwiftGo,1,2,5.38
S300231,O205398,SwiftGo,1,4,5.15
S300232,O200288,SwiftGo,1,4,5.95
S300233,O200261,BlueLine,1,4,25.81
S300234,O200891,BlueLine,1,5,3.93
S300235,O203717,SwiftGo,1,3,6.74
S300236,O203717,ParcelPro,2,3,5.23
S300237,O204555,BlueLine,1,3,3.84
S300238,O200406,SwiftGo,1,3,6.27
S300239,O201974,SwiftGo,1,2,8.7
S300240,O204933,BlueLine,1,5,4.19
S300241,O205682,BlueLine,1,5,5.64
S300242,O205682,AsiaCargo,2,7,6.05
S300243,O202152,ParcelPro,1,2,5.48
S300244,O202152,BlueLine,2,5,6.03
S300245,O200091,ParcelPro,1,3,8.91
S300246,O200091,ParcelPro,2,3,7.14
S300247,O204913,SwiftGo,1,1,7.05
S300248,O204666,SwiftGo,1,1,24.82
S300249,O205692,SwiftGo,1,1,3.63
S300250,O200644,AsiaCargo,1,6,5.73
S300251,O201053,BlueLine,1,6,6.66
S300252,O205257,BlueLine,1,6,4.78
S300253,O203980,SwiftGo,1,3,4.31
S300254,O203980,BlueLine,2,3,6.64
S300255,O200528,BlueLine,1,3,5.61
S300256,O200528,SwiftGo,2,1,7.01
S300257,O205523,SwiftGo,1,1,5.1
S300258,O200300,SwiftGo,1,2,4.77
S300259,O200300,SwiftGo,2,3,6.47
S300260,O205039,SwiftGo,1,3,6.23
S300261,O205232,AsiaCargo,1,8,33.76
S300262,O205677,ParcelPro,1,5,5.76
S300263,O201868,ParcelPro,1,3,31.72
S300264,O204146,SwiftGo,1,2,6.55
S300265,O201544,AsiaCargo,1,10,8.13
S300266,O201127,AsiaCargo,1,9,5.09
S300267,O205502,BlueLine,1,3,25.28
S300268,O205916,SwiftGo,1,2,4.82
S300269,O202681,ParcelPro,1,2,5.4
S300270,O202989,BlueLine,1,3,3.05
S300271,O205601,BlueLine,1,1,6.14
S300272,O201645,ParcelPro,1,4,7.76
S300273,O201724,SwiftGo,1,2,1.58
S300274,O202114,SwiftGo,1,1,8.49
S300275,O202949,ParcelPro,1,4,7.61
S300276,O204856,SwiftGo,1,1,7.41
S300277,O203222,ParcelPro,1,3,7.33
S300278,O203299,BlueLine,1,6,4.33
S300279,O204734,SwiftGo,1,1,3.32
S300280,O205819,SwiftGo,1,1,6.79
S300281,O200226,BlueLine,1,3,3.97
S300282,O205306,SwiftGo,1,2,6.27
S300283,O204091,SwiftGo,1,3,33.3
S300284,O205486,BlueLine,1,3,5.81
S300285,O202697,BlueLine,1,3,6.24
S300286,O201318,SwiftGo,1,2,9.3
S300287,O204420,BlueLine,1,4,9.65
S300288,O200098,SwiftGo,1,2,3.25
S300289,O201821,ParcelPro,1,4,4.76
S300290,O204188,SwiftGo,1,1,5.49
S300291,O201349,ParcelPro,1,3,4.93
S300292,O203027,BlueLine,1,5,7.52
S300293,O204853,BlueLine,1,4,7.6
S300294,O201783,AsiaCargo,1,6,9.13
S300295,O205457,ParcelPro,1,3,6.07
S300296,O204281,ParcelPro,1,2,7.27
S300297,O204767,BlueLine,1,1,5.81
S300298,O204133,BlueLine,1,6,3.81
S300299,O200323,BlueLine,1,6,6.76
S300300,O205860,AsiaCargo,1,9,5.42
S300301,O205402,BlueLine,1,6,5.79
S300302,O205662,BlueLine,1,5,4.9
S300303,O200028,ParcelPro,1,3,4.39
S300304,O200427,SwiftGo,1,1,14.18
S300305,O203891,SwiftGo,1,1,8.42
S300306,O204059,ParcelPro,1,2,6.27
S300307,O201038,SwiftGo,1,1,5.94
S300308,O200582,ParcelPro,1,2,4.35
S300309,O202955,AsiaCargo,1,6,6.25
S300310,O204885,AsiaCargo,1,6,3.25
S300311,O203940,ParcelPro,1,2,3.35
S300312,O203901,ParcelPro,1,3,5.35
S300313,O201168,ParcelPro,1,2,7.19
S300314,O202091,BlueLine,1,4,5.53
S300315,O200372,AsiaCargo,1,6,4.76
S300316,O205554,SwiftGo,1,3,6.48
S300317,O204483,AsiaCargo,1,4,3.82
S300318,O205979,SwiftGo,1,1,5.22
S300319,O204503,ParcelPro,1,3,3.82
S300320,O204518,BlueLine,1,3,6.54
S300321,O200851,SwiftGo,1,3,4.2
S300322,O200851,SwiftGo,2,3,9.7
S300323,O204931,SwiftGo,1,5,7.54
S300324,O202968,BlueLine,1,2,6.58
S300325,O202968,BlueLine,2,2,5.75
S300326,O205458,ParcelPro,1,4,4.91
S300327,O202909,AsiaCargo,1,5,6.31
S300328,O202334,AsiaCargo,1,8,6.8
S300329,O202334,ParcelPro,2,4,5.07
S300330,O204314,SwiftGo,1,2,5.2
S300331,O201146,AsiaCargo,1,7,4.84
S300332,O202267,ParcelPro,1,3,5.46
S300333,O205661,ParcelPro,1,5,7.7
S300334,O200709,BlueLine,1,5,5.18
S300335,O200709,BlueLine,2,4,5.35
S300336,O203520,BlueLine,1,2,7.41
S300337,O204347,SwiftGo,1,1,7.65
S300338,O201788,SwiftGo,1,1,5.36
S300339,O205112,SwiftGo,1,2,4.63
S300340,O201782,SwiftGo,1,3,3.87
S300341,O204544,AsiaCargo,1,5,3.2
S300342,O201938,SwiftGo,1,1,6.17
S300343,O202023,SwiftGo,1,2,5.28
S300344,O200846,BlueLine,1,2,6.03
S300345,O200475,SwiftGo,1,3,3.87
S300346,O201723,BlueLine,1,4,4.63
S300347,O201102,SwiftGo,1,1,35.85
S300348,O201298,SwiftGo,1,3,4.33
S300349,O203079,SwiftGo,1,2,23.13
S300350,O203611,SwiftGo,1,3,8.38
S300351,O203714,SwiftGo,1,1,9.33
S300352,O202718,SwiftGo,1,3,6.26
S300353,O204260,SwiftGo,1,3,6.26
S300354,O203018,ParcelPro,1,4,4.55
S300355,O201959,SwiftGo,1,3,5.39
S300356,O200637,SwiftGo,1,2,5.41
S300357,O203825,SwiftGo,1,2,23.39
S300358,O203619,SwiftGo,1,2,7.49
S300359,O203619,AsiaCargo,2,6,7.66
S300360,O205734,BlueLine,1,5,5.61
S300361,O205921,BlueLine,1,5,5.45
S300362,O203149,BlueLine,1,4,2.83
S300363,O205529,SwiftGo,1,2,3.97
S300364,O203183,SwiftGo,1,1,4.47
S300365,O203678,BlueLine,1,4,6.48
S300366,O200495,SwiftGo,1,3,19.15
S300367,O202760,BlueLine,1,1,3.76
S300368,O202448,BlueLine,1,5,4.62
S300369,O202531,BlueLine,1,5,7.13
S300370,O202337,ParcelPro,1,2,35.21
S300371,O204595,SwiftGo,1,1,7.08
S300372,O201192,SwiftGo,1,3,3.96
S300373,O205589,SwiftGo,1,2,5.79
S300374,O203724,AsiaCargo,1,6,7.2
S300375,O200378,AsiaCargo,1,3,32.98
S300376,O200246,BlueLine,1,5,6.92
S300377,O201990,SwiftGo,1,4,24.15
S300378,O204704,BlueLine,1,4,4.2
S300379,O203947,BlueLine,1,5,7.17
S300380,O203947,SwiftGo,2,1,7.63
S300381,O203564,SwiftGo,1,3,14.94
S300382,O203061,ParcelPro,1,2,5.85
S300383,O200518,SwiftGo,1,3,4.59
S300384,O202129,BlueLine,1,4,4.33
S300385,O200332,AsiaCargo,1,5,7.17
S300386,O201032,SwiftGo,1,2,9.78
S300387,O201346,SwiftGo,1,3,6.26
S300388,O204206,ParcelPro,1,4,5.27
S300389,O201230,AsiaCargo,1,7,31.72
S300390,O203434,AsiaCargo,1,6,6.05
S300391,O201371,AsiaCargo,1,7,8.2
S300392,O203514,SwiftGo,1,3,5.0
S300393,O200455,SwiftGo,1,1,0.14
S300394,O202471,AsiaCargo,1,6,31.45
S300395,O205124,SwiftGo,1,1,6.42
S300396,O200242,AsiaCargo,1,5,7.45
S300397,O202653,SwiftGo,1,2,14.13
S300398,O203017,BlueLine,1,3,3.55
S300399,O200238,SwiftGo,1,1,8.44
S300400,O205272,SwiftGo,1,1,7.41
S300401,O200012,AsiaCargo,1,6,19.79
S300402,O202165,SwiftGo,1,3,4.65
S300403,O200618,BlueLine,1,7,6.42
S300404,O203170,BlueLine,1,3,6.37
S300405,O200798,BlueLine,1,4,3.98
S300406,O201540,SwiftGo,1,3,3.16
S300407,O201062,SwiftGo,1,2,3.94
S300408,O200431,BlueLine,1,5,5.9
S300409,O204642,BlueLine,1,4,5.71
S300410,O204642,BlueLine,2,5,7.42
S300411,O200938,BlueLine,1,3,3.77
S300412,O201016,ParcelPro,1,4,29.43
S300413,O205524,BlueLine,1,5,4.79
S300414,O202511,BlueLine,1,6,4.24
S300415,O203821,BlueLine,1,4,19.84
S300416,O200050,BlueLine,1,4,9.33
S300417,O205549,AsiaCargo,1,6,5.99
S300418,O204819,SwiftGo,1,1,9.75
S300419,O205070,AsiaCargo,1,8,7.02
S300420,O201779,ParcelPro,1,3,5.94
S300421,O203572,BlueLine,1,5,4.85
S300422,O200444,SwiftGo,1,2,6.81
S300423,O204106,AsiaCargo,1,6,6.5
S300424,O204106,BlueLine,2,5,5.0
S300425,O202126,ParcelPro,1,2,26.35
S300426,O204454,BlueLine,1,3,31.87
S300427,O205126,ParcelPro,1,4,7.48
S300428,O200095,BlueLine,1,5,9.45
S300429,O204456,BlueLine,1,5,23.38
S300430,O202142,ParcelPro,1,4,5.2
S300431,O201415,ParcelPro,1,2,5.75
S300432,O202376,SwiftGo,1,1,6.0
S300433,O202836,BlueLine,1,3,8.97
S300434,O201204,SwiftGo,1,2,3.8
S300435,O203622,AsiaCargo,1,5,6.98
S300436,O204318,AsiaCargo,1,7,4.51
S300437,O200296,ParcelPro,1,2,5.64
S300438,O205205,ParcelPro,1,4,22.51
S300439,O202723,SwiftGo,1,3,5.19
S300440,O204277,BlueLine,1,2,14.65
S300441,O201144,BlueLine,1,6,4.97
S300442,O203976,SwiftGo,1,1,5.7
S300443,O204826,AsiaCargo,1,6,4.14
S300444,O204393,BlueLine,1,4,5.25
S300445,O205168,SwiftGo,1,1,6.11
S300446,O201655,BlueLine,1,3,7.12
S300447,O204179,SwiftGo,1,2,5.62
S300448,O201259,SwiftGo,1,3,34.67
S300449,O200940,BlueLine,1,2,7.33
S300450,O200940,BlueLine,2,6,6.92
S300451,O202428,SwiftGo,1,1,37.17
S300452,O202428,ParcelPro,2,4,36.73
S300453,O201689,SwiftGo,1,1,4.22
S300454,O202550,ParcelPro,1,4,5.33
S300455,O200199,SwiftGo,1,3,8.1
S300456,O203343,SwiftGo,1,2,6.22
S300457,O201883,AsiaCargo,1,5,4.77
S300458,O202622,BlueLine,1,6,7.39
S300459,O202622,BlueLine,2,3,6.34
S300460,O204603,AsiaCargo,1,7,5.77
S300461,O204603,SwiftGo,2,1,7.93
S300462,O201642,SwiftGo,1,3,8.63
S300463,O204664,AsiaCargo,1,6,7.45
S300464,O201017,ParcelPro,1,3,7.32
S300465,O205174,AsiaCargo,1,7,24.24
S300466,O201677,SwiftGo,1,1,4.28
S300467,O202136,ParcelPro,1,4,5.6
S300468,O202136,SwiftGo,2,1,8.72
S300469,O201686,AsiaCargo,1,6,5.97
S300470,O200152,AsiaCargo,1,7,2.69
S300471,O201108,SwiftGo,1,1,35.03
S300472,O204831,ParcelPro,1,4,23.54
S300473,O200683,BlueLine,1,2,6.86
S300474,O202916,BlueLine,1,4,5.84
S300475,O202552,BlueLine,1,2,18.49
S300476,O204792,ParcelPro,1,4,6.85
S300477,O204368,SwiftGo,1,1,6.01
S300478,O202679,SwiftGo,1,1,3.96
S300479,O201281,ParcelPro,1,5,3.53
S300480,O200697,SwiftGo,1,1,4.94
S300481,O202019,AsiaCargo,1,6,8.42
S300482,O202019,SwiftGo,2,3,5.9
S300483,O202367,ParcelPro,1,2,6.16
S300484,O200905,SwiftGo,1,3,10.22
S300485,O200382,AsiaCargo,1,6,5.25
S300486,O201993,ParcelPro,1,5,4.5
S300487,O204687,BlueLine,1,5,4.53
S300488,O203964,ParcelPro,1,3,5.92
S300489,O200248,BlueLine,1,3,5.72
S300490,O203372,AsiaCargo,1,6,16.1
S300491,O205836,AsiaCargo,1,9,7.37
S300492,O205991,ParcelPro,1,4,7.34
S300493,O200234,ParcelPro,1,3,6.66
S300494,O200270,AsiaCargo,1,6,5.58
S300495,O202927,SwiftGo,1,3,2.89
S300496,O201086,SwiftGo,1,1,3.53
S300497,O205143,BlueLine,1,4,7.38
S300498,O200128,ParcelPro,1,2,7.74
S300499,O205883,BlueLine,1,6,5.36
S300500,O205883,SwiftGo,2,2,5.04
S300501,O205405,ParcelPro,1,3,6.51
S300502,O200572,ParcelPro,1,5,6.86
S300503,O202192,SwiftGo,1,2,6.95
S300504,O203496,AsiaCargo,1,5,7.4
S300505,O201871,SwiftGo,1,1,4.35
S300506,O201871,AsiaCargo,2,4,7.29
S300507,O205409,SwiftGo,1,3,4.27
S300508,O202979,BlueLine,1,5,6.8
S300509,O205074,ParcelPro,1,2,4.98
S300510,O200251,AsiaCargo,1,6,23.27
S300511,O202086,SwiftGo,1,1,5.27
S300512,O204322,AsiaCargo,1,9,34.96
S300513,O201905,SwiftGo,1,1,3.12
S300514,O201600,BlueLine,1,6,15.69
S300515,O205827,BlueLine,1,4,4.52
S300516,O205827,SwiftGo,2,1,3.66
S300517,O200633,SwiftGo,1,2,4.64
S300518,O200995,SwiftGo,1,1,2.72
S300519,O202060,ParcelPro,1,2,6.37
S300520,O205674,SwiftGo,1,1,4.76
S300521,O205099,SwiftGo,1,1,6.34
S300522,O204035,SwiftGo,1,2,10.48
S300523,O204374,ParcelPro,1,3,3.94
S300524,O204063,ParcelPro,1,4,5.2
S300525,O202002,BlueLine,1,7,5.65
S300526,O201969,BlueLine,1,4,5.43
S300527,O203894,SwiftGo,1,1,37.24
S300528,O204821,AsiaCargo,1,5,32.7
S300529,O204774,BlueLine,1,6,25.49
S300530,O203499,ParcelPro,1,1,11.57
S300531,O203474,SwiftGo,1,2,3.45
S300532,O201376,SwiftGo,1,2,3.31
S300533,O201137,SwiftGo,1,1,7.07
S300534,O204718,ParcelPro,1,2,9.38
S300535,O204718,AsiaCargo,2,8,7.12
S300536,O201774,BlueLine,1,6,8.4
S300537,O204291,BlueLine,1,6,7.52
S300538,O203904,SwiftGo,1,1,8.74
S300539,O204948,AsiaCargo,1,6,3.98
S300540,O204617,AsiaCargo,1,7,8.51
S300541,O204617,BlueLine,2,5,5.36
S300542,O204609,SwiftGo,1,3,8.8
S300543,O205023,BlueLine,1,3,3.64
S300544,O205023,SwiftGo,2,4,4.43
S300545,O200569,BlueLine,1,7,4.52
S300546,O201098,ParcelPro,1,3,8.47
S300547,O204431,ParcelPro,1,4,4.42
S300548,O204431,SwiftGo,2,1,4.44
S300549,O202117,SwiftGo,1,1,5.9
S300550,O205722,SwiftGo,1,3,4.0
S300551,O205297,SwiftGo,1,2,5.31
S300552,O200383,ParcelPro,1,3,7.4
S300553,O205266,SwiftGo,1,2,5.63
S300554,O200244,ParcelPro,1,4,3.18
S300555,O202032,ParcelPro,1,3,6.94
S300556,O201633,SwiftGo,1,1,5.87
S300557,O203938,BlueLine,1,4,6.86
S300558,O204541,SwiftGo,1,1,5.15
S300559,O205683,SwiftGo,1,2,8.65
S300560,O205683,SwiftGo,2,2,5.02
S300561,O204693,AsiaCargo,1,7,3.6
S300562,O204945,BlueLine,1,4,4.75
S300563,O201621,BlueLine,1,6,7.08
S300564,O204844,SwiftGo,1,1,37.93
S300565,O205279,AsiaCargo,1,6,6.18
S300566,O201253,ParcelPro,1,3,8.42
S300567,O203524,AsiaCargo,1,3,4.45
S300568,O204658,SwiftGo,1,2,6.88
S300569,O202415,ParcelPro,1,5,24.62
S300570,O205128,BlueLine,1,6,32.69
S300571,O205714,SwiftGo,1,3,5.87
S300572,O202389,SwiftGo,1,1,10.46
S300573,O203328,BlueLine,1,6,7.99
S300574,O204290,BlueLine,1,5,4.43
S300575,O204290,AsiaCargo,2,9,8.15
S300576,O205908,BlueLine,1,4,4.26
S300577,O203031,SwiftGo,1,2,7.25
S300578,O202211,AsiaCargo,1,7,4.83
S300579,O201458,SwiftGo,1,4,6.0
S300580,O205069,SwiftGo,1,3,5.6
S300581,O204254,SwiftGo,1,2,6.11
S300582,O201844,SwiftGo,1,1,5.13
S300583,O205164,SwiftGo,1,1,6.67
S300584,O201427,AsiaCargo,1,6,5.43
S300585,O202716,AsiaCargo,1,4,3.54
S300586,O200348,BlueLine,1,5,6.12
S300587,O205690,SwiftGo,1,2,6.14
S300588,O202073,SwiftGo,1,3,6.36
S300589,O205863,SwiftGo,1,1,4.68
S300590,O201455,SwiftGo,1,2,4.51
S300591,O201445,AsiaCargo,1,7,3.82
S300592,O200532,SwiftGo,1,2,4.74
S300593,O201226,BlueLine,1,5,3.25
S300594,O203168,BlueLine,1,5,6.92
S300595,O203247,BlueLine,1,5,7.71
S300596,O203333,BlueLine,1,5,4.61
S300597,O204804,AsiaCargo,1,8,4.27
S300598,O205093,AsiaCargo,1,7,32.93
S300599,O203454,SwiftGo,1,2,5.23
S300600,O205837,BlueLine,1,3,5.74
S300601,O200576,ParcelPro,1,3,9.52
S300602,O204970,BlueLine,1,4,5.12
S300603,O205331,ParcelPro,1,4,4.0
S300604,O202752,SwiftGo,1,2,15.77
S300605,O202361,SwiftGo,1,2,5.36
S300606,O202361,BlueLine,2,2,5.05
S300607,O205414,AsiaCargo,1,6,5.56
S300608,O205723,ParcelPro,1,4,4.23
S300609,O202787,SwiftGo,1,1,7.28
S300610,O203893,ParcelPro,1,3,5.34
S300611,O203312,ParcelPro,1,2,7.71
S300612,O202782,ParcelPro,1,2,5.93
S300613,O200827,BlueLine,1,2,30.09
S300614,O203077,BlueLine,1,6,3.94
S300615,O200824,BlueLine,1,5,7.15
S300616,O203332,AsiaCargo,1,7,18.48
S300617,O204563,ParcelPro,1,2,7.62
S300618,O202201,AsiaCargo,1,8,13.28
S300619,O200175,SwiftGo,1,3,36.93
S300620,O204565,ParcelPro,1,3,7.28
S300621,O200680,BlueLine,1,4,6.53
S300622,O200885,SwiftGo,1,2,5.42
S300623,O201342,SwiftGo,1,1,4.65
S300624,O200025,AsiaCargo,1,6,3.19
S300625,O204686,BlueLine,1,6,26.07
S300626,O201461,ParcelPro,1,5,6.03
S300627,O201816,AsiaCargo,1,8,17.55
S300628,O204580,SwiftGo,1,3,6.22
S300629,O203281,SwiftGo,1,1,6.3
S300630,O200927,SwiftGo,1,2,6.52
S300631,O203638,SwiftGo,1,2,3.62
S300632,O204005,ParcelPro,1,4,7.77
S300633,O204128,SwiftGo,1,1,4.14
S300634,O202934,SwiftGo,1,1,7.85
S300635,O200015,ParcelPro,1,4,5.45
S300636,O202231,SwiftGo,1,3,6.8
S300637,O203436,ParcelPro,1,5,8.44
S300638,O203436,BlueLine,2,6,3.03
S300639,O205388,BlueLine,1,6,7.31
S300640,O203605,SwiftGo,1,1,21.18
S300641,O203179,BlueLine,1,1,4.83
S300642,O203788,SwiftGo,1,2,15.32
S300643,O202132,BlueLine,1,4,5.22
S300644,O201612,SwiftGo,1,2,2.47
S300645,O205154,BlueLine,1,6,8.55
S300646,O203912,SwiftGo,1,1,5.72
S300647,O201692,SwiftGo,1,3,5.23
S300648,O201692,AsiaCargo,2,4,7.19
S300649,O203325,SwiftGo,1,2,10.99
S300650,O203566,AsiaCargo,1,5,37.88
S300651,O202041,SwiftGo,1,2,3.42
S300652,O201668,ParcelPro,1,3,7.78
S300653,O200463,BlueLine,1,6,3.95
S300654,O203353,SwiftGo,1,1,1.8
S300655,O204228,AsiaCargo,1,7,5.45
S300656,O200845,ParcelPro,1,3,6.12
S300657,O205628,SwiftGo,1,2,9.8
S300658,O201739,AsiaCargo,1,7,5.91
S300659,O200577,ParcelPro,1,5,5.95
S300660,O200577,SwiftGo,2,1,1.89
S300661,O205320,SwiftGo,1,1,3.08
S300662,O203080,BlueLine,1,6,4.52
S300663,O201119,BlueLine,1,2,5.07
S300664,O203389,BlueLine,1,5,4.85
S300665,O204759,ParcelPro,1,3,9.07
S300666,O202438,ParcelPro,1,2,7.58
S300667,O204510,AsiaCargo,1,5,12.07
S300668,O204455,AsiaCargo,1,7,9.21
S300669,O205184,AsiaCargo,1,7,4.73
S300670,O205072,BlueLine,1,6,4.28
S300671,O204341,BlueLine,1,4,4.51
S300672,O201488,BlueLine,1,4,6.61
S300673,O201328,ParcelPro,1,5,6.4
S300674,O205832,SwiftGo,1,2,24.94
S300675,O205582,SwiftGo,1,2,5.22
S300676,O205582,BlueLine,2,4,5.46
S300677,O205429,ParcelPro,1,2,4.11
S300678,O201696,BlueLine,1,7,4.28
S300679,O203355,BlueLine,1,6,6.06
S300680,O201586,SwiftGo,1,2,2.99
S300681,O200992,BlueLine,1,4,6.79
S300682,O200053,BlueLine,1,4,7.97
S300683,O203267,SwiftGo,1,2,6.83
S300684,O201193,SwiftGo,1,2,7.88
S300685,O203636,SwiftGo,1,1,6.01
S300686,O205903,SwiftGo,1,4,6.97
S300687,O201636,BlueLine,1,4,3.36
S300688,O202686,AsiaCargo,1,7,3.95
S300689,O204004,AsiaCargo,1,5,5.43
S300690,O203404,SwiftGo,1,1,2.26
S300691,O200204,AsiaCargo,1,7,2.86
S300692,O204057,ParcelPro,1,3,5.58
S300693,O201841,BlueLine,1,3,5.94
S300694,O200116,BlueLine,1,4,5.21
S300695,O203579,ParcelPro,1,5,5.71
S300696,O205778,AsiaCargo,1,6,6.1
S300697,O203090,ParcelPro,1,2,5.67
S300698,O202358,BlueLine,1,5,7.18
S300699,O205396,BlueLine,1,2,6.24
S300700,O200185,AsiaCargo,1,6,6.11
S300701,O202215,SwiftGo,1,2,6.18
S300702,O200026,SwiftGo,1,2,4.9
S300703,O205224,SwiftGo,1,2,7.37
S300704,O202942,SwiftGo,1,2,5.01
S300705,O203337,BlueLine,1,4,5.92
S300706,O200038,ParcelPro,1,3,24.08
S300707,O204092,AsiaCargo,1,6,5.75
S300708,O201028,SwiftGo,1,4,5.26
S300709,O202453,BlueLine,1,5,3.78
S300710,O205386,ParcelPro,1,2,3.56
S300711,O205594,SwiftGo,1,3,6.35
S300712,O204713,BlueLine,1,4,7.97
S300713,O203786,BlueLine,1,4,4.32
S300714,O200890,ParcelPro,1,4,4.73
S300715,O205685,ParcelPro,1,1,6.9
S300716,O204957,SwiftGo,1,3,7.26
S300717,O203394,BlueLine,1,4,4.57
S300718,O202586,BlueLine,1,3,4.35
S300719,O201143,AsiaCargo,1,5,7.71
S300720,O201648,SwiftGo,1,1,6.69
S300721,O204397,SwiftGo,1,2,3.29
S300722,O202445,BlueLine,1,4,8.88
S300723,O202445,AsiaCargo,2,6,7.65
S300724,O202240,SwiftGo,1,1,5.18
S300725,O204917,BlueLine,1,5,5.59
S300726,O204917,SwiftGo,2,1,5.24
S300727,O202773,AsiaCargo,1,7,4.75
S300728,O200359,BlueLine,1,4,7.72
S300729,O205717,ParcelPro,1,4,6.46
S300730,O203098,AsiaCargo,1,5,5.84
S300731,O205130,BlueLine,1,5,2.77
S300732,O203083,BlueLine,1,5,10.3
S300733,O205986,ParcelPro,1,1,4.85
S300734,O205245,AsiaCargo,1,8,6.77
S300735,O200821,ParcelPro,1,6,4.92
S300736,O203567,BlueLine,1,6,4.59
S300737,O204218,BlueLine,1,5,3.28
S300738,O205210,AsiaCargo,1,5,2.91
S300739,O205517,BlueLine,1,5,4.15
S300740,O204545,SwiftGo,1,1,7.77
S300741,O204946,BlueLine,1,3,7.27
S300742,O204523,AsiaCargo,1,6,4.12
S300743,O204981,SwiftGo,1,1,37.6
S300744,O204700,BlueLine,1,3,3.74
S300745,O200986,AsiaCargo,1,6,6.87
S300746,O202212,BlueLine,1,3,4.43
S300747,O200715,SwiftGo,1,1,4.55
S300748,O203737,SwiftGo,1,2,9.21
S300749,O201988,SwiftGo,1,3,18.21
S300750,O204600,SwiftGo,1,2,7.38
S300751,O201492,SwiftGo,1,3,37.22
S300752,O203532,ParcelPro,1,3,7.01
S300753,O201351,AsiaCargo,1,6,7.92
S300754,O200170,ParcelPro,1,4,4.94
S300755,O205400,AsiaCargo,1,7,8.42
S300756,O202690,BlueLine,1,6,4.73
S300757,O202690,AsiaCargo,2,7,6.67
S300758,O201995,SwiftGo,1,1,5.6
S300759,O203876,BlueLine,1,6,1.35
S300760,O203773,ParcelPro,1,2,4.48
S300761,O203773,SwiftGo,2,4,4.29
S300762,O200044,BlueLine,1,3,9.13
S300763,O200044,BlueLine,2,3,3.11
S300764,O204219,ParcelPro,1,3,6.43
S300765,O204298,SwiftGo,1,1,7.53
S300766,O204185,SwiftGo,1,1,7.32
S300767,O200863,SwiftGo,1,1,5.23
S300768,O204571,SwiftGo,1,2,3.34
S300769,O204780,SwiftGo,1,1,6.41
S300770,O200087,BlueLine,1,5,6.73
S300771,O205678,BlueLine,1,5,1.36
S300772,O202271,BlueLine,1,3,6.31
S300773,O203653,ParcelPro,1,3,2.26
S300774,O201043,AsiaCargo,1,5,6.34
S300775,O205738,SwiftGo,1,2,2.22
S300776,O203783,BlueLine,1,5,7.94
S300777,O200937,BlueLine,1,4,20.36
S300778,O203797,BlueLine,1,5,5.17
S300779,O200200,SwiftGo,1,2,4.27
S300780,O205095,AsiaCargo,1,5,4.13
S300781,O201639,SwiftGo,1,1,9.05
S300782,O203153,SwiftGo,1,1,4.24
S300783,O203778,ParcelPro,1,1,8.16
S300784,O203571,AsiaCargo,1,7,14.72
S300785,O203571,SwiftGo,2,2,15.88
S300786,O203368,SwiftGo,1,5,4.77
S300787,O204001,SwiftGo,1,2,5.26
S300788,O204229,ParcelPro,1,3,5.6
S300789,O203879,SwiftGo,1,1,27.91
S300790,O205803,BlueLine,1,2,4.76
S300791,O200660,SwiftGo,1,2,5.45
S300792,O204927,BlueLine,1,2,5.86
S300793,O201101,SwiftGo,1,2,4.81
S300794,O205309,SwiftGo,1,1,5.78
S300795,O205153,ParcelPro,1,4,3.1
S300796,O205068,AsiaCargo,1,8,6.28
S300797,O203856,SwiftGo,1,3,3.85
S300798,O205317,SwiftGo,1,1,3.33
S300799,O202035,BlueLine,1,5,3.75
S300800,O200510,SwiftGo,1,2,3.66
S300801,O200790,BlueLine,1,3,7.85
S300802,O200790,BlueLine,2,4,4.45
S300803,O204410,BlueLine,1,4,25.2
S300804,O204410,ParcelPro,2,5,25.19
S300805,O204380,ParcelPro,1,2,7.56
S300806,O202244,ParcelPro,1,3,30.99
S300807,O203614,SwiftGo,1,1,6.51
S300808,O205965,SwiftGo,1,1,6.73
S300809,O202753,AsiaCargo,1,7,3.96
S300810,O205417,SwiftGo,1,1,5.79
S300811,O204003,ParcelPro,1,5,4.16
S300812,O204800,BlueLine,1,5,10.17
S300813,O204985,BlueLine,1,6,37.3
S300814,O205483,AsiaCargo,1,5,8.23
S300815,O205091,BlueLine,1,6,4.55
S300816,O201649,AsiaCargo,1,6,6.75
S300817,O205533,BlueLine,1,5,36.77
S300818,O200112,ParcelPro,1,4,5.13
S300819,O202896,SwiftGo,1,4,5.46
S300820,O203082,AsiaCargo,1,7,13.6
S300821,O205146,SwiftGo,1,1,4.51
S300822,O204061,ParcelPro,1,5,3.47
S300823,O200541,BlueLine,1,4,1.71
S300824,O202333,SwiftGo,1,2,4.91
S300825,O202333,BlueLine,2,3,4.02
S300826,O202474,SwiftGo,1,1,4.37
S300827,O204829,BlueLine,1,5,6.34
S300828,O204829,SwiftGo,2,2,6.63
S300829,O202027,SwiftGo,1,1,5.6
S300830,O202417,AsiaCargo,1,4,6.01
S300831,O204656,SwiftGo,1,1,2.85
S300832,O202346,ParcelPro,1,4,6.63
S300833,O200674,SwiftGo,1,1,4.22
S300834,O202473,SwiftGo,1,1,4.43
S300835,O205261,SwiftGo,1,1,3.9
S300836,O200034,AsiaCargo,1,8,21.82
S300837,O204359,ParcelPro,1,4,8.78
S300838,O200690,ParcelPro,1,4,8.26
S300839,O200690,AsiaCargo,2,5,6.3
S300840,O205866,BlueLine,1,6,4.68
S300841,O202191,SwiftGo,1,3,31.47
S300842,O202045,BlueLine,1,3,5.93
S300843,O205812,SwiftGo,1,2,23.71
S300844,O205341,ParcelPro,1,8,5.72
S300845,O205430,ParcelPro,1,3,10.66
S300846,O204131,BlueLine,1,7,5.2
S300847,O200718,SwiftGo,1,1,6.52
S300848,O200393,BlueLine,1,6,6.45
S300849,O202254,SwiftGo,1,3,6.58
S300850,O202245,SwiftGo,1,3,5.06
S300851,O201067,AsiaCargo,1,7,8.21
S300852,O203831,BlueLine,1,4,5.47
S300853,O200650,AsiaCargo,1,7,3.83
S300854,O202871,BlueLine,1,3,7.44
S300855,O202962,ParcelPro,1,2,3.78
S300856,O202575,SwiftGo,1,2,7.8
S300857,O202457,BlueLine,1,4,8.31
S300858,O203979,AsiaCargo,1,8,3.79
S300859,O204878,BlueLine,1,5,6.09
S300860,O205927,SwiftGo,1,1,5.95
S300861,O201364,SwiftGo,1,1,4.09
S300862,O200479,AsiaCargo,1,8,5.08
S300863,O203668,SwiftGo,1,2,5.68
S300864,O203722,BlueLine,1,4,5.79
S300865,O205636,ParcelPro,1,6,30.18
S300866,O200664,SwiftGo,1,1,5.38
S300867,O204854,AsiaCargo,1,8,34.65
S300868,O204854,SwiftGo,2,2,35.96
S300869,O201446,BlueLine,1,4,11.95
S300870,O203658,ParcelPro,1,1,5.33
S300871,O204100,BlueLine,1,7,5.6
S300872,O205914,SwiftGo,1,1,8.96
S300873,O202862,AsiaCargo,1,7,6.06
S300874,O203278,BlueLine,1,3,4.59
S300875,O200481,SwiftGo,1,3,6.5
S300876,O200939,SwiftGo,1,3,4.38
S300877,O201382,ParcelPro,1,3,5.62
S300878,O201382,SwiftGo,2,1,4.66
S300879,O202803,BlueLine,1,4,7.67
S300880,O202504,BlueLine,1,4,3.23
S300881,O203918,ParcelPro,1,4,6.32
S300882,O203918,AsiaCargo,2,6,4.21
S300883,O205263,AsiaCargo,1,7,4.17
S300884,O205789,SwiftGo,1,1,36.81
S300885,O202556,SwiftGo,1,1,6.48
S300886,O201706,AsiaCargo,1,5,21.11
S300887,O204965,SwiftGo,1,3,6.83
S300888,O202561,SwiftGo,1,2,10.82
S300889,O204272,AsiaCargo,1,9,5.92
S300890,O202516,ParcelPro,1,1,6.62
S300891,O200743,AsiaCargo,1,8,3.64
S300892,O200743,ParcelPro,2,4,5.88
S300893,O204892,BlueLine,1,5,8.19
S300894,O200373,SwiftGo,1,2,4.63
S300895,O200373,ParcelPro,2,5,4.82
S300896,O200084,AsiaCargo,1,5,5.55
S300897,O204685,ParcelPro,1,3,16.35
S300898,O201011,BlueLine,1,4,7.15
S300899,O201447,SwiftGo,1,1,37.01
S300900,O202368,AsiaCargo,1,7,3.87
S300901,O205097,SwiftGo,1,2,5.62
S300902,O203948,SwiftGo,1,1,6.86
S300903,O205660,BlueLine,1,5,20.72
S300904,O202329,BlueLine,1,6,6.15
S300905,O202329,SwiftGo,2,1,5.54
S300906,O200426,BlueLine,1,4,3.44
S300907,O203068,SwiftGo,1,3,6.05
S300908,O205901,BlueLine,1,2,4.7
S300909,O200446,AsiaCargo,1,7,6.76
S300910,O200446,BlueLine,2,3,4.92
S300911,O201535,SwiftGo,1,2,6.78
S300912,O205798,AsiaCargo,1,5,5.48
S300913,O204634,SwiftGo,1,1,5.4
S300914,O203388,BlueLine,1,5,4.79
S300915,O201491,ParcelPro,1,4,7.96
S300916,O204983,ParcelPro,1,3,7.7
S300917,O200203,BlueLine,1,4,9.24
S300918,O200647,BlueLine,1,2,38.79
S300919,O202251,AsiaCargo,1,5,7.37
S300920,O202251,SwiftGo,2,1,3.96
S300921,O204519,AsiaCargo,1,5,6.15
S300922,O203810,SwiftGo,1,2,7.72
S300923,O203810,BlueLine,2,3,6.24
S300924,O205658,BlueLine,1,3,8.18
S300925,O205054,SwiftGo,1,4,7.48
S300926,O201435,BlueLine,1,2,29.51
S300927,O201158,SwiftGo,1,1,5.46
S300928,O204067,ParcelPro,1,3,6.98
S300929,O204373,SwiftGo,1,1,4.49
S300930,O203310,SwiftGo,1,1,38.85
S300931,O201282,SwiftGo,1,1,7.42
S300932,O202459,ParcelPro,1,1,4.32
S300933,O201330,SwiftGo,1,1,7.37
S300934,O203468,SwiftGo,1,2,6.7
S300935,O203468,ParcelPro,2,4,5.0
S300936,O201332,AsiaCargo,1,7,5.84
S300937,O204433,BlueLine,1,4,4.57
S300938,O204433,ParcelPro,2,3,4.83
S300939,O200384,SwiftGo,1,3,3.93
S300940,O204446,SwiftGo,1,3,2.84
S300941,O201877,AsiaCargo,1,6,4.6
S300942,O203887,SwiftGo,1,1,8.4
S300943,O205037,SwiftGo,1,2,5.29
S300944,O205419,AsiaCargo,1,6,0.72
S300945,O204066,AsiaCargo,1,4,6.08
S300946,O204620,SwiftGo,1,1,6.89
S300947,O201547,ParcelPro,1,3,3.24
S300948,O202917,AsiaCargo,1,5,17.87
S300949,O204798,AsiaCargo,1,6,7.48
S300950,O205740,BlueLine,1,6,5.99
S300951,O204070,BlueLine,1,6,6.2
S300952,O205764,ParcelPro,1,4,27.26
S300953,O202887,BlueLine,1,4,18.99
S300954,O205565,BlueLine,1,6,32.92
S300955,O202735,BlueLine,1,7,5.55
S300956,O201695,BlueLine,1,7,5.6
S300957,O202236,AsiaCargo,1,6,28.17
S300958,O201056,SwiftGo,1,1,6.27
S300959,O201056,BlueLine,2,4,2.25
S300960,O202311,BlueLine,1,5,4.11
S300961,O202630,AsiaCargo,1,4,2.51
S300962,O204178,AsiaCargo,1,7,6.36
S300963,O204765,SwiftGo,1,2,5.33
S300964,O200981,BlueLine,1,6,4.9
S300965,O200142,SwiftGo,1,1,18.77
S300966,O200109,ParcelPro,1,3,6.02
S300967,O203269,ParcelPro,1,4,3.29
S300968,O204836,AsiaCargo,1,7,33.22
S300969,O201303,SwiftGo,1,2,4.28
S300970,O205964,SwiftGo,1,1,7.44
S300971,O202807,AsiaCargo,1,7,7.12
S300972,O203471,ParcelPro,1,4,4.88
S300973,O200337,SwiftGo,1,1,5.07
S300974,O202197,ParcelPro,1,3,5.2
S300975,O204047,BlueLine,1,7,5.48
S300976,O202384,SwiftGo,1,2,4.74
S300977,O205535,SwiftGo,1,1,7.28
S300978,O205619,AsiaCargo,1,7,7.0
S300979,O203006,SwiftGo,1,2,6.8
S300980,O201365,SwiftGo,1,3,7.85
S300981,O203515,BlueLine,1,4,4.76
S300982,O200385,BlueLine,1,4,6.73
S300983,O202307,BlueLine,1,3,6.04
S300984,O203583,SwiftGo,1,1,5.94
S300985,O200398,BlueLine,1,6,7.94
S300986,O205646,BlueLine,1,4,4.67
S300987,O202513,AsiaCargo,1,9,5.16
S300988,O202513,AsiaCargo,2,6,5.5
S300989,O202285,BlueLine,1,3,4.84
S300990,O203393,ParcelPro,1,1,7.34
S300991,O200691,SwiftGo,1,2,7.72
S300992,O201350,BlueLine,1,3,3.13
S300993,O201350,SwiftGo,2,5,5.21
S300994,O201227,SwiftGo,1,1,2.38
S300995,O204586,AsiaCargo,1,6,3.36
S300996,O204279,AsiaCargo,1,6,4.24
S300997,O201085,SwiftGo,1,1,4.77
S300998,O203957,ParcelPro,1,2,8.06
S300999,O205494,BlueLine,1,5,5.44
S301000,O203863,SwiftGo,1,3,6.78
S301001,O205939,SwiftGo,1,1,6.48
S301002,O205343,BlueLine,1,5,7.65
S301003,O203746,ParcelPro,1,2,8.36
S301004,O200442,BlueLine,1,6,7.83
S301005,O205765,SwiftGo,1,2,8.6
S301006,O205368,BlueLine,1,4,8.21
S301007,O203555,BlueLine,1,3,5.01
S301008,O205917,SwiftGo,1,2,6.48
S301009,O201752,SwiftGo,1,1,3.71
S301010,O202308,SwiftGo,1,4,27.09
S301011,O200360,ParcelPro,1,3,4.07
S301012,O202905,BlueLine,1,6,5.54
S301013,O201197,AsiaCargo,1,6,6.34
S301014,O201197,ParcelPro,2,3,6.31
S301015,O203613,ParcelPro,1,3,7.01
S301016,O204048,SwiftGo,1,1,5.01
S301017,O205134,BlueLine,1,3,6.15
S301018,O200606,BlueLine,1,4,4.89
S301019,O200807,ParcelPro,1,1,5.12
S301020,O205793,SwiftGo,1,1,8.37
S301021,O202688,BlueLine,1,3,4.96
S301022,O204323,AsiaCargo,1,4,8.84
S301023,O200032,BlueLine,1,6,6.52
S301024,O204678,AsiaCargo,1,7,21.88
S301025,O205362,BlueLine,1,3,8.93
S301026,O204460,SwiftGo,1,1,6.68
S301027,O205330,AsiaCargo,1,4,8.57
S301028,O203420,AsiaCargo,1,6,5.25
S301029,O205103,BlueLine,1,5,5.32
S301030,O203102,BlueLine,1,7,27.68
S301031,O203102,BlueLine,2,6,29.6
S301032,O205708,SwiftGo,1,2,7.44
S301033,O202906,SwiftGo,1,3,8.46
S301034,O203937,SwiftGo,1,1,3.72
S301035,O200485,SwiftGo,1,2,24.75
S301036,O200114,BlueLine,1,3,5.98
S301037,O200164,AsiaCargo,1,7,7.89
S301038,O204869,ParcelPro,1,3,5.9
S301039,O202123,BlueLine,1,4,2.95
S301040,O203645,SwiftGo,1,4,15.41
S301041,O203645,ParcelPro,2,2,15.97
S301042,O201533,AsiaCargo,1,6,5.93
S301043,O202057,AsiaCargo,1,7,2.7
S301044,O201280,BlueLine,1,4,4.98
S301045,O200858,AsiaCargo,1,6,7.43
S301046,O203123,BlueLine,1,6,4.52
S301047,O205428,AsiaCargo,1,5,3.8
S301048,O201619,AsiaCargo,1,7,6.37
S301049,O201064,BlueLine,1,4,5.42
S301050,O201478,ParcelPro,1,4,3.42
S301051,O201478,BlueLine,2,3,6.05
S301052,O200322,SwiftGo,1,1,5.98
S301053,O204619,AsiaCargo,1,7,6.04
S301054,O201220,SwiftGo,1,4,6.17
S301055,O200742,BlueLine,1,2,2.53
S301056,O200928,BlueLine,1,4,5.54
S301057,O202294,BlueLine,1,5,7.29
S301058,O204259,ParcelPro,1,4,8.16
S301059,O201246,ParcelPro,1,5,10.78
S301060,O203992,SwiftGo,1,2,5.26
S301061,O204820,AsiaCargo,1,5,4.4
S301062,O204828,ParcelPro,1,5,3.5
S301063,O205144,BlueLine,1,6,8.79
S301064,O200102,SwiftGo,1,2,5.95
S301065,O203254,ParcelPro,1,3,5.42
S301066,O205603,SwiftGo,1,1,3.93
S301067,O203782,AsiaCargo,1,6,25.16
S301068,O203782,BlueLine,2,4,24.11
S301069,O205217,ParcelPro,1,1,5.26
S301070,O205440,AsiaCargo,1,9,7.44
S301071,O202166,BlueLine,1,5,5.36
S301072,O202530,AsiaCargo,1,5,5.13
S301073,O201806,SwiftGo,1,3,7.33
S301074,O201048,SwiftGo,1,4,5.6
S301075,O205438,SwiftGo,1,1,5.2
S301076,O205053,ParcelPro,1,3,5.46
S301077,O203604,BlueLine,1,3,7.83
S301078,O201444,SwiftGo,1,4,30.95
S301079,O204154,SwiftGo,1,1,5.98
S301080,O202562,SwiftGo,1,5,5.1
S301081,O204350,ParcelPro,1,4,5.86
S301082,O204441,BlueLine,1,4,5.15
S301083,O205615,SwiftGo,1,3,5.48
S301084,O204436,AsiaCargo,1,7,35.47
S301085,O200335,SwiftGo,1,3,16.56
S301086,O200335,BlueLine,2,4,15.16
S301087,O203501,ParcelPro,1,2,8.89
S301088,O202597,BlueLine,1,4,5.91
S301089,O202729,ParcelPro,1,4,8.09
S301090,O200504,AsiaCargo,1,8,3.01
S301091,O203298,AsiaCargo,1,7,4.88
S301092,O203189,BlueLine,1,4,5.98
S301093,O200278,SwiftGo,1,2,7.63
S301094,O200869,SwiftGo,1,1,4.94
S301095,O205256,AsiaCargo,1,7,6.52
S301096,O205359,BlueLine,1,4,6.57
S301097,O202594,AsiaCargo,1,8,6.49
S301098,O200045,BlueLine,1,6,9.17
S301099,O200045,BlueLine,2,4,8.79
S301100,O201153,AsiaCargo,1,5,6.82
S301101,O205459,SwiftGo,1,2,8.04
S301102,O200997,BlueLine,1,4,5.18
S301103,O204546,SwiftGo,1,2,5.07
S301104,O205659,SwiftGo,1,1,6.89
S301105,O203630,SwiftGo,1,1,38.43
S301106,O203553,SwiftGo,1,1,6.64
S301107,O205090,BlueLine,1,5,5.25
S301108,O201395,SwiftGo,1,1,4.13
S301109,O201395,AsiaCargo,2,7,5.96
S301110,O203492,SwiftGo,1,1,4.61
S301111,O201221,AsiaCargo,1,6,9.41
S301112,O204303,BlueLine,1,4,5.11
S301113,O203959,AsiaCargo,1,8,7.17
S301114,O203692,SwiftGo,1,1,23.55
S301115,O205038,AsiaCargo,1,7,2.66
S301116,O205180,SwiftGo,1,2,5.63
S301117,O201512,SwiftGo,1,5,4.59
S301118,O201512,SwiftGo,2,2,6.99
S301119,O202047,SwiftGo,1,2,5.47
S301120,O202047,AsiaCargo,2,6,6.25
S301121,O204626,SwiftGo,1,1,5.8
S301122,O204626,AsiaCargo,2,6,1.35
S301123,O201851,BlueLine,1,6,1.46
S301124,O202684,AsiaCargo,1,7,6.98
S301125,O205044,ParcelPro,1,4,3.49
S301126,O200166,BlueLine,1,5,3.15
S301127,O200483,AsiaCargo,1,6,6.47
S301128,O201527,SwiftGo,1,3,5.92
S301129,O205102,AsiaCargo,1,7,5.75
S301130,O204009,BlueLine,1,6,5.24
S301131,O203204,SwiftGo,1,1,39.46
S301132,O204973,ParcelPro,1,2,5.68
S301133,O204801,BlueLine,1,3,4.93
S301134,O204316,AsiaCargo,1,6,7.63
S301135,O204867,AsiaCargo,1,7,17.22
S301136,O201549,SwiftGo,1,1,4.94
S301137,O202331,AsiaCargo,1,6,8.07
S301138,O204788,BlueLine,1,3,4.1
S301139,O200464,SwiftGo,1,1,6.08
S301140,O200765,SwiftGo,1,2,3.92
S301141,O205538,BlueLine,1,5,10.39
S301142,O201530,ParcelPro,1,3,6.19
S301143,O205958,SwiftGo,1,3,7.13
S301144,O200617,AsiaCargo,1,6,6.12
S301145,O200881,BlueLine,1,3,7.54
S301146,O201968,BlueLine,1,5,4.73
S301147,O201971,ParcelPro,1,2,37.17
S301148,O202519,SwiftGo,1,2,14.09
S301149,O202434,SwiftGo,1,4,6.54
S301150,O202830,BlueLine,1,4,5.6
S301151,O203381,ParcelPro,1,3,6.57
S301152,O203478,SwiftGo,1,2,9.56
S301153,O204312,SwiftGo,1,2,4.34
S301154,O205633,BlueLine,1,3,9.06
S301155,O204387,ParcelPro,1,4,9.0
S301156,O205687,AsiaCargo,1,5,38.16
S301157,O203463,AsiaCargo,1,5,8.09
S301158,O205223,SwiftGo,1,2,8.83
S301159,O204321,AsiaCargo,1,6,6.0
S301160,O203166,BlueLine,1,3,5.19
S301161,O203431,ParcelPro,1,2,5.65
S301162,O203576,ParcelPro,1,3,7.74
S301163,O201465,BlueLine,1,6,6.63
S301164,O200366,SwiftGo,1,3,6.18
S301165,O201890,ParcelPro,1,4,6.36
S301166,O202108,SwiftGo,1,4,2.44
S301167,O201414,BlueLine,1,5,6.47
S301168,O201694,BlueLine,1,4,7.1
S301169,O204597,BlueLine,1,6,34.13
S301170,O204540,SwiftGo,1,1,6.83
S301171,O202401,AsiaCargo,1,8,9.66
S301172,O204167,BlueLine,1,6,3.68
S301173,O200345,BlueLine,1,3,6.6
S301174,O201401,BlueLine,1,4,4.87
S301175,O200179,SwiftGo,1,2,4.18
S301176,O200347,AsiaCargo,1,8,5.89
S301177,O201054,ParcelPro,1,2,6.44
S301178,O201932,BlueLine,1,2,7.12
S301179,O202258,SwiftGo,1,2,3.01
S301180,O203628,BlueLine,1,7,7.92
S301181,O201115,ParcelPro,1,3,7.79
S301182,O200221,BlueLine,1,5,4.77
S301183,O202966,BlueLine,1,6,4.43
S301184,O205989,ParcelPro,1,5,4.75
S301185,O204531,BlueLine,1,5,6.99
S301186,O202794,AsiaCargo,1,5,5.23
S301187,O200776,SwiftGo,1,1,5.77
S301188,O205316,AsiaCargo,1,8,5.5
S301189,O201430,SwiftGo,1,4,7.0
S301190,O205024,SwiftGo,1,1,4.66
S301191,O201962,SwiftGo,1,2,4.59
S301192,O205132,AsiaCargo,1,6,7.14
S301193,O205842,BlueLine,1,1,6.2
S301194,O203446,SwiftGo,1,1,4.33
S301195,O200540,BlueLine,1,5,7.42
S301196,O203880,AsiaCargo,1,6,26.15
S301197,O204196,AsiaCargo,1,5,2.77
S301198,O204196,BlueLine,2,5,3.19
S301199,O201217,ParcelPro,1,5,32.91
S301200,O201792,AsiaCargo,1,8,4.73
S301201,O203577,BlueLine,1,3,7.18
S301202,O203577,ParcelPro,2,2,7.99
S301203,O202386,SwiftGo,1,2,4.01
S301204,O205213,BlueLine,1,7,3.55
S301205,O204096,SwiftGo,1,1,6.28
S301206,O200849,ParcelPro,1,3,4.44
S301207,O205621,BlueLine,1,4,6.33
S301208,O201074,SwiftGo,1,1,9.37
S301209,O203039,BlueLine,1,6,5.55
S301210,O201781,SwiftGo,1,1,7.28
S301211,O205791,AsiaCargo,1,7,7.07
S301212,O203262,SwiftGo,1,2,5.03
S301213,O200449,SwiftGo,1,1,6.01
S301214,O203707,ParcelPro,1,2,6.54
S301215,O205534,SwiftGo,1,2,8.07
S301216,O203091,SwiftGo,1,1,3.98
S301217,O204659,BlueLine,1,1,8.43
S301218,O204659,SwiftGo,2,1,6.59
S301219,O200096,AsiaCargo,1,6,3.9
S301220,O201026,BlueLine,1,5,7.28
S301221,O201991,SwiftGo,1,2,5.37
S301222,O203988,AsiaCargo,1,4,5.2
S301223,O204583,AsiaCargo,1,9,6.83
S301224,O203747,ParcelPro,1,4,28.29
S301225,O200031,SwiftGo,1,2,18.34
S301226,O203361,BlueLine,1,4,4.32
S301227,O205031,AsiaCargo,1,6,7.78
S301228,O205588,AsiaCargo,1,6,5.23
S301229,O204721,AsiaCargo,1,6,16.45
S301230,O203536,SwiftGo,1,2,3.49
S301231,O205933,BlueLine,1,5,5.05
S301232,O203075,ParcelPro,1,4,4.42
S301233,O201765,SwiftGo,1,4,7.16
S301234,O203197,BlueLine,1,5,6.77
S301235,O205284,ParcelPro,1,2,7.23
S301236,O202902,BlueLine,1,4,6.27
S301237,O203710,SwiftGo,1,1,7.9
S301238,O200247,BlueLine,1,4,7.15
S301239,O200247,BlueLine,2,4,5.71
S301240,O201322,BlueLine,1,4,6.23
S301241,O202341,ParcelPro,1,1,39.69
S301242,O202341,ParcelPro,2,2,38.38
S301243,O203307,BlueLine,1,5,5.17
S301244,O201384,AsiaCargo,1,3,5.46
S301245,O204234,SwiftGo,1,1,31.82
S301246,O202118,ParcelPro,1,4,5.36
S301247,O204151,BlueLine,1,5,5.94
S301248,O202188,BlueLine,1,4,5.88
S301249,O204593,SwiftGo,1,1,8.62
S301250,O203022,BlueLine,1,5,3.91
S301251,O200037,AsiaCargo,1,7,5.69
S301252,O202950,BlueLine,1,5,5.49
S301253,O200800,AsiaCargo,1,6,6.22
S301254,O202451,AsiaCargo,1,6,4.42
S301255,O202621,ParcelPro,1,2,3.92
S301256,O203196,SwiftGo,1,1,6.59
S301257,O201481,AsiaCargo,1,8,3.48
S301258,O201726,ParcelPro,1,3,26.95
S301259,O203853,BlueLine,1,5,3.73
S301260,O203853,ParcelPro,2,2,6.53
S301261,O201190,AsiaCargo,1,8,3.78
S301262,O204843,BlueLine,1,3,5.69
S301263,O201315,SwiftGo,1,2,5.46
S301264,O200338,ParcelPro,1,1,4.27
S301265,O205984,AsiaCargo,1,7,8.83
S301266,O205507,SwiftGo,1,1,5.32
S301267,O205507,SwiftGo,2,1,7.59
S301268,O205807,BlueLine,1,4,6.54
S301269,O201743,AsiaCargo,1,6,8.04
S301270,O204068,ParcelPro,1,2,5.58
S301271,O200834,AsiaCargo,1,8,5.34
S301272,O202924,ParcelPro,1,3,4.63
S301273,O202924,SwiftGo,2,2,5.74
S301274,O202727,SwiftGo,1,1,8.55
S301275,O200063,ParcelPro,1,1,14.22
S301276,O203662,AsiaCargo,1,4,5.2
S301277,O205204,SwiftGo,1,1,4.22
S301278,O204130,AsiaCargo,1,6,6.99
S301279,O205551,BlueLine,1,6,5.76
S301280,O203057,BlueLine,1,5,7.67
S301281,O203057,BlueLine,2,4,6.71
S301282,O203274,SwiftGo,1,1,36.92
S301283,O202744,BlueLine,1,4,4.78
S301284,O201359,SwiftGo,1,1,3.59
S301285,O202707,SwiftGo,1,2,8.03
S301286,O200862,SwiftGo,1,1,7.52
S301287,O203188,BlueLine,1,3,5.5
S301288,O202440,SwiftGo,1,2,2.07
S301289,O204607,BlueLine,1,6,9.41
S301290,O202241,AsiaCargo,1,5,26.25
S301291,O202241,SwiftGo,2,2,25.75
S301292,O200500,SwiftGo,1,2,3.88
S301293,O200526,BlueLine,1,4,6.45
S301294,O205744,AsiaCargo,1,7,3.88
S301295,O204082,SwiftGo,1,1,4.94
S301296,O200054,BlueLine,1,5,6.92
S301297,O205026,AsiaCargo,1,7,6.41
S301298,O201510,BlueLine,1,5,4.93
S301299,O205371,AsiaCargo,1,6,9.18
S301300,O203541,SwiftGo,1,1,4.14
S301301,O201099,AsiaCargo,1,6,5.22
S301302,O203065,SwiftGo,1,3,6.33
S301303,O200171,BlueLine,1,4,8.04
S301304,O201018,AsiaCargo,1,7,38.8
S301305,O203105,BlueLine,1,2,32.88
S301306,O205681,SwiftGo,1,1,5.81
S301307,O203387,SwiftGo,1,3,5.74
S301308,O205171,AsiaCargo,1,3,8.36
S301309,O202007,BlueLine,1,5,7.08
S301310,O200354,AsiaCargo,1,7,7.32
S301311,O202856,AsiaCargo,1,7,5.93
S301312,O205630,ParcelPro,1,3,7.44
S301313,O204736,BlueLine,1,7,9.11
S301314,O200326,BlueLine,1,6,4.06
S301315,O202281,SwiftGo,1,1,6.79
S301316,O203028,AsiaCargo,1,5,4.87
S301317,O201846,SwiftGo,1,2,5.91
S301318,O200425,SwiftGo,1,1,7.64
S301319,O202362,AsiaCargo,1,6,7.92
S301320,O202024,SwiftGo,1,1,5.62
S301321,O201814,AsiaCargo,1,4,6.28
S301322,O200722,SwiftGo,1,2,5.34
S301323,O203748,ParcelPro,1,5,7.42
S301324,O201001,SwiftGo,1,1,4.77
S301325,O200219,SwiftGo,1,3,4.84
S301326,O203997,BlueLine,1,1,5.81
S301327,O204916,BlueLine,1,5,4.94
S301328,O202841,BlueLine,1,4,3.56
S301329,O201273,SwiftGo,1,3,4.89
S301330,O202592,SwiftGo,1,2,6.43
S301331,O204668,AsiaCargo,1,7,8.64
S301332,O202890,AsiaCargo,1,4,5.55
S301333,O204837,AsiaCargo,1,5,5.82
S301334,O200349,BlueLine,1,4,2.04
S301335,O201780,ParcelPro,1,3,7.24
S301336,O204482,BlueLine,1,6,7.72
S301337,O203043,SwiftGo,1,1,8.56
S301338,O205212,BlueLine,1,5,6.48
S301339,O203689,SwiftGo,1,3,4.99
S301340,O201487,AsiaCargo,1,6,2.92
S301341,O201413,SwiftGo,1,2,39.09
S301342,O201412,ParcelPro,1,2,4.26
S301343,O201412,ParcelPro,2,3,7.99
S301344,O201910,SwiftGo,1,2,5.86
S301345,O200666,ParcelPro,1,4,3.71
S301346,O205762,AsiaCargo,1,6,2.03
S301347,O200319,BlueLine,1,4,9.41
S301348,O201029,BlueLine,1,5,7.66
S301349,O203974,ParcelPro,1,3,4.24
S301350,O203974,SwiftGo,2,2,4.36
S301351,O204165,SwiftGo,1,1,6.94
S301352,O201738,BlueLine,1,5,11.16
S301353,O200957,SwiftGo,1,1,3.26
S301354,O200957,AsiaCargo,2,5,3.11
S301355,O202508,SwiftGo,1,1,6.35
S301356,O200052,BlueLine,1,3,5.69
S301357,O205520,SwiftGo,1,2,5.56
S301358,O204558,SwiftGo,1,3,5.24
S301359,O200400,SwiftGo,1,1,4.44
S301360,O203755,SwiftGo,1,1,8.68
S301361,O203173,SwiftGo,1,3,6.44
S301362,O203032,SwiftGo,1,3,5.5
S301363,O205302,AsiaCargo,1,9,26.12
S301364,O202003,SwiftGo,1,4,5.37
S301365,O204550,SwiftGo,1,2,3.16
S301366,O201874,BlueLine,1,5,32.33
S301367,O202554,SwiftGo,1,1,5.6
S301368,O204971,BlueLine,1,7,6.46
S301369,O203949,SwiftGo,1,1,6.76
S301370,O201377,ParcelPro,1,2,7.18
S301371,O204520,AsiaCargo,1,5,8.83
S301372,O205246,BlueLine,1,5,7.25
S301373,O200977,SwiftGo,1,4,4.6
S301374,O202875,ParcelPro,1,1,4.58
S301375,O205745,SwiftGo,1,2,3.52
S301376,O205865,BlueLine,1,3,3.95
S301377,O202736,ParcelPro,1,4,6.73
S301378,O204235,SwiftGo,1,3,6.74
S301379,O205472,SwiftGo,1,1,5.94
S301380,O203290,BlueLine,1,4,5.48
S301381,O204102,SwiftGo,1,2,5.91
S301382,O205525,AsiaCargo,1,6,4.28
S301383,O201285,AsiaCargo,1,4,8.6
S301384,O205542,BlueLine,1,5,28.76
S301385,O201261,BlueLine,1,5,7.5
S301386,O203455,BlueLine,1,3,7.82
S301387,O205399,ParcelPro,1,2,5.94
S301388,O200386,SwiftGo,1,1,6.79
S301389,O204447,SwiftGo,1,1,2.88
S301390,O201998,SwiftGo,1,2,5.78
S301391,O204963,BlueLine,1,7,6.26
S301392,O203967,ParcelPro,1,2,5.87
S301393,O205415,SwiftGo,1,3,4.21
S301394,O202947,BlueLine,1,3,7.76
S301395,O202954,AsiaCargo,1,6,6.83
S301396,O201327,SwiftGo,1,4,5.61
S301397,O201327,BlueLine,2,1,5.52
S301398,O200855,AsiaCargo,1,7,6.69
S301399,O200101,ParcelPro,1,3,5.39
S301400,O205480,AsiaCargo,1,5,6.17
S301401,O200318,AsiaCargo,1,8,6.52
S301402,O204895,AsiaCargo,1,4,4.96
S301403,O200778,SwiftGo,1,4,29.29
S301404,O204056,SwiftGo,1,1,5.86
S301405,O203763,AsiaCargo,1,6,7.76
S301406,O203408,BlueLine,1,6,4.33
S301407,O200470,SwiftGo,1,1,3.25
S301408,O202761,AsiaCargo,1,5,4.62
S301409,O205876,ParcelPro,1,2,4.67
S301410,O200818,BlueLine,1,5,8.24
S301411,O200818,SwiftGo,2,4,7.33
S301412,O205943,SwiftGo,1,3,5.51
S301413,O202252,AsiaCargo,1,6,5.8
S301414,O202720,SwiftGo,1,2,6.95
S301415,O201218,BlueLine,1,3,5.29
S301416,O200859,AsiaCargo,1,6,5.83
S301417,O203266,SwiftGo,1,1,4.14
S301418,O202733,ParcelPro,1,4,37.72
S301419,O205236,AsiaCargo,1,6,8.39
S301420,O200450,AsiaCargo,1,6,9.16
S301421,O201661,SwiftGo,1,2,5.84
S301422,O205479,ParcelPro,1,3,4.83
S301423,O200467,SwiftGo,1,1,5.33
S301424,O200965,AsiaCargo,1,5,7.01
S301425,O202874,BlueLine,1,2,3.23
S301426,O203910,SwiftGo,1,4,3.9
S301427,O205501,BlueLine,1,4,7.8
S301428,O205941,BlueLine,1,6,6.8
S301429,O204840,AsiaCargo,1,4,7.85
S301430,O204840,ParcelPro,2,3,7.88
S301431,O204961,SwiftGo,1,3,1.26
S301432,O204324,BlueLine,1,2,20.44
S301433,O200554,BlueLine,1,4,8.48
S301434,O202076,BlueLine,1,5,7.88
S301435,O203982,ParcelPro,1,4,6.59
S301436,O204611,BlueLine,1,5,7.72
S301437,O201170,BlueLine,1,5,6.1
S301438,O205735,SwiftGo,1,1,4.05
S301439,O201441,SwiftGo,1,2,8.53
S301440,O203136,SwiftGo,1,1,5.94
S301441,O200211,ParcelPro,1,1,4.46
S301442,O201513,SwiftGo,1,1,10.49
S301443,O201513,BlueLine,2,6,8.88
S301444,O202605,SwiftGo,1,4,5.75
S301445,O203056,ParcelPro,1,2,6.54
S301446,O203519,BlueLine,1,3,4.43
S301447,O205040,AsiaCargo,1,6,9.28
S301448,O205040,BlueLine,2,7,3.66
S301449,O202553,BlueLine,1,6,4.12
S301450,O200422,ParcelPro,1,4,9.36
S301451,O202016,BlueLine,1,6,4.29
S301452,O204610,SwiftGo,1,1,18.89
S301453,O204870,ParcelPro,1,5,6.2
S301454,O204870,ParcelPro,2,3,5.53
S301455,O204606,BlueLine,1,3,7.08
S301456,O200631,AsiaCargo,1,7,34.84
S301457,O200631,BlueLine,2,4,32.54
S301458,O202757,SwiftGo,1,1,4.62
S301459,O203175,SwiftGo,1,1,2.82
S301460,O200984,SwiftGo,1,1,25.39
S301461,O205477,SwiftGo,1,3,6.89
S301462,O200138,SwiftGo,1,3,22.27
S301463,O201279,BlueLine,1,2,7.39
S301464,O201279,ParcelPro,2,3,5.37
S301465,O203767,SwiftGo,1,1,7.6
S301466,O203580,AsiaCargo,1,9,3.84
S301467,O201882,AsiaCargo,1,5,8.45
S301468,O200298,SwiftGo,1,2,4.05
S301469,O200497,BlueLine,1,6,6.49
S301470,O202186,AsiaCargo,1,4,9.33
S301471,O201419,SwiftGo,1,1,7.23
S301472,O203314,SwiftGo,1,4,5.67
S301473,O200420,SwiftGo,1,2,5.23
S301474,O203214,AsiaCargo,1,6,6.95
S301475,O200506,SwiftGo,1,1,3.36
S301476,O200506,BlueLine,2,4,5.18
S301477,O201791,BlueLine,1,2,6.4
S301478,O200440,ParcelPro,1,3,5.98
S301479,O205404,AsiaCargo,1,7,19.16
S301480,O205484,SwiftGo,1,2,7.98
S301481,O202615,SwiftGo,1,2,6.08
S301482,O200023,BlueLine,1,3,8.34
S301483,O201546,AsiaCargo,1,10,29.7
S301484,O201546,AsiaCargo,2,8,26.59
S301485,O202095,ParcelPro,1,2,4.77
S301486,O203491,AsiaCargo,1,7,4.09
S301487,O203303,SwiftGo,1,2,4.57
S301488,O204025,ParcelPro,1,3,7.02
S301489,O203651,SwiftGo,1,2,4.02
S301490,O200409,BlueLine,1,6,3.03
S301491,O200409,SwiftGo,2,1,5.4
S301492,O205759,SwiftGo,1,1,9.01
S301493,O200772,BlueLine,1,1,6.11
S301494,O205850,SwiftGo,1,2,4.15
S301495,O204076,SwiftGo,1,1,20.5
S301496,O204076,SwiftGo,2,1,21.89
S301497,O202728,BlueLine,1,4,2.61
S301498,O205264,SwiftGo,1,2,3.88
S301499,O202746,SwiftGo,1,2,6.03
S301500,O203537,BlueLine,1,4,9.29
S301501,O201761,AsiaCargo,1,4,6.44
S301502,O202766,SwiftGo,1,3,2.44
S301503,O202629,AsiaCargo,1,7,2.65
S301504,O204633,BlueLine,1,5,8.43
S301505,O200214,BlueLine,1,5,6.47
S301506,O201129,ParcelPro,1,4,3.26
S301507,O205185,BlueLine,1,5,7.19
S301508,O203670,ParcelPro,1,4,6.66
S301509,O205445,BlueLine,1,5,4.35
S301510,O203341,SwiftGo,1,2,5.95
S301511,O201701,ParcelPro,1,5,36.15
S301512,O203071,ParcelPro,1,3,5.43
S301513,O202284,BlueLine,1,4,29.4
S301514,O202572,AsiaCargo,1,6,26.39
S301515,O205684,BlueLine,1,4,19.11
S301516,O205684,SwiftGo,2,3,17.58
S301517,O202772,SwiftGo,1,2,6.45
S301518,O202832,ParcelPro,1,4,5.92
S301519,O204094,SwiftGo,1,2,4.55
S301520,O205255,BlueLine,1,3,7.28
S301521,O201313,AsiaCargo,1,7,5.25
S301522,O200596,ParcelPro,1,4,7.22
S301523,O203596,SwiftGo,1,2,7.46
S301524,O205158,AsiaCargo,1,8,5.59
S301525,O205657,AsiaCargo,1,6,3.66
S301526,O203529,AsiaCargo,1,5,1.93
S301527,O203881,SwiftGo,1,2,2.91
S301528,O200976,BlueLine,1,4,5.42
S301529,O201196,AsiaCargo,1,6,37.74
S301530,O200514,ParcelPro,1,2,4.85
S301531,O205049,SwiftGo,1,2,6.28
S301532,O204863,AsiaCargo,1,7,22.88
S301533,O204863,SwiftGo,2,2,22.06
S301534,O205349,SwiftGo,1,1,22.63
S301535,O205220,BlueLine,1,4,5.27
S301536,O200459,BlueLine,1,5,6.25
S301537,O203587,SwiftGo,1,1,6.35
S301538,O203977,BlueLine,1,5,4.21
S301539,O203977,SwiftGo,2,2,5.78
S301540,O203943,BlueLine,1,4,7.67
S301541,O203943,SwiftGo,2,2,6.41
S301542,O203595,SwiftGo,1,1,13.04
S301543,O205098,BlueLine,1,6,6.56
S301544,O200407,SwiftGo,1,3,4.58
S301545,O202162,SwiftGo,1,1,7.3
S301546,O203435,SwiftGo,1,2,6.66
S301547,O203020,SwiftGo,1,2,7.2
S301548,O205042,BlueLine,1,5,4.3
S301549,O201813,BlueLine,1,5,8.24
S301550,O203261,SwiftGo,1,3,6.54
S301551,O203649,BlueLine,1,3,5.04
S301552,O204898,ParcelPro,1,4,24.24
S301553,O203961,SwiftGo,1,1,5.89
S301554,O203330,AsiaCargo,1,5,7.22
S301555,O200080,BlueLine,1,4,2.97
S301556,O200941,BlueLine,1,5,8.09
S301557,O202726,ParcelPro,1,2,17.94
S301558,O202821,SwiftGo,1,1,4.97
S301559,O203449,SwiftGo,1,1,8.08
S301560,O204778,SwiftGo,1,3,6.63
S301561,O202677,ParcelPro,1,1,5.97
S301562,O200156,AsiaCargo,1,6,24.54
S301563,O203444,SwiftGo,1,1,29.3
S301564,O204255,BlueLine,1,4,7.02
S301565,O203484,ParcelPro,1,4,6.01
S301566,O203878,AsiaCargo,1,6,3.04
S301567,O204866,SwiftGo,1,3,37.78
S301568,O202809,BlueLine,1,4,6.66
S301569,O202809,BlueLine,2,4,4.52
S301570,O201396,SwiftGo,1,2,6.4
S301571,O203556,SwiftGo,1,2,7.53
S301572,O204769,SwiftGo,1,2,8.77
S301573,O201255,BlueLine,1,6,17.58
S301574,O202673,BlueLine,1,4,6.17
S301575,O201576,BlueLine,1,5,6.49
S301576,O203513,ParcelPro,1,3,7.54
S301577,O200003,AsiaCargo,1,6,7.43
S301578,O203320,SwiftGo,1,2,3.95
S301579,O202956,ParcelPro,1,4,3.32
S301580,O205911,SwiftGo,1,1,4.81
S301581,O203138,BlueLine,1,6,8.54
S301582,O203138,BlueLine,2,4,3.82
S301583,O201803,BlueLine,1,5,7.86
S301584,O204612,SwiftGo,1,2,7.59
S301585,O203253,BlueLine,1,3,4.31
S301586,O201897,BlueLine,1,4,3.01
S301587,O203007,SwiftGo,1,3,4.6
S301588,O205408,SwiftGo,1,3,5.87
S301589,O205587,AsiaCargo,1,6,6.98
S301590,O200624,BlueLine,1,2,6.91
S301591,O200624,AsiaCargo,2,8,5.41
S301592,O200107,AsiaCargo,1,6,6.03
S301593,O202831,BlueLine,1,4,1.21
S301594,O200188,SwiftGo,1,1,3.4
S301595,O200402,SwiftGo,1,1,4.15
S301596,O203417,ParcelPro,1,5,5.11
S301597,O202826,SwiftGo,1,1,5.39
S301598,O202158,AsiaCargo,1,6,2.68
S301599,O202464,BlueLine,1,6,4.6
S301600,O205835,ParcelPro,1,1,5.71
S301601,O200448,ParcelPro,1,4,36.71
S301602,O204618,SwiftGo,1,1,2.72
S301603,O201260,AsiaCargo,1,7,7.16
S301604,O203569,BlueLine,1,3,17.95
S301605,O202209,AsiaCargo,1,5,4.1
S301606,O202696,SwiftGo,1,1,5.0
S301607,O205895,ParcelPro,1,3,6.66
S301608,O204960,SwiftGo,1,2,20.65
S301609,O203271,BlueLine,1,5,8.22
S301610,O202220,BlueLine,1,4,6.28
S301611,O201319,SwiftGo,1,2,23.72
S301612,O201659,SwiftGo,1,1,4.07
S301613,O200586,AsiaCargo,1,9,4.25
S301614,O205025,SwiftGo,1,5,3.73
S301615,O204845,ParcelPro,1,5,6.23
S301616,O203141,AsiaCargo,1,6,6.26
S301617,O203141,AsiaCargo,2,4,6.29
S301618,O202392,SwiftGo,1,1,7.28
S301619,O201864,SwiftGo,1,2,21.64
S301620,O203732,SwiftGo,1,4,4.97
S301621,O201640,SwiftGo,1,1,9.0
S301622,O204107,BlueLine,1,2,7.26
S301623,O200519,SwiftGo,1,2,2.81
S301624,O205970,SwiftGo,1,1,5.71
S301625,O205970,SwiftGo,2,2,4.81
S301626,O200959,SwiftGo,1,1,6.62
S301627,O202987,ParcelPro,1,3,4.11
S301628,O205561,SwiftGo,1,1,7.11
S301629,O203547,BlueLine,1,2,3.98
S301630,O203771,SwiftGo,1,1,4.0
S301631,O203008,AsiaCargo,1,8,8.5
S301632,O203050,SwiftGo,1,2,7.16
S301633,O203652,SwiftGo,1,2,6.95
S301634,O203078,BlueLine,1,5,6.96
S301635,O200306,BlueLine,1,5,10.47
S301636,O204604,AsiaCargo,1,4,5.73
S301637,O201888,BlueLine,1,4,4.98
S301638,O203861,BlueLine,1,6,5.03
S301639,O204757,BlueLine,1,5,2.22
S301640,O201181,BlueLine,1,5,6.89
S301641,O202435,AsiaCargo,1,5,6.16
S301642,O200416,AsiaCargo,1,6,33.36
S301643,O202851,SwiftGo,1,2,7.29
S301644,O203985,BlueLine,1,4,5.85
S301645,O202998,SwiftGo,1,1,5.93
S301646,O202998,BlueLine,2,5,7.17
S301647,O204200,AsiaCargo,1,6,4.78
S301648,O200670,SwiftGo,1,1,5.86
S301649,O200454,BlueLine,1,5,9.77
S301650,O202021,AsiaCargo,1,6,5.02
S301651,O203648,BlueLine,1,5,7.25
S301652,O205117,SwiftGo,1,3,13.05
S301653,O200895,BlueLine,1,3,5.66
S301654,O201387,AsiaCargo,1,4,6.26
S301655,O204098,SwiftGo,1,1,6.26
S301656,O201340,SwiftGo,1,1,33.53
S301657,O204054,BlueLine,1,3,36.65
S301658,O204038,SwiftGo,1,2,5.97
S301659,O200177,AsiaCargo,1,7,4.52
S301660,O203727,AsiaCargo,1,7,3.54
S301661,O204697,SwiftGo,1,1,9.4
S301662,O204468,SwiftGo,1,2,8.07
S301663,O204862,BlueLine,1,3,5.53
S301664,O205492,SwiftGo,1,6,7.13
S301665,O204572,AsiaCargo,1,7,7.79
S301666,O200515,BlueLine,1,2,4.89
S301667,O204839,SwiftGo,1,3,3.85
S301668,O204240,BlueLine,1,4,5.45
S301669,O205326,AsiaCargo,1,5,38.58
S301670,O201700,ParcelPro,1,4,5.05
S301671,O200075,SwiftGo,1,3,26.15
S301672,O200075,BlueLine,2,6,31.24
S301673,O202584,AsiaCargo,1,7,32.95
S301674,O204349,SwiftGo,1,1,7.48
S301675,O200809,SwiftGo,1,1,8.69
S301676,O200809,ParcelPro,2,3,6.22
S301677,O204007,SwiftGo,1,2,4.92
S301678,O205867,SwiftGo,1,2,5.5
S301679,O202682,AsiaCargo,1,4,5.21
S301680,O200077,ParcelPro,1,3,6.24
S301681,O200370,AsiaCargo,1,7,24.57
S301682,O204422,ParcelPro,1,3,33.59
S301683,O205703,ParcelPro,1,2,4.35
S301684,O203742,ParcelPro,1,1,6.93
S301685,O202357,ParcelPro,1,3,4.94
S301686,O202357,AsiaCargo,2,7,5.05
S301687,O205596,SwiftGo,1,1,4.66
S301688,O205966,AsiaCargo,1,7,5.19
S301689,O205966,SwiftGo,2,3,4.69
S301690,O202372,BlueLine,1,3,3.9
S301691,O200401,ParcelPro,1,4,1.72
S301692,O203207,BlueLine,1,6,6.27
S301693,O205968,BlueLine,1,7,6.37
S301694,O205879,BlueLine,1,4,20.73
S301695,O205879,BlueLine,2,5,18.7
S301696,O203507,AsiaCargo,1,6,6.37
S301697,O204591,BlueLine,1,3,6.34
S301698,O201941,AsiaCargo,1,7,8.42
S301699,O204050,BlueLine,1,3,3.58
S301700,O205716,SwiftGo,1,2,3.13
S301701,O203512,BlueLine,1,6,3.71
S301702,O203193,BlueLine,1,4,6.46
S301703,O200491,SwiftGo,1,1,19.09
S301704,O204528,AsiaCargo,1,4,3.73
S301705,O203391,BlueLine,1,4,4.28
S301706,O200494,BlueLine,1,4,7.06
S301707,O205861,SwiftGo,1,1,8.06
S301708,O204516,AsiaCargo,1,7,6.22
S301709,O204772,BlueLine,1,7,5.22
S301710,O204484,BlueLine,1,3,4.74
S301711,O200955,SwiftGo,1,2,5.61
S301712,O203802,SwiftGo,1,2,4.52
S301713,O202238,SwiftGo,1,2,9.56
S301714,O201317,ParcelPro,1,3,5.06
S301715,O201372,BlueLine,1,7,5.0
S301716,O201068,BlueLine,1,5,2.85
S301717,O201068,BlueLine,2,4,5.34
S301718,O202750,ParcelPro,1,2,8.27
S301719,O205104,BlueLine,1,7,11.66
S301720,O205201,ParcelPro,1,3,5.09
S301721,O200692,BlueLine,1,5,7.34
S301722,O204827,BlueLine,1,4,5.85
S301723,O204011,BlueLine,1,3,7.06
S301724,O204966,BlueLine,1,2,7.41
S301725,O200570,AsiaCargo,1,8,7.03
S301726,O201097,ParcelPro,1,4,7.57
S301727,O203592,SwiftGo,1,1,8.03
S301728,O201046,ParcelPro,1,3,6.59
S301729,O201989,SwiftGo,1,3,4.17
S301730,O204887,ParcelPro,1,3,2.75
S301731,O203433,BlueLine,1,4,6.72
S301732,O201734,AsiaCargo,1,6,6.98
S301733,O204073,ParcelPro,1,4,6.75
S301734,O205699,BlueLine,1,5,5.41
S301735,O204578,BlueLine,1,4,2.92
S301736,O200429,BlueLine,1,5,7.27
S301737,O200429,SwiftGo,2,1,6.5
S301738,O201915,SwiftGo,1,1,5.4
S301739,O201493,SwiftGo,1,1,4.77
S301740,O205357,SwiftGo,1,1,3.75
S301741,O204864,BlueLine,1,5,5.79
S301742,O205088,ParcelPro,1,3,5.01
S301743,O205638,SwiftGo,1,2,7.06
S301744,O200796,BlueLine,1,5,4.78
S301745,O200796,ParcelPro,2,3,6.01
S301746,O202143,BlueLine,1,3,37.29
S301747,O202013,SwiftGo,1,2,4.83
S301748,O202455,SwiftGo,1,3,6.86
S301749,O201066,AsiaCargo,1,6,5.71
S301750,O203750,SwiftGo,1,1,1.64
S301751,O203750,SwiftGo,2,1,5.68
S301752,O204534,ParcelPro,1,2,6.27
S301753,O205568,SwiftGo,1,1,4.0
S301754,O203001,SwiftGo,1,3,8.77
S301755,O201880,ParcelPro,1,4,36.12
S301756,O205294,BlueLine,1,4,3.78
S301757,O202914,AsiaCargo,1,6,4.07
S301758,O202741,SwiftGo,1,1,6.44
S301759,O203634,BlueLine,1,3,5.73
S301760,O203687,SwiftGo,1,4,6.96
S301761,O201595,SwiftGo,1,1,5.42
S301762,O200059,SwiftGo,1,1,32.95
S301763,O204739,SwiftGo,1,3,36.32
S301764,O204739,AsiaCargo,2,3,35.86
S301765,O205846,SwiftGo,1,1,1.36
S301766,O205846,AsiaCargo,2,6,4.83
S301767,O201925,SwiftGo,1,2,6.39
S301768,O200924,AsiaCargo,1,7,7.99
S301769,O204661,SwiftGo,1,1,5.4
S301770,O200844,SwiftGo,1,2,4.3
S301771,O200587,ParcelPro,1,2,5.94
S301772,O205755,ParcelPro,1,1,9.1
S301773,O201955,AsiaCargo,1,6,4.14
S301774,O203456,BlueLine,1,5,2.99
S301775,O203495,AsiaCargo,1,8,7.85
S301776,O202037,SwiftGo,1,1,6.9
S301777,O204248,SwiftGo,1,3,6.5
S301778,O202460,SwiftGo,1,1,6.04
S301779,O204231,AsiaCargo,1,6,31.17
S301780,O201406,BlueLine,1,5,14.65
S301781,O202732,AsiaCargo,1,6,6.92
S301782,O201567,BlueLine,1,5,6.72
S301783,O204522,BlueLine,1,6,4.39
S301784,O202097,ParcelPro,1,4,5.12
S301785,O205439,ParcelPro,1,5,36.91
S301786,O204647,BlueLine,1,4,17.74
S301787,O202997,BlueLine,1,6,1.94
S301788,O202009,BlueLine,1,2,7.96
S301789,O202009,AsiaCargo,2,8,5.55
S301790,O203185,SwiftGo,1,1,8.94
S301791,O203235,AsiaCargo,1,6,4.17
S301792,O204954,ParcelPro,1,3,6.94
S301793,O205161,SwiftGo,1,1,6.75
S301794,O203775,BlueLine,1,5,4.73
S301795,O200960,AsiaCargo,1,7,5.7
S301796,O201727,SwiftGo,1,2,35.58
S301797,O205344,SwiftGo,1,1,4.74
S301798,O201900,SwiftGo,1,3,4.6
S301799,O201223,ParcelPro,1,2,8.77
S301800,O201541,SwiftGo,1,1,5.81
S301801,O204775,BlueLine,1,3,6.11
S301802,O205463,AsiaCargo,1,11,5.69
S301803,O201049,BlueLine,1,5,4.27
S301804,O200263,BlueLine,1,4,21.95
S301805,O204471,AsiaCargo,1,7,4.1
S301806,O203073,ParcelPro,1,2,17.63
S301807,O201386,AsiaCargo,1,5,6.4
S301808,O201386,SwiftGo,2,2,5.17
S301809,O204423,BlueLine,1,6,4.23
S301810,O204489,AsiaCargo,1,5,3.96
S301811,O202330,BlueLine,1,4,8.89
S301812,O200847,AsiaCargo,1,7,6.71
S301813,O205967,AsiaCargo,1,9,8.16
S301814,O203268,SwiftGo,1,3,8.32
S301815,O201471,BlueLine,1,5,5.73
S301816,O201471,SwiftGo,2,2,5.43
S301817,O205387,SwiftGo,1,4,5.07
S301818,O205909,SwiftGo,1,3,29.72
S301819,O204126,BlueLine,1,5,6.83
S301820,O201160,AsiaCargo,1,5,7.78
S301821,O201736,AsiaCargo,1,4,9.46
S301822,O201024,SwiftGo,1,1,7.49
S301823,O204688,SwiftGo,1,2,6.74
S301824,O204741,SwiftGo,1,1,5.86
S301825,O200157,AsiaCargo,1,8,5.11
S301826,O205892,BlueLine,1,2,5.94
S301827,O201892,SwiftGo,1,1,4.94
S301828,O201855,SwiftGo,1,1,6.5
S301829,O200137,SwiftGo,1,4,5.75
S301830,O202775,BlueLine,1,5,5.91
S301831,O202072,SwiftGo,1,3,6.84
S301832,O203390,SwiftGo,1,3,5.72
S301833,O203526,BlueLine,1,5,3.33
S301834,O203186,SwiftGo,1,4,8.19
S301835,O200738,AsiaCargo,1,6,8.46
S301836,O200738,ParcelPro,2,5,9.42
S301837,O202945,SwiftGo,1,2,5.39
S301838,O201735,SwiftGo,1,3,7.05
S301839,O205291,AsiaCargo,1,9,6.22
S301840,O202581,ParcelPro,1,4,6.41
S301841,O203034,SwiftGo,1,1,8.79
S301842,O204110,AsiaCargo,1,8,6.31
S301843,O200725,SwiftGo,1,1,6.83
S301844,O200502,BlueLine,1,5,7.37
S301845,O203942,SwiftGo,1,1,2.84
S301846,O201494,BlueLine,1,5,8.79
S301847,O202265,BlueLine,1,5,5.18
S301848,O200183,BlueLine,1,4,14.18
S301849,O205834,SwiftGo,1,2,6.87
S301850,O202184,ParcelPro,1,1,2.66
S301851,O202608,BlueLine,1,5,10.41
S301852,O205392,BlueLine,1,5,9.37
S301853,O200456,SwiftGo,1,2,10.89
S301854,O200969,SwiftGo,1,1,40.76
S301855,O202708,BlueLine,1,5,19.92
S301856,O205140,BlueLine,1,5,7.33
S301857,O205142,SwiftGo,1,2,5.55
S301858,O203623,SwiftGo,1,2,6.35
S301859,O202988,AsiaCargo,1,5,4.65
S301860,O201571,SwiftGo,1,2,5.98
S301861,O202996,AsiaCargo,1,5,1.89
S301862,O201559,BlueLine,1,5,5.93
S301863,O201564,AsiaCargo,1,5,2.23
S301864,O203137,ParcelPro,1,2,3.27
S301865,O201240,BlueLine,1,4,8.96
S301866,O203698,ParcelPro,1,3,4.7
S301867,O203598,SwiftGo,1,1,4.62
S301868,O203631,SwiftGo,1,1,6.88
S301869,O201889,SwiftGo,1,2,8.89
S301870,O201887,BlueLine,1,3,5.57
S301871,O205481,ParcelPro,1,3,8.44
S301872,O204725,BlueLine,1,4,6.29
S301873,O203134,SwiftGo,1,1,4.7
S301874,O200701,BlueLine,1,4,6.32
S301875,O202210,BlueLine,1,6,4.88
S301876,O200802,BlueLine,1,4,5.77
S301877,O201822,SwiftGo,1,3,4.54
S301878,O205691,ParcelPro,1,4,6.62
S301879,O201125,BlueLine,1,5,5.21
S301880,O203712,SwiftGo,1,1,5.96
S301881,O200040,BlueLine,1,3,6.75
S301882,O202704,BlueLine,1,4,5.01
S301883,O204894,AsiaCargo,1,8,4.44
S301884,O201360,AsiaCargo,1,6,6.14
S301885,O201522,SwiftGo,1,1,5.06
S301886,O200165,BlueLine,1,5,6.11
S301887,O203811,BlueLine,1,3,36.68
S301888,O203811,ParcelPro,2,3,35.07
S301889,O200962,AsiaCargo,1,7,5.64
S301890,O200979,SwiftGo,1,3,7.19
S301891,O203215,BlueLine,1,3,5.61
S301892,O201656,SwiftGo,1,3,7.41
S301893,O204400,AsiaCargo,1,6,7.89
S301894,O200089,SwiftGo,1,2,40.0
S301895,O202207,BlueLine,1,3,6.3
S301896,O202207,AsiaCargo,2,5,6.13
S301897,O204910,SwiftGo,1,2,6.41
S301898,O201784,BlueLine,1,5,6.54
S301899,O200612,BlueLine,1,5,5.29
S301900,O203397,SwiftGo,1,2,6.76
S301901,O200316,ParcelPro,1,5,5.15
S301902,O200316,SwiftGo,2,1,5.83
S301903,O204715,AsiaCargo,1,6,6.43
S301904,O204457,ParcelPro,1,2,6.4
S301905,O200739,SwiftGo,1,1,25.16
S301906,O201124,BlueLine,1,7,4.33
S301907,O202034,BlueLine,1,3,5.89
S301908,O202542,SwiftGo,1,1,7.68
S301909,O203250,BlueLine,1,4,3.48
S301910,O203774,SwiftGo,1,3,7.12
S301911,O201597,BlueLine,1,4,3.42
S301912,O204275,BlueLine,1,2,5.18
S301913,O202312,SwiftGo,1,3,3.55
S301914,O200432,SwiftGo,1,1,6.57
S301915,O201948,ParcelPro,1,2,6.82
S301916,O200423,BlueLine,1,4,7.29
S301917,O201107,BlueLine,1,4,5.65
S301918,O204427,BlueLine,1,1,12.21
S301919,O203038,AsiaCargo,1,5,6.61
S301920,O205693,AsiaCargo,1,8,19.39
S301921,O203099,SwiftGo,1,1,4.59
S301922,O203162,SwiftGo,1,1,6.51
S301923,O200399,SwiftGo,1,2,6.79
S301924,O204287,SwiftGo,1,1,3.71
S301925,O202077,AsiaCargo,1,9,4.78
S301926,O200706,AsiaCargo,1,7,2.77
S301927,O201691,ParcelPro,1,1,5.43
S301928,O205218,SwiftGo,1,2,4.72
S301929,O204934,SwiftGo,1,2,6.02
S301930,O204327,AsiaCargo,1,7,3.62
S301931,O205229,BlueLine,1,5,8.55
S301932,O203889,ParcelPro,1,2,4.89
S301933,O203540,AsiaCargo,1,7,5.89
S301934,O204116,BlueLine,1,5,6.52
S301935,O203140,SwiftGo,1,2,4.81
S301936,O205707,AsiaCargo,1,5,3.79
S301937,O201902,BlueLine,1,4,5.2
S301938,O205503,ParcelPro,1,1,25.57
S301939,O204891,BlueLine,1,6,7.59
S301940,O200751,AsiaCargo,1,6,4.44
S301941,O203272,BlueLine,1,4,5.43
S301942,O202669,ParcelPro,1,5,4.75
S301943,O201626,ParcelPro,1,4,3.22
S301944,O205701,AsiaCargo,1,6,7.39
S301945,O202551,SwiftGo,1,4,3.84
S301946,O205898,AsiaCargo,1,4,3.07
S301947,O202638,ParcelPro,1,4,23.55
S301948,O204793,SwiftGo,1,2,4.13
S301949,O204793,BlueLine,2,6,3.81
S301950,O202382,SwiftGo,1,2,7.3
S301951,O204998,BlueLine,1,6,28.56
S301952,O203795,SwiftGo,1,1,2.8
S301953,O204846,ParcelPro,1,4,7.81
S301954,O200030,ParcelPro,1,1,4.64
S301955,O202619,BlueLine,1,5,4.17
S301956,O205853,AsiaCargo,1,6,3.49
S301957,O201976,ParcelPro,1,2,5.85
S301958,O201363,SwiftGo,1,3,25.15
S301959,O200492,SwiftGo,1,4,3.8
S301960,O200110,BlueLine,1,3,5.72
S301961,O202740,ParcelPro,1,3,7.89
S301962,O201004,SwiftGo,1,1,6.88
S301963,O201442,AsiaCargo,1,5,4.64
S301964,O202747,AsiaCargo,1,6,4.24
S301965,O205406,SwiftGo,1,2,2.36
S301966,O201014,ParcelPro,1,6,6.65
S301967,O205006,BlueLine,1,3,4.91
S301968,O203159,AsiaCargo,1,9,5.99
S301969,O204326,SwiftGo,1,3,6.61
S301970,O203527,AsiaCargo,1,5,32.98
S301971,O201388,SwiftGo,1,2,30.66
S301972,O200036,SwiftGo,1,3,4.61
S301973,O203833,BlueLine,1,4,6.51
S301974,O205804,ParcelPro,1,3,10.22
S301975,O202933,ParcelPro,1,5,4.2
S301976,O203384,BlueLine,1,4,3.77
S301977,O200167,AsiaCargo,1,6,6.86
S301978,O200496,SwiftGo,1,2,7.55
S301979,O201592,SwiftGo,1,3,2.95
S301980,O205732,SwiftGo,1,2,7.73
S301981,O205543,AsiaCargo,1,5,1.57
S301982,O202595,BlueLine,1,4,6.43
S301983,O201768,SwiftGo,1,2,2.82
S301984,O201462,BlueLine,1,4,5.67
S301985,O200702,ParcelPro,1,2,7.77
S301986,O205983,SwiftGo,1,1,4.11
S301987,O205951,AsiaCargo,1,8,6.98
S301988,O202569,SwiftGo,1,2,29.71
S301989,O204119,ParcelPro,1,3,2.88
S301990,O204996,ParcelPro,1,5,6.61
S301991,O204445,BlueLine,1,2,4.73
S301992,O203375,BlueLine,1,4,5.35
S301993,O203375,SwiftGo,2,1,2.81
S301994,O204256,AsiaCargo,1,6,4.71
S301995,O204266,AsiaCargo,1,7,5.89
S301996,O202062,BlueLine,1,3,3.95
S301997,O202256,SwiftGo,1,2,20.39
S301998,O202853,BlueLine,1,4,3.6
S301999,O204046,ParcelPro,1,3,5.29
S302000,O200910,SwiftGo,1,1,2.79
S302001,O202589,SwiftGo,1,2,4.42
S302002,O201210,AsiaCargo,1,5,33.69
S302003,O202436,BlueLine,1,5,7.99
S302004,O205952,SwiftGo,1,2,36.16
S302005,O204383,AsiaCargo,1,6,5.76
S302006,O200839,BlueLine,1,4,35.86
S302007,O204090,SwiftGo,1,3,6.43
S302008,O204753,BlueLine,1,4,6.76
S302009,O201354,ParcelPro,1,2,6.94
S302010,O200389,BlueLine,1,3,3.34
S302011,O201514,AsiaCargo,1,5,4.99
S302012,O200168,AsiaCargo,1,5,5.86
S302013,O205930,ParcelPro,1,4,3.38
S302014,O200755,SwiftGo,1,1,6.98
S302015,O200289,BlueLine,1,5,4.92
S302016,O200289,ParcelPro,2,5,7.37
S302017,O202969,AsiaCargo,1,5,6.97
S302018,O201216,SwiftGo,1,1,3.97
S302019,O201238,BlueLine,1,4,6.8
S302020,O201055,AsiaCargo,1,5,20.42
S302021,O200342,BlueLine,1,5,4.82
S302022,O203509,BlueLine,1,6,4.31
S302023,O203145,SwiftGo,1,3,18.49
S302024,O200811,SwiftGo,1,1,7.18
S302025,O201391,SwiftGo,1,2,7.72
S302026,O200169,SwiftGo,1,1,13.07
S302027,O204524,SwiftGo,1,3,25.1
S302028,O202297,SwiftGo,1,2,8.78
S302029,O200657,SwiftGo,1,2,3.77
S302030,O202689,SwiftGo,1,2,7.0
S302031,O205794,ParcelPro,1,3,7.42
S302032,O203294,AsiaCargo,1,8,16.38
S302033,O201269,BlueLine,1,4,3.99
S302034,O200793,ParcelPro,1,4,4.53
S302035,O205705,SwiftGo,1,2,33.69
S302036,O202545,BlueLine,1,4,6.0
S302037,O201750,BlueLine,1,5,5.04
S302038,O205313,BlueLine,1,5,5.95
S302039,O201670,ParcelPro,1,4,6.76
S302040,O203132,SwiftGo,1,2,5.79
S302041,O204806,ParcelPro,1,4,5.2
S302042,O202789,SwiftGo,1,2,6.93
S302043,O202301,AsiaCargo,1,7,6.56
S302044,O202676,AsiaCargo,1,8,6.79
S302045,O200123,SwiftGo,1,2,6.41
S302046,O203108,SwiftGo,1,4,4.93
S302047,O205884,BlueLine,1,4,7.56
S302048,O200057,BlueLine,1,5,3.92
S302049,O203970,SwiftGo,1,2,6.99
S302050,O204714,BlueLine,1,4,8.57
S302051,O203586,AsiaCargo,1,8,4.42
S302052,O201075,AsiaCargo,1,5,5.86
S302053,O203009,AsiaCargo,1,5,8.0
S302054,O200840,SwiftGo,1,3,1.82
S302055,O201265,AsiaCargo,1,9,7.56
S302056,O205645,SwiftGo,1,4,6.49
S302057,O202033,AsiaCargo,1,7,4.7
S302058,O202854,BlueLine,1,3,7.25
S302059,O204113,BlueLine,1,6,6.35
S302060,O205605,ParcelPro,1,3,5.95
S302061,O201501,SwiftGo,1,1,4.35
S302062,O203792,BlueLine,1,5,4.34
S302063,O205635,SwiftGo,1,1,38.9
S302064,O201819,SwiftGo,1,3,24.23
S302065,O203243,SwiftGo,1,4,5.06
S302066,O201949,BlueLine,1,5,3.27
S302067,O204170,BlueLine,1,6,5.55
S302068,O202246,AsiaCargo,1,7,4.76
S302069,O204833,SwiftGo,1,1,7.28
S302070,O205119,SwiftGo,1,4,8.12
S302071,O205998,SwiftGo,1,4,7.31
S302072,O201343,AsiaCargo,1,6,4.35
S302073,O203644,BlueLine,1,3,32.88
S302074,O205467,ParcelPro,1,3,8.55
S302075,O201924,AsiaCargo,1,4,5.05
S302076,O203958,SwiftGo,1,4,8.8
S302077,O203958,SwiftGo,2,2,9.34
S302078,O204502,AsiaCargo,1,6,15.29
S302079,O200193,SwiftGo,1,2,4.95
S302080,O204117,SwiftGo,1,4,7.31
S302081,O202099,ParcelPro,1,5,4.27
S302082,O203794,SwiftGo,1,2,2.9
S302083,O204320,BlueLine,1,3,5.89
S302084,O202219,BlueLine,1,5,7.37
S302085,O200679,BlueLine,1,6,4.53
S302086,O204504,SwiftGo,1,2,6.18
S302087,O200232,SwiftGo,1,1,5.6
S302088,O202580,SwiftGo,1,1,8.8
S302089,O203685,AsiaCargo,1,5,3.91
S302090,O200694,BlueLine,1,4,4.67
S302091,O204590,SwiftGo,1,1,6.68
S302092,O202685,AsiaCargo,1,7,4.55
S302093,O202053,SwiftGo,1,1,26.44
S302094,O204183,ParcelPro,1,1,6.9
S302095,O200336,BlueLine,1,3,7.68
S302096,O200336,SwiftGo,2,1,6.02
S302097,O202734,ParcelPro,1,4,40.22
S302098,O201508,AsiaCargo,1,6,6.11
S302099,O202431,SwiftGo,1,4,35.8
S302100,O200983,BlueLine,1,2,5.29
S302101,O204515,ParcelPro,1,1,7.71
S302102,O203451,SwiftGo,1,1,5.06
S302103,O203601,BlueLine,1,4,4.99
S302104,O203066,SwiftGo,1,1,1.97
S302105,O203066,BlueLine,2,3,4.65
S302106,O203336,ParcelPro,1,3,7.12
S302107,O203119,AsiaCargo,1,8,6.34
S302108,O205240,ParcelPro,1,2,4.05
S302109,O205427,AsiaCargo,1,6,6.43
S302110,O200008,SwiftGo,1,1,5.59
S302111,O200008,SwiftGo,2,2,5.14
S302112,O204886,AsiaCargo,1,6,7.03
S302113,O205060,SwiftGo,1,1,5.56
S302114,O200710,SwiftGo,1,1,7.26
S302115,O201407,SwiftGo,1,2,5.59
S302116,O201311,SwiftGo,1,1,6.85
S302117,O205670,ParcelPro,1,3,5.29
S302118,O200153,SwiftGo,1,1,19.33
S302119,O201583,SwiftGo,1,1,4.41
S302120,O204364,BlueLine,1,5,5.02
S302121,O205847,SwiftGo,1,1,4.85
S302122,O205383,BlueLine,1,2,5.95
S302123,O203909,BlueLine,1,1,10.74
S302124,O203813,SwiftGo,1,2,5.3
S302125,O202634,AsiaCargo,1,7,5.69
S302126,O202492,BlueLine,1,5,34.15
S302127,O201584,ParcelPro,1,3,1.6
S302128,O204855,ParcelPro,1,5,4.25
S302129,O202494,BlueLine,1,4,3.13
S302130,O201579,BlueLine,1,3,5.63
S302131,O204669,BlueLine,1,4,34.52
S302132,O203900,SwiftGo,1,2,8.75
S302133,O205763,SwiftGo,1,2,5.42
S302134,O201704,AsiaCargo,1,7,1.45
S302135,O205061,SwiftGo,1,4,8.63
S302136,O204594,BlueLine,1,3,7.85
S302137,O203830,AsiaCargo,1,7,7.97
S302138,O204859,BlueLine,1,5,7.38
S302139,O204859,BlueLine,2,4,5.96
S302140,O202303,SwiftGo,1,4,4.78
S302141,O201702,BlueLine,1,6,6.19
S302142,O200043,BlueLine,1,4,5.58
S302143,O205888,AsiaCargo,1,7,6.93
S302144,O203289,ParcelPro,1,1,3.78
S302145,O200419,BlueLine,1,4,3.13
S302146,O201524,ParcelPro,1,3,6.23
S302147,O205028,BlueLine,1,4,5.48
S302148,O200945,SwiftGo,1,3,5.14
S302149,O200159,SwiftGo,1,2,5.48
S302150,O202647,SwiftGo,1,1,5.75
S302151,O204177,ParcelPro,1,3,7.26
S302152,O201272,ParcelPro,1,5,7.18
S302153,O203116,AsiaCargo,1,8,3.87
S302154,O205552,SwiftGo,1,3,3.44
S302155,O200126,SwiftGo,1,4,6.55
S302156,O204499,BlueLine,1,4,2.87
S302157,O201940,AsiaCargo,1,5,12.85
S302158,O205704,BlueLine,1,6,5.94
S302159,O205704,BlueLine,2,6,7.17
S302160,O205005,ParcelPro,1,2,5.64
S302161,O205226,SwiftGo,1,1,8.96
S302162,O200299,BlueLine,1,4,5.37
S302163,O200299,ParcelPro,2,4,7.52
S302164,O201331,AsiaCargo,1,8,25.05
S302165,O201604,SwiftGo,1,2,5.66
S302166,O203955,SwiftGo,1,2,7.41
S302167,O200293,AsiaCargo,1,4,3.99
S302168,O201623,SwiftGo,1,1,2.94
S302169,O205139,SwiftGo,1,2,3.14
S302170,O201748,SwiftGo,1,2,4.68
S302171,O204761,ParcelPro,1,5,5.92
S302172,O204761,SwiftGo,2,3,5.3
S302173,O200265,BlueLine,1,5,6.54
S302174,O200841,SwiftGo,1,2,4.72
S302175,O203191,AsiaCargo,1,7,2.97
S302176,O203191,BlueLine,2,5,3.63
S302177,O201203,BlueLine,1,5,8.74
S302178,O205059,AsiaCargo,1,6,8.89
S302179,O201411,SwiftGo,1,1,8.86
S302180,O205238,ParcelPro,1,2,8.15
S302181,O202948,SwiftGo,1,2,39.53
S302182,O201593,SwiftGo,1,1,4.52
S302183,O201593,ParcelPro,2,4,5.39
S302184,O201106,SwiftGo,1,1,8.68
S302185,O202377,AsiaCargo,1,8,6.28
S302186,O204601,AsiaCargo,1,5,6.39
S302187,O203423,AsiaCargo,1,6,17.37
S302188,O201769,AsiaCargo,1,6,24.37
S302189,O202011,SwiftGo,1,1,7.97
S302190,O202527,AsiaCargo,1,6,8.17
S302191,O204478,SwiftGo,1,2,17.66
S302192,O200662,SwiftGo,1,3,9.0
S302193,O203808,SwiftGo,1,1,1.99
S302194,O204008,AsiaCargo,1,6,7.32
S302195,O204644,AsiaCargo,1,7,7.88
S302196,O203716,SwiftGo,1,1,5.75
S302197,O200202,ParcelPro,1,3,4.53
S302198,O205422,SwiftGo,1,4,37.69
S302199,O204357,BlueLine,1,4,16.9
S302200,O203923,AsiaCargo,1,8,6.75
S302201,O204706,ParcelPro,1,2,4.23
S302202,O204738,SwiftGo,1,1,4.34
S302203,O205391,SwiftGo,1,1,7.27
S302204,O203548,BlueLine,1,7,4.9
S302205,O201885,BlueLine,1,5,7.92
S302206,O201456,BlueLine,1,5,24.61
S302207,O200071,BlueLine,1,6,10.02
S302208,O200341,ParcelPro,1,4,8.36
S302209,O205163,ParcelPro,1,4,4.7
S302210,O200948,SwiftGo,1,1,4.44
S302211,O201083,BlueLine,1,4,7.09
S302212,O202829,SwiftGo,1,3,5.34
S302213,O201469,ParcelPro,1,4,6.67
S302214,O203126,AsiaCargo,1,7,30.9
S302215,O201758,AsiaCargo,1,5,6.38
S302216,O205248,AsiaCargo,1,5,35.61
S302217,O205918,SwiftGo,1,3,5.24
S302218,O201963,AsiaCargo,1,6,7.18
S302219,O204723,SwiftGo,1,5,4.79
S302220,O202918,BlueLine,1,5,7.01
S302221,O202617,SwiftGo,1,4,7.4
S302222,O201762,AsiaCargo,1,6,28.53
S302223,O201762,BlueLine,2,5,27.42
S302224,O205613,SwiftGo,1,1,6.78
S302225,O200257,BlueLine,1,4,8.44
S302226,O201291,BlueLine,1,4,6.24
S302227,O201041,SwiftGo,1,4,6.47
S302228,O203928,AsiaCargo,1,6,3.41
S302229,O203440,SwiftGo,1,2,4.11
S302230,O200282,SwiftGo,1,3,5.43
S302231,O205173,BlueLine,1,3,7.06
S302232,O202657,SwiftGo,1,1,4.93
S302233,O205769,SwiftGo,1,2,5.64
S302234,O203543,BlueLine,1,5,5.21
S302235,O202913,AsiaCargo,1,7,4.17
S302236,O202973,SwiftGo,1,3,7.18
S302237,O200195,ParcelPro,1,5,3.18
S302238,O200195,ParcelPro,2,3,6.49
S302239,O205092,SwiftGo,1,1,8.97
S302240,O203110,BlueLine,1,4,9.22
S302241,O205814,BlueLine,1,6,4.85
S302242,O203740,BlueLine,1,2,21.73
S302243,O203224,BlueLine,1,5,6.48
S302244,O200239,ParcelPro,1,5,7.52
S302245,O204708,SwiftGo,1,1,4.7
S302246,O201594,SwiftGo,1,4,7.03
S302247,O202326,AsiaCargo,1,4,6.16
S302248,O205616,SwiftGo,1,1,32.33
S302249,O204967,SwiftGo,1,1,16.73
S302250,O203642,AsiaCargo,1,8,6.64
S302251,O205022,SwiftGo,1,1,5.01
S302252,O201787,BlueLine,1,5,7.54
S302253,O205821,BlueLine,1,3,5.5
S302254,O202818,BlueLine,1,2,1.6
S302255,O202818,AsiaCargo,2,6,5.57
S302256,O204458,SwiftGo,1,1,7.73
S302257,O204458,SwiftGo,2,3,4.18
S302258,O201206,SwiftGo,1,1,7.38
S302259,O205843,BlueLine,1,5,3.89
S302260,O205335,AsiaCargo,1,5,6.5
S302261,O205076,AsiaCargo,1,5,2.83
S302262,O203751,ParcelPro,1,5,17.05
S302263,O205312,SwiftGo,1,2,4.57
S302264,O202806,SwiftGo,1,3,5.11
S302265,O204099,BlueLine,1,4,5.95
S302266,O203233,AsiaCargo,1,7,7.46
S302267,O203422,ParcelPro,1,1,4.83
S302268,O202999,ParcelPro,1,4,9.8
S302269,O201617,ParcelPro,1,3,2.96
S302270,O201617,SwiftGo,2,1,4.57
S302271,O201520,SwiftGo,1,2,5.4
S302272,O200285,AsiaCargo,1,6,6.41
S302273,O201173,BlueLine,1,3,5.34
S302274,O201120,BlueLine,1,3,5.53
S302275,O202226,BlueLine,1,4,14.64
S302276,O201466,BlueLine,1,5,5.41
S302277,O202901,SwiftGo,1,1,6.08
S302278,O201369,ParcelPro,1,2,6.28
S302279,O201369,ParcelPro,2,3,4.34
S302280,O203654,BlueLine,1,5,4.73
S302281,O205887,BlueLine,1,5,22.75
S302282,O203845,BlueLine,1,6,35.95
S302283,O204253,SwiftGo,1,3,4.48
S302284,O204243,SwiftGo,1,2,6.16
S302285,O204294,BlueLine,1,7,6.37
S302286,O204296,AsiaCargo,1,7,4.86
S302287,O204388,BlueLine,1,5,7.86
S302288,O200894,AsiaCargo,1,6,5.23
S302289,O202395,AsiaCargo,1,5,8.58
S302290,O202805,AsiaCargo,1,7,4.79
S302291,O203743,BlueLine,1,5,12.51
S302292,O205071,AsiaCargo,1,6,6.47
S302293,O201087,SwiftGo,1,2,2.57
S302294,O200403,BlueLine,1,5,6.69
S302295,O200381,AsiaCargo,1,7,5.08
S302296,O201967,AsiaCargo,1,8,6.03
S302297,O200256,SwiftGo,1,3,4.66
S302298,O205653,AsiaCargo,1,7,8.78
S302299,O205653,SwiftGo,2,1,6.7
S302300,O201561,AsiaCargo,1,6,5.68
S302301,O202087,SwiftGo,1,1,3.52
S302302,O202087,BlueLine,2,2,4.96
S302303,O201374,ParcelPro,1,2,5.73
S302304,O202784,SwiftGo,1,1,9.43
S302305,O203198,SwiftGo,1,1,5.33
S302306,O203059,BlueLine,1,3,3.85
S302307,O203059,AsiaCargo,2,4,5.35
S302308,O202458,ParcelPro,1,3,6.23
S302309,O204628,SwiftGo,1,1,6.37
S302310,O204906,ParcelPro,1,1,5.19
S302311,O204884,SwiftGo,1,2,5.5
S302312,O201650,BlueLine,1,5,4.36
S302313,O201070,SwiftGo,1,1,4.38
S302314,O203846,SwiftGo,1,2,9.55
S302315,O200132,BlueLine,1,4,1.96
S302316,O204608,SwiftGo,1,4,7.19
S302317,O202058,SwiftGo,1,3,5.52
S302318,O205816,ParcelPro,1,3,5.3
S302319,O205829,BlueLine,1,4,8.57
S302320,O201114,BlueLine,1,4,5.77
S302321,O205353,SwiftGo,1,1,6.65
S302322,O204543,SwiftGo,1,1,3.64
S302323,O205868,BlueLine,1,3,6.74
S302324,O201184,AsiaCargo,1,5,3.23
S302325,O201036,ParcelPro,1,2,1.88
S302326,O201565,BlueLine,1,3,6.09
S302327,O204832,SwiftGo,1,2,3.83
S302328,O203715,AsiaCargo,1,5,8.17
S302329,O202838,BlueLine,1,5,5.66
S302330,O204086,AsiaCargo,1,4,4.86
S302331,O202698,ParcelPro,1,3,6.32
S302332,O201091,SwiftGo,1,2,5.19
S302333,O202218,SwiftGo,1,2,25.15
S302334,O204599,BlueLine,1,7,4.02
S302335,O203798,ParcelPro,1,2,6.87
S302336,O202922,AsiaCargo,1,8,4.17
S302337,O205544,BlueLine,1,4,6.66
S302338,O205048,BlueLine,1,5,5.27
S302339,O204882,BlueLine,1,7,6.32
S302340,O200763,SwiftGo,1,1,7.36
S302341,O200303,AsiaCargo,1,6,31.96
S302342,O205471,SwiftGo,1,3,5.49
S302343,O204157,SwiftGo,1,3,17.03
S302344,O200850,BlueLine,1,4,14.29
S302345,O204928,SwiftGo,1,2,4.58
S302346,O202506,ParcelPro,1,3,37.58
S302347,O201367,SwiftGo,1,1,35.74
S302348,O200462,AsiaCargo,1,7,1.32
S302349,O202004,BlueLine,1,4,5.32
S302350,O205138,SwiftGo,1,2,5.64
S302351,O204701,AsiaCargo,1,7,3.08
S302352,O201301,BlueLine,1,4,7.74
S302353,O201681,SwiftGo,1,1,5.56
S302354,O205875,SwiftGo,1,2,5.1
S302355,O205975,SwiftGo,1,1,5.48
S302356,O205975,ParcelPro,2,2,6.53
S302357,O201666,ParcelPro,1,5,7.34
S302358,O201580,BlueLine,1,3,9.1
S302359,O202066,SwiftGo,1,1,4.61
S302360,O203936,SwiftGo,1,2,6.32
S302361,O203936,AsiaCargo,2,8,4.88
S302362,O200184,SwiftGo,1,1,5.81
S302363,O202769,SwiftGo,1,1,7.39
S302364,O202411,ParcelPro,1,3,4.17
S302365,O203690,SwiftGo,1,1,5.69
S302366,O201562,SwiftGo,1,1,6.42
S302367,O203245,BlueLine,1,6,6.83
S302368,O201999,AsiaCargo,1,7,7.15
S302369,O204799,SwiftGo,1,2,7.08
S302370,O204974,BlueLine,1,3,6.36
S302371,O204639,SwiftGo,1,3,4.49
S302372,O203453,BlueLine,1,2,8.86
S302373,O201201,ParcelPro,1,2,25.05
S302374,O203560,BlueLine,1,6,17.71
S302375,O203346,BlueLine,1,3,4.81
S302376,O204899,ParcelPro,1,2,5.96
S302377,O200106,AsiaCargo,1,8,5.48
S302378,O203914,BlueLine,1,4,7.87
S302379,O203914,BlueLine,2,3,7.54
S302380,O202110,BlueLine,1,2,6.03
S302381,O205625,SwiftGo,1,1,1.76
S302382,O205270,SwiftGo,1,3,4.64
S302383,O204684,AsiaCargo,1,6,9.11
S302384,O204684,BlueLine,2,4,6.7
S302385,O200276,BlueLine,1,2,4.36
S302386,O200272,SwiftGo,1,1,5.44
S302387,O205696,SwiftGo,1,3,9.16
S302388,O202163,SwiftGo,1,1,7.42
S302389,O201827,SwiftGo,1,1,2.58
S302390,O201827,SwiftGo,2,1,7.61
S302391,O201195,AsiaCargo,1,4,5.66
S302392,O202587,SwiftGo,1,4,6.92
S302393,O202587,AsiaCargo,2,8,4.29
S302394,O205301,BlueLine,1,4,6.61
S302395,O205301,SwiftGo,2,3,8.91
S302396,O200394,SwiftGo,1,1,7.68
S302397,O204449,BlueLine,1,6,5.96
S302398,O201358,AsiaCargo,1,4,5.44
S302399,O200990,SwiftGo,1,4,7.07
S302400,O200603,SwiftGo,1,1,5.85
S302401,O200603,AsiaCargo,2,7,3.84
S302402,O202993,BlueLine,1,5,13.36
S302403,O200405,BlueLine,1,5,8.24
S302404,O200260,BlueLine,1,4,6.97
S302405,O200260,BlueLine,2,3,6.4
S302406,O201277,SwiftGo,1,2,5.49
S302407,O203432,SwiftGo,1,3,6.31
S302408,O203929,SwiftGo,1,1,3.57
S302409,O203015,AsiaCargo,1,8,5.46
S302410,O204213,AsiaCargo,1,8,5.66
S302411,O203284,ParcelPro,1,2,7.16
S302412,O202731,BlueLine,1,5,5.32
S302413,O201438,SwiftGo,1,2,6.82
S302414,O202273,BlueLine,1,4,6.25
S302415,O201543,SwiftGo,1,3,5.27
S302416,O200889,BlueLine,1,4,7.39
S302417,O201323,SwiftGo,1,2,8.04
S302418,O200486,AsiaCargo,1,7,7.41
S302419,O203946,AsiaCargo,1,7,5.2
S302420,O205278,AsiaCargo,1,7,4.75
S302421,O204494,SwiftGo,1,1,4.38
S302422,O201637,BlueLine,1,5,6.66
S302423,O205955,SwiftGo,1,5,8.03
S302424,O203033,SwiftGo,1,1,5.48
S302425,O201088,BlueLine,1,6,4.6
S302426,O204361,ParcelPro,1,3,33.65
S302427,O204181,SwiftGo,1,4,7.16
S302428,O204181,AsiaCargo,2,6,5.06
S302429,O200482,BlueLine,1,5,3.36
S302430,O201956,ParcelPro,1,3,5.92
S302431,O202040,BlueLine,1,6,6.4
S302432,O201717,BlueLine,1,4,6.88
S302433,O204654,AsiaCargo,1,6,37.29
S302434,O203665,ParcelPro,1,4,6.11
S302435,O204968,SwiftGo,1,1,7.09
S302436,O201861,ParcelPro,1,3,7.82
S302437,O202661,SwiftGo,1,2,7.15
S302438,O204532,BlueLine,1,5,2.67
S302439,O202502,AsiaCargo,1,8,6.79
S302440,O201563,SwiftGo,1,4,3.84
S302441,O205805,AsiaCargo,1,6,4.72
S302442,O205805,AsiaCargo,2,7,4.47
S302443,O204903,BlueLine,1,4,7.88
S302444,O203458,BlueLine,1,4,2.11
S302445,O201418,SwiftGo,1,2,6.68
S302446,O201418,AsiaCargo,2,5,3.77
S302447,O204226,SwiftGo,1,2,1.86
S302448,O202743,AsiaCargo,1,6,7.81
S302449,O204883,SwiftGo,1,1,6.11
S302450,O200769,BlueLine,1,6,4.63
S302451,O202588,SwiftGo,1,1,7.12
S302452,O202588,SwiftGo,2,2,5.76
S302453,O204868,BlueLine,1,4,3.61
S302454,O205453,ParcelPro,1,2,5.74
S302455,O204877,SwiftGo,1,1,5.64
S302456,O205334,BlueLine,1,5,8.19
S302457,O201826,SwiftGo,1,1,6.56
S302458,O200797,AsiaCargo,1,7,6.18
S302459,O201383,SwiftGo,1,1,4.27
S302460,O202430,SwiftGo,1,1,6.08
S302461,O202430,AsiaCargo,2,6,2.76
S302462,O202213,BlueLine,1,3,4.42
S302463,O202378,SwiftGo,1,1,5.68
S302464,O205770,BlueLine,1,4,3.9
S302465,O203508,SwiftGo,1,3,7.19
S302466,O203125,SwiftGo,1,1,6.46
S302467,O204908,SwiftGo,1,1,8.51
S302468,O202625,BlueLine,1,4,4.9
S302469,O202678,ParcelPro,1,4,6.47
S302470,O204069,BlueLine,1,3,6.94
S302471,O205296,BlueLine,1,5,6.5
S302472,O205364,BlueLine,1,7,3.95
S302473,O204375,BlueLine,1,4,5.2
S302474,O205698,SwiftGo,1,4,8.84
S302475,O204285,BlueLine,1,3,11.33
S302476,O204285,BlueLine,2,6,5.69
S302477,O201566,SwiftGo,1,3,3.78
S302478,O200792,ParcelPro,1,2,6.75
S302479,O202742,SwiftGo,1,1,4.52
S302480,O204919,AsiaCargo,1,7,2.91
S302481,O200871,BlueLine,1,3,3.96
S302482,O202626,ParcelPro,1,4,4.63
S302483,O200076,AsiaCargo,1,4,5.85
S302484,O202394,AsiaCargo,1,5,7.17
S302485,O200295,BlueLine,1,4,39.71
S302486,O205193,ParcelPro,1,4,3.58
S302487,O204123,AsiaCargo,1,7,33.65
S302488,O204105,BlueLine,1,3,2.71
S302489,O205957,BlueLine,1,4,5.06
S302490,O201180,BlueLine,1,6,7.07
S302491,O200575,SwiftGo,1,1,7.67
S302492,O204924,SwiftGo,1,1,33.65
S302493,O201609,ParcelPro,1,2,5.92
S302494,O200873,SwiftGo,1,3,39.56
S302495,O201836,BlueLine,1,4,4.58
S302496,O204472,SwiftGo,1,1,7.36
S302497,O202709,BlueLine,1,4,12.73
S302498,O201324,SwiftGo,1,3,3.79
S302499,O203757,ParcelPro,1,6,6.33
S302500,O201131,AsiaCargo,1,8,7.44
S302501,O201131,AsiaCargo,2,4,8.34
S302502,O200041,SwiftGo,1,1,3.55
S302503,O203187,BlueLine,1,8,6.67
S302504,O203187,SwiftGo,2,2,5.14
S302505,O203373,SwiftGo,1,3,8.76
S302506,O202515,SwiftGo,1,2,3.94
S302507,O205442,BlueLine,1,2,5.36
S302508,O203317,AsiaCargo,1,6,7.14
S302509,O205536,SwiftGo,1,2,2.44
S302510,O203998,AsiaCargo,1,6,7.63
S302511,O205663,AsiaCargo,1,6,5.52
S302512,O203014,AsiaCargo,1,7,7.71
S302513,O204814,BlueLine,1,4,4.7
S302514,O200436,ParcelPro,1,4,8.88
S302515,O205641,SwiftGo,1,2,9.12
S302516,O200665,BlueLine,1,4,7.99
S302517,O204153,AsiaCargo,1,6,6.49
S302518,O202599,BlueLine,1,8,5.32
S302519,O201602,BlueLine,1,5,7.06
S302520,O205369,SwiftGo,1,2,6.35
S302521,O203000,SwiftGo,1,2,8.77
S302522,O205365,SwiftGo,1,1,1.97
S302523,O200935,ParcelPro,1,3,7.91
S302524,O205906,SwiftGo,1,2,5.41
S302525,O201960,SwiftGo,1,2,6.2
S302526,O203725,SwiftGo,1,2,4.81
S302527,O203371,SwiftGo,1,1,7.0
S302528,O201071,ParcelPro,1,3,5.31
S302529,O205498,SwiftGo,1,1,7.33
S302530,O201587,ParcelPro,1,2,7.22
S302531,O205133,BlueLine,1,6,7.68
S302532,O205644,SwiftGo,1,3,2.81
S302533,O203625,BlueLine,1,6,16.49
S302534,O202406,SwiftGo,1,1,7.67
S302535,O202148,SwiftGo,1,1,7.87
S302536,O204207,SwiftGo,1,2,5.15
S302537,O202205,SwiftGo,1,2,30.39
S302538,O203535,SwiftGo,1,1,8.27
S302539,O202907,SwiftGo,1,1,7.86
S302540,O205854,AsiaCargo,1,6,22.65
S302541,O204463,ParcelPro,1,4,2.19
S302542,O203616,SwiftGo,1,1,5.52
S302543,O200757,BlueLine,1,4,3.62
S302544,O200074,ParcelPro,1,5,6.37
S302545,O200374,SwiftGo,1,2,5.58
S302546,O201069,SwiftGo,1,2,5.07
S302547,O200333,AsiaCargo,1,7,4.64
S302548,O203157,ParcelPro,1,4,4.57
S302549,O200331,SwiftGo,1,1,2.54
S302550,O203053,ParcelPro,1,5,3.78
S302551,O200593,BlueLine,1,5,5.87
S302552,O204079,SwiftGo,1,1,7.41
S302553,O201283,AsiaCargo,1,5,9.18
S302554,O202409,BlueLine,1,3,4.62
S302555,O204174,AsiaCargo,1,7,6.06
S302556,O205292,SwiftGo,1,1,3.85
S302557,O200783,BlueLine,1,3,5.25
S302558,O204338,SwiftGo,1,3,4.78
S302559,O205992,ParcelPro,1,3,6.12
S302560,O204155,BlueLine,1,6,9.48
S302561,O201646,ParcelPro,1,3,4.89
S302562,O201664,SwiftGo,1,1,8.41
S302563,O201848,SwiftGo,1,1,8.05
S302564,O201635,BlueLine,1,3,8.77
S302565,O200816,BlueLine,1,3,7.4
S302566,O205228,BlueLine,1,4,21.8
S302567,O205505,BlueLine,1,5,28.84
S302568,O205513,AsiaCargo,1,6,7.15
S302569,O200767,BlueLine,1,5,6.51
S302570,O205845,AsiaCargo,1,7,7.78
S302571,O202877,SwiftGo,1,2,30.82
S302572,O204032,SwiftGo,1,1,6.16
S302573,O200140,ParcelPro,1,2,5.27
S302574,O200140,BlueLine,2,4,4.26
S302575,O205713,SwiftGo,1,2,7.69
S302576,O205066,SwiftGo,1,4,5.98
S302577,O203534,ParcelPro,1,3,6.61
S302578,O202167,ParcelPro,1,5,3.96
S302579,O202078,BlueLine,1,4,2.94
S302580,O205718,ParcelPro,1,5,7.76
S302581,O204470,BlueLine,1,3,24.91
S302582,O200124,BlueLine,1,6,4.21
S302583,O205455,ParcelPro,1,3,6.08
S302584,O204997,BlueLine,1,5,4.73
S302585,O204480,AsiaCargo,1,5,5.56
S302586,O204940,BlueLine,1,6,4.74
S302587,O200120,BlueLine,1,5,7.21
S302588,O203874,AsiaCargo,1,6,3.25
S302589,O205622,ParcelPro,1,3,5.81
S302590,O201187,BlueLine,1,3,4.97
S302591,O202975,SwiftGo,1,1,6.42
S302592,O205557,SwiftGo,1,1,4.92
S302593,O200836,BlueLine,1,3,7.48
S302594,O205649,SwiftGo,1,2,3.58
S302595,O200551,BlueLine,1,5,8.36
S302596,O200551,BlueLine,2,6,8.0
S302597,O204952,ParcelPro,1,3,8.3
S302598,O202520,SwiftGo,1,3,27.09
S302599,O204305,ParcelPro,1,5,18.84
S302600,O203826,BlueLine,1,3,5.13
S302601,O204803,SwiftGo,1,3,5.33
S302602,O200567,AsiaCargo,1,6,5.53
S302603,O202371,BlueLine,1,6,7.64
S302604,O200659,SwiftGo,1,3,7.01
S302605,O205815,SwiftGo,1,3,7.02
S302606,O204438,SwiftGo,1,1,8.94
S302607,O202930,BlueLine,1,5,36.58
S302608,O204367,SwiftGo,1,2,7.66
S302609,O201275,SwiftGo,1,1,8.66
S302610,O205101,SwiftGo,1,2,10.47
S302611,O201684,SwiftGo,1,3,1.42
S302612,O202865,ParcelPro,1,6,2.04
S302613,O201428,ParcelPro,1,1,9.81
S302614,O204549,ParcelPro,1,2,7.62
S302615,O204448,AsiaCargo,1,7,4.12
S302616,O202714,ParcelPro,1,5,6.67
S302617,O205055,AsiaCargo,1,6,7.51
S302618,O203554,BlueLine,1,3,7.76
S302619,O202514,ParcelPro,1,4,2.0
S302620,O200676,AsiaCargo,1,8,5.24
S302621,O200676,BlueLine,2,6,7.14
S302622,O204874,ParcelPro,1,3,6.86
S302623,O204623,AsiaCargo,1,6,7.57
S302624,O202754,BlueLine,1,5,22.78
S302625,O202849,BlueLine,1,8,5.84
S302626,O202849,AsiaCargo,2,5,5.16
S302627,O201042,SwiftGo,1,1,6.84
S302628,O201307,BlueLine,1,7,4.82
S302629,O203734,BlueLine,1,4,4.48
S302630,O202127,BlueLine,1,3,29.22
S302631,O205041,AsiaCargo,1,5,6.81
S302632,O203439,BlueLine,1,3,1.98
S302633,O203439,ParcelPro,2,2,4.53
S302634,O202429,BlueLine,1,6,6.96
S302635,O200072,BlueLine,1,6,4.34
S302636,O203818,SwiftGo,1,3,4.76
S302637,O203300,SwiftGo,1,1,24.81
S302638,O201539,AsiaCargo,1,6,6.7
S302639,O201539,ParcelPro,2,2,3.89
S302640,O205727,ParcelPro,1,2,22.73
S302641,O205727,SwiftGo,2,1,21.6
S302642,O202529,BlueLine,1,3,3.18
S302643,O200279,BlueLine,1,5,5.95
S302644,O200279,ParcelPro,2,4,4.97
S302645,O202145,ParcelPro,1,3,5.3
S302646,O204216,ParcelPro,1,2,5.7
S302647,O201123,BlueLine,1,1,3.44
S302648,O200484,BlueLine,1,4,7.83
S302649,O202381,BlueLine,1,3,8.37
S302650,O200909,SwiftGo,1,1,5.59
S302651,O204969,SwiftGo,1,3,7.31
S302652,O200736,BlueLine,1,3,5.04
S302653,O202403,SwiftGo,1,2,40.33
S302654,O204043,ParcelPro,1,3,8.02
S302655,O204582,BlueLine,1,5,19.07
S302656,O204564,SwiftGo,1,3,7.98
S302657,O204308,AsiaCargo,1,6,6.22
S302658,O200014,AsiaCargo,1,6,5.92
S302659,O202765,BlueLine,1,6,3.0
S302660,O204040,BlueLine,1,5,28.05
S302661,O201982,BlueLine,1,6,6.95
S302662,O201982,SwiftGo,2,5,3.72
S302663,O205018,ParcelPro,1,4,5.22
S302664,O203612,AsiaCargo,1,7,6.48
S302665,O205776,SwiftGo,1,3,3.75
S302666,O202797,ParcelPro,1,2,4.69
S302667,O202478,BlueLine,1,2,6.15
S302668,O203702,SwiftGo,1,2,8.42
S302669,O201665,SwiftGo,1,2,6.72
S302670,O205222,BlueLine,1,6,8.08
S302671,O201453,AsiaCargo,1,7,7.55
S302672,O200752,ParcelPro,1,3,8.18
S302673,O203378,AsiaCargo,1,5,8.03
S302674,O203076,BlueLine,1,4,6.38
S302675,O200609,SwiftGo,1,1,17.89
S302676,O204172,ParcelPro,1,1,7.63
S302677,O205107,BlueLine,1,5,4.82
S302678,O200781,SwiftGo,1,2,4.07
S302679,O205337,SwiftGo,1,1,5.13
S302680,O205244,BlueLine,1,7,9.06
S302681,O204014,SwiftGo,1,2,4.21
S302682,O203127,BlueLine,1,4,7.56
S302683,O202383,SwiftGo,1,1,4.89
S302684,O205912,ParcelPro,1,1,6.64
S302685,O203234,SwiftGo,1,1,5.0
S302686,O203213,AsiaCargo,1,4,6.18
S302687,O203195,ParcelPro,1,1,6.41
S302688,O202952,SwiftGo,1,2,3.45
S302689,O200595,SwiftGo,1,1,6.91
S302690,O200717,BlueLine,1,4,4.76
S302691,O200717,SwiftGo,2,2,4.64
S302692,O204028,SwiftGo,1,1,2.27
S302693,O205810,SwiftGo,1,4,6.64
S302694,O203308,SwiftGo,1,1,37.02
S302695,O200913,AsiaCargo,1,7,33.47
S302696,O203396,BlueLine,1,7,6.42
S302697,O201673,SwiftGo,1,2,5.57
S302698,O205974,BlueLine,1,5,3.88
S302699,O203884,SwiftGo,1,4,8.04
S302700,O202335,AsiaCargo,1,8,5.47
S302701,O201766,SwiftGo,1,2,6.01
S302702,O200016,BlueLine,1,5,5.6
S302703,O205155,ParcelPro,1,3,-0.22
S302704,O203144,AsiaCargo,1,7,3.52
S302705,O204042,ParcelPro,1,1,6.85
S302706,O202115,BlueLine,1,5,1.95
S302707,O202115,ParcelPro,2,4,4.36
S302708,O203785,SwiftGo,1,1,3.89
S302709,O203285,AsiaCargo,1,5,30.8
S302710,O203012,AsiaCargo,1,6,7.48
S302711,O203860,ParcelPro,1,3,5.26
S302712,O205108,BlueLine,1,4,5.1
S302713,O203248,AsiaCargo,1,6,5.34
S302714,O201294,SwiftGo,1,2,8.17
S302715,O200217,BlueLine,1,3,4.8
S302716,O200217,ParcelPro,2,3,5.27
S302717,O200056,BlueLine,1,6,5.01
S302718,O205695,SwiftGo,1,1,4.81
S302719,O200648,BlueLine,1,6,5.01
S302720,O203544,SwiftGo,1,2,5.79
S302721,O205181,SwiftGo,1,1,7.16
S302722,O203155,BlueLine,1,6,34.2
S302723,O203516,BlueLine,1,4,6.1
S302724,O201167,BlueLine,1,5,8.67
S302725,O205756,SwiftGo,1,3,6.39
S302726,O202015,BlueLine,1,4,5.47
S302727,O200079,ParcelPro,1,4,3.98
S302728,O200064,BlueLine,1,4,8.0
S302729,O200747,AsiaCargo,1,7,6.54
S302730,O201808,SwiftGo,1,2,7.63
S302731,O201654,SwiftGo,1,2,4.25
S302732,O203306,SwiftGo,1,1,5.45
S302733,O203306,BlueLine,2,5,7.42
S302734,O204533,AsiaCargo,1,7,3.76
S302735,O201573,BlueLine,1,7,4.97
S302736,O205019,BlueLine,1,5,2.43
S302737,O204918,SwiftGo,1,1,6.9
S302738,O203362,SwiftGo,1,5,6.98
S302739,O203362,BlueLine,2,4,8.6
S302740,O201975,BlueLine,1,5,5.66
S302741,O202702,BlueLine,1,6,6.37
S302742,O202777,SwiftGo,1,3,5.35
S302743,O200227,AsiaCargo,1,5,6.62
S302744,O205857,SwiftGo,1,3,4.05
S302745,O205857,SwiftGo,2,1,2.59
S302746,O205087,AsiaCargo,1,5,5.44
S302747,O201484,ParcelPro,1,4,5.96
S302748,O201484,SwiftGo,2,4,4.82
S302749,O202354,SwiftGo,1,2,5.72
S302750,O201336,ParcelPro,1,7,3.09
S302751,O200243,AsiaCargo,1,4,7.02
S302752,O205374,BlueLine,1,4,8.46
S302753,O205374,SwiftGo,2,1,8.05
S302754,O203411,BlueLine,1,5,5.73
S302755,O203411,ParcelPro,2,6,5.32
S302756,O201528,ParcelPro,1,2,3.6
S302757,O203902,BlueLine,1,5,5.09
S302758,O204681,BlueLine,1,6,7.62
S302759,O202963,SwiftGo,1,3,4.65
S302760,O203869,BlueLine,1,3,22.95
S302761,O203869,BlueLine,2,3,22.16
S302762,O201632,BlueLine,1,4,4.2
S302763,O201632,AsiaCargo,2,4,2.88
S302764,O200621,SwiftGo,1,1,6.57
S302765,O204637,BlueLine,1,5,6.47
S302766,O204429,SwiftGo,1,1,4.05
S302767,O203925,BlueLine,1,4,6.77
S302768,O200713,AsiaCargo,1,8,8.99
S302769,O204390,BlueLine,1,4,4.82
S302770,O204390,AsiaCargo,2,6,5.2
S302771,O203044,AsiaCargo,1,7,5.73
S302772,O200413,ParcelPro,1,4,6.81
S302773,O200911,SwiftGo,1,5,5.31
S302774,O202010,ParcelPro,1,2,7.24
S302775,O203640,AsiaCargo,1,7,2.57
S302776,O204208,BlueLine,1,2,7.25
S302777,O202825,ParcelPro,1,5,7.26
S302778,O202567,SwiftGo,1,2,4.9
S302779,O200808,BlueLine,1,6,7.17
S302780,O204331,SwiftGo,1,2,6.67
S302781,O203154,SwiftGo,1,1,5.37
S302782,O201454,SwiftGo,1,3,6.54
S302783,O200308,BlueLine,1,4,5.13
S302784,O204554,SwiftGo,1,2,5.42
S302785,O203130,SwiftGo,1,1,3.57
S302786,O204293,AsiaCargo,1,5,5.62
S302787,O203704,ParcelPro,1,5,5.92
S302788,O201096,AsiaCargo,1,5,6.31
S302789,O202967,SwiftGo,1,2,6.04
S302790,O201534,ParcelPro,1,5,5.99
S302791,O200163,BlueLine,1,4,6.37
S302792,O200163,SwiftGo,2,1,5.23
S302793,O200643,SwiftGo,1,5,7.12
S302794,O203682,AsiaCargo,1,7,6.92
S302795,O202943,SwiftGo,1,3,6.41
S302796,O204498,ParcelPro,1,5,8.43
S302797,O201073,BlueLine,1,3,3.73
S302798,O204162,SwiftGo,1,3,2.08
S302799,O205758,AsiaCargo,1,6,31.45
S302800,O200146,SwiftGo,1,2,6.65
S302801,O201729,BlueLine,1,5,3.84
S302802,O205592,SwiftGo,1,2,5.82
S302803,O205768,BlueLine,1,7,5.28
S302804,O202895,AsiaCargo,1,6,7.09
S302805,O202325,BlueLine,1,3,10.18
S302806,O201065,ParcelPro,1,5,5.88
S302807,O204858,SwiftGo,1,2,7.25
S302808,O203063,ParcelPro,1,1,7.82
S302809,O204485,AsiaCargo,1,7,28.81
S302810,O201200,BlueLine,1,5,6.28
S302811,O201778,AsiaCargo,1,7,5.75
S302812,O203639,BlueLine,1,6,4.77
S302813,O200998,AsiaCargo,1,7,1.11
S302814,O200998,ParcelPro,2,2,6.87
S302815,O203903,ParcelPro,1,7,4.93
S302816,O200682,AsiaCargo,1,7,6.02
S302817,O205801,SwiftGo,1,4,2.62
S302818,O203229,BlueLine,1,5,4.63
S302819,O204581,BlueLine,1,3,3.72
S302820,O204252,AsiaCargo,1,6,4.19
S302821,O203969,SwiftGo,1,3,21.05
S302822,O203969,SwiftGo,2,3,20.59
S302823,O201302,SwiftGo,1,1,5.68
S302824,O205522,BlueLine,1,6,4.87
S302825,O200073,SwiftGo,1,1,7.0
S302826,O203895,SwiftGo,1,4,6.87
S302827,O204673,AsiaCargo,1,5,4.88
S302828,O203238,BlueLine,1,4,5.89
S302829,O200222,BlueLine,1,3,7.18
S302830,O204911,SwiftGo,1,2,10.05
S302831,O203086,ParcelPro,1,6,3.46
S302832,O201680,BlueLine,1,6,6.31
S302833,O203344,SwiftGo,1,1,4.83
S302834,O203344,AsiaCargo,2,5,9.17
S302835,O200307,AsiaCargo,1,10,4.4
S302836,O205063,SwiftGo,1,1,4.75
S302837,O201860,SwiftGo,1,2,6.03
S302838,O203273,AsiaCargo,1,7,6.2
S302839,O201947,ParcelPro,1,5,5.92
S302840,O203987,BlueLine,1,5,4.37
S302841,O202778,SwiftGo,1,2,5.95
S302842,O200678,AsiaCargo,1,7,5.74
S302843,O203511,SwiftGo,1,1,4.25
S302844,O200305,BlueLine,1,6,7.72
S302845,O200305,BlueLine,2,6,5.89
S302846,O203114,AsiaCargo,1,8,2.59
S302847,O203354,ParcelPro,1,3,2.75
S302848,O202662,SwiftGo,1,3,7.41
S302849,O201320,BlueLine,1,7,5.7
S302850,O201177,BlueLine,1,5,4.06
S302851,O203575,SwiftGo,1,3,3.41
S302852,O202579,AsiaCargo,1,6,3.82
S302853,O200189,BlueLine,1,4,4.63
S302854,O205869,SwiftGo,1,2,7.42
S302855,O201984,AsiaCargo,1,7,5.02
S302856,O202640,SwiftGo,1,1,5.7
S302857,O204464,BlueLine,1,3,4.86
S302858,O200708,BlueLine,1,6,5.0
S302859,O200973,ParcelPro,1,6,8.86
S302860,O200973,SwiftGo,2,2,3.72
S302861,O204365,AsiaCargo,1,5,6.09
S302862,O205688,SwiftGo,1,2,5.29
S302863,O205688,AsiaCargo,2,8,8.71
S302864,O200735,BlueLine,1,5,9.63
S302865,O202140,ParcelPro,1,2,5.73
S302866,O203316,BlueLine,1,3,6.89
S302867,O202691,BlueLine,1,3,5.17
S302868,O204164,ParcelPro,1,5,30.64
S302869,O202138,BlueLine,1,6,4.46
S302870,O201919,SwiftGo,1,1,2.55
S302871,O201175,BlueLine,1,6,4.38
S302872,O204537,BlueLine,1,8,8.98
S302873,O201199,ParcelPro,1,2,3.38
S302874,O202104,ParcelPro,1,4,7.41
S302875,O203933,BlueLine,1,5,6.87
S302876,O202000,BlueLine,1,4,2.96
S302877,O203292,BlueLine,1,6,7.37
S302878,O205475,BlueLine,1,4,6.68
S302879,O201183,SwiftGo,1,5,6.58
S302880,O202651,SwiftGo,1,2,3.46
S302881,O204613,BlueLine,1,2,31.27
S302882,O205852,AsiaCargo,1,5,2.98
S302883,O201477,ParcelPro,1,4,3.75
S302884,O204567,AsiaCargo,1,7,5.67
S302885,O205446,BlueLine,1,6,3.44
S302886,O202336,SwiftGo,1,1,8.53
S302887,O203609,SwiftGo,1,1,6.5
S302888,O205366,BlueLine,1,4,5.08
S302889,O202904,SwiftGo,1,1,20.25
S302890,O201006,BlueLine,1,3,6.32
S302891,O202263,SwiftGo,1,1,7.15
S302892,O203460,ParcelPro,1,1,4.92
S302893,O201891,SwiftGo,1,3,3.25
S302894,O201891,AsiaCargo,2,4,5.24
S302895,O203754,AsiaCargo,1,7,5.32
S302896,O204690,AsiaCargo,1,5,5.06
S302897,O203265,BlueLine,1,3,6.96
S302898,O201983,SwiftGo,1,1,5.65
S302899,O204785,SwiftGo,1,2,4.25
S302900,O203779,AsiaCargo,1,6,5.7
S302901,O200729,ParcelPro,1,3,4.51
S302902,O203941,AsiaCargo,1,5,6.42
S302903,O203182,AsiaCargo,1,7,9.01
S302904,O203905,SwiftGo,1,1,1.37
S302905,O205773,SwiftGo,1,3,8.92
S302906,O205672,BlueLine,1,5,27.63
S302907,O200852,AsiaCargo,1,7,5.25
S302908,O200852,BlueLine,2,3,6.42
S302909,O205214,SwiftGo,1,2,27.25
S302910,O201558,AsiaCargo,1,6,5.22
S302911,O205757,SwiftGo,1,2,5.09
S302912,O205757,ParcelPro,2,6,2.19
S302913,O201705,AsiaCargo,1,5,5.79
S302914,O204343,BlueLine,1,6,6.27
S302915,O204805,SwiftGo,1,1,8.67
S302916,O201015,ParcelPro,1,2,4.52
S302917,O200291,AsiaCargo,1,8,5.42
S302918,O200291,AsiaCargo,2,6,3.05
S302919,O205265,SwiftGo,1,2,6.33
S302920,O205259,AsiaCargo,1,4,5.76
S302921,O204329,AsiaCargo,1,5,7.39
S302922,O205825,SwiftGo,1,2,26.12
S302923,O200127,BlueLine,1,6,6.82
S302924,O201312,BlueLine,1,6,2.58
S302925,O204770,BlueLine,1,6,5.22
S302926,O203549,AsiaCargo,1,5,6.91
S302927,O205570,SwiftGo,1,1,8.68
S302928,O204574,BlueLine,1,5,2.72
S302929,O204574,AsiaCargo,2,7,6.51
S302930,O204432,AsiaCargo,1,7,6.44
S302931,O203321,ParcelPro,1,3,5.24
S302932,O201970,ParcelPro,1,1,6.52
S302933,O204822,SwiftGo,1,1,27.86
S302934,O200931,BlueLine,1,3,5.55
S302935,O204975,AsiaCargo,1,5,8.85
S302936,O205379,AsiaCargo,1,8,4.02
S302937,O204089,AsiaCargo,1,6,7.72
S302938,O205746,BlueLine,1,6,6.1
S302939,O205361,BlueLine,1,6,6.08
S302940,O205560,SwiftGo,1,1,5.47
S302941,O205560,SwiftGo,2,1,5.15
S302942,O205034,AsiaCargo,1,8,3.4
S302943,O203633,AsiaCargo,1,8,7.5
S302944,O201103,BlueLine,1,4,2.57
S302945,O202869,SwiftGo,1,2,5.64
S302946,O202869,AsiaCargo,2,7,4.24
S302947,O203069,AsiaCargo,1,6,6.96
S302948,O204273,SwiftGo,1,1,5.08
S302949,O202106,BlueLine,1,5,4.17
S302950,O200254,BlueLine,1,5,7.02
S302951,O200875,SwiftGo,1,1,2.71
S302952,O200351,SwiftGo,1,1,6.57
S302953,O200174,BlueLine,1,5,8.3
S302954,O202876,BlueLine,1,4,0.36
S302955,O202876,SwiftGo,2,2,4.23
S302956,O203021,SwiftGo,1,1,6.48
S302957,O200150,BlueLine,1,6,4.73
S302958,O202164,AsiaCargo,1,5,6.36
S302959,O201616,ParcelPro,1,1,5.5
S302960,O205363,SwiftGo,1,1,4.47
S302961,O202172,SwiftGo,1,1,4.95
S302962,O201250,BlueLine,1,4,2.49
S302963,O202313,BlueLine,1,5,2.97
S302964,O205737,AsiaCargo,1,7,6.18
S302965,O202206,SwiftGo,1,1,5.44
S302966,O205760,SwiftGo,1,2,14.46
S302967,O205760,ParcelPro,2,4,16.18
S302968,O205809,SwiftGo,1,3,3.85
S302969,O200590,BlueLine,1,4,5.83
S302970,O202804,SwiftGo,1,1,5.39
S302971,O200826,SwiftGo,1,3,7.98
S302972,O205946,AsiaCargo,1,7,4.58
S302973,O205946,BlueLine,2,3,5.67
S302974,O202026,AsiaCargo,1,8,6.24
S302975,O201423,ParcelPro,1,1,4.31
S302976,O200944,BlueLine,1,4,6.62
S302977,O202309,BlueLine,1,5,7.87
S302978,O202309,BlueLine,2,6,3.28
S302979,O204758,SwiftGo,1,4,8.02
S302980,O205741,SwiftGo,1,1,7.99
S302981,O205089,SwiftGo,1,1,19.44
S302982,O203643,AsiaCargo,1,6,5.27
S302983,O203040,BlueLine,1,4,8.01
S302984,O201958,SwiftGo,1,1,3.7
S302985,O204360,AsiaCargo,1,7,3.14
S302986,O202113,BlueLine,1,5,4.52
S302987,O205932,SwiftGo,1,2,3.73
S302988,O201611,AsiaCargo,1,4,4.99
S302989,O200017,AsiaCargo,1,8,4.18
S302990,O202528,BlueLine,1,3,9.7
S302991,O201574,AsiaCargo,1,6,6.99
S302992,O205811,SwiftGo,1,5,5.89
S302993,O205977,BlueLine,1,3,7.1
S302994,O201767,SwiftGo,1,2,2.8
S302995,O204719,BlueLine,1,4,5.38
S302996,O203240,SwiftGo,1,4,7.15
S302997,O200161,BlueLine,1,4,4.61
S302998,O203258,SwiftGo,1,1,6.4
S302999,O204156,SwiftGo,1,1,5.15
S303000,O202157,AsiaCargo,1,7,6.68
S303001,O202112,SwiftGo,1,1,9.83
S303002,O203963,SwiftGo,1,2,7.76
S303003,O202248,SwiftGo,1,1,5.92
S303004,O204339,SwiftGo,1,3,6.41
S303005,O203011,SwiftGo,1,1,2.05
S303006,O203011,SwiftGo,2,3,3.77
S303007,O205230,BlueLine,1,4,2.69
S303008,O200390,BlueLine,1,7,7.53
S303009,O202274,AsiaCargo,1,6,5.84
S303010,O202858,SwiftGo,1,2,3.95
S303011,O201881,BlueLine,1,3,7.09
S303012,O205667,SwiftGo,1,1,4.1
S303013,O205030,AsiaCargo,1,8,7.09
S303014,O200536,SwiftGo,1,1,5.95
S303015,O204232,AsiaCargo,1,7,7.88
S303016,O201939,BlueLine,1,5,7.54
S303017,O205004,AsiaCargo,1,8,7.79
S303018,O203890,ParcelPro,1,4,7.32
S303019,O203759,BlueLine,1,3,6.77
S303020,O205460,SwiftGo,1,2,1.94
S303021,O200511,BlueLine,1,5,6.49
S303022,O205654,BlueLine,1,6,6.06
S303023,O200364,SwiftGo,1,2,5.32
S303024,O201572,SwiftGo,1,1,32.39
S303025,O201620,BlueLine,1,6,9.78
S303026,O205910,AsiaCargo,1,4,7.92
S303027,O200714,SwiftGo,1,3,4.7
S303028,O204352,BlueLine,1,3,3.56
S303029,O201186,SwiftGo,1,2,6.83
S303030,O203594,ParcelPro,1,3,5.82
S303031,O203026,SwiftGo,1,3,10.78
S303032,O205937,AsiaCargo,1,7,7.11
S303033,O205275,ParcelPro,1,3,4.04
S303034,O201079,AsiaCargo,1,7,3.68
S303035,O201079,SwiftGo,2,1,6.63
S303036,O201100,AsiaCargo,1,5,6.69
S303037,O204724,BlueLine,1,7,5.6
S303038,O200562,AsiaCargo,1,6,5.24
S303039,O203807,BlueLine,1,4,7.33
S303040,O204222,BlueLine,1,3,6.64
S303041,O201786,AsiaCargo,1,5,4.48
S303042,O203051,SwiftGo,1,3,7.57
S303043,O205067,ParcelPro,1,3,34.94
S303044,O204955,BlueLine,1,2,8.62
S303045,O203720,BlueLine,1,4,4.75
S303046,O205085,ParcelPro,1,6,8.14
S303047,O205085,SwiftGo,2,2,6.38
S303048,O205956,SwiftGo,1,1,4.31
S303049,O201389,SwiftGo,1,2,5.81
S303050,O200591,SwiftGo,1,1,3.82
S303051,O202282,BlueLine,1,4,6.81
S303052,O205872,AsiaCargo,1,7,6.34
S303053,O204682,BlueLine,1,5,5.18
S303054,O202863,BlueLine,1,5,6.51
S303055,O203457,SwiftGo,1,3,25.61
S303056,O203597,AsiaCargo,1,7,5.81
S303057,O201652,SwiftGo,1,2,3.51
S303058,O203944,SwiftGo,1,4,9.83
S303059,O203562,ParcelPro,1,5,6.7
S303060,O204205,BlueLine,1,4,6.49
S303061,O201865,ParcelPro,1,4,6.58
S303062,O200740,SwiftGo,1,2,6.36
S303063,O202243,BlueLine,1,4,7.79
S303064,O201966,BlueLine,1,4,4.09
S303065,O205994,SwiftGo,1,2,8.02
S303066,O202604,ParcelPro,1,1,6.63
S303067,O202178,AsiaCargo,1,6,4.84
S303068,O200784,SwiftGo,1,3,4.99
S303069,O205726,BlueLine,1,4,4.6
S303070,O200601,BlueLine,1,4,8.19
S303071,O201575,BlueLine,1,6,3.82
S303072,O202903,ParcelPro,1,3,6.03
S303073,O202903,BlueLine,2,3,5.99
S303074,O205478,ParcelPro,1,4,3.92
S303075,O203425,BlueLine,1,3,4.18
S303076,O204791,SwiftGo,1,4,8.15
S303077,O200853,ParcelPro,1,2,37.06
S303078,O205899,BlueLine,1,7,3.53
S303079,O202984,ParcelPro,1,2,4.29
S303080,O203428,SwiftGo,1,1,4.6
S303081,O201754,AsiaCargo,1,5,2.53
S303082,O203469,BlueLine,1,4,9.21
S303083,O205426,AsiaCargo,1,4,26.19
S303084,O203424,BlueLine,1,3,6.9
S303085,O204416,SwiftGo,1,1,6.13
S303086,O203377,BlueLine,1,7,6.18
S303087,O201338,SwiftGo,1,1,7.46
S303088,O201338,BlueLine,2,7,5.81
S303089,O202490,AsiaCargo,1,4,8.67
S303090,O202450,ParcelPro,1,3,6.45
S303091,O203803,SwiftGo,1,2,6.57
S303092,O201613,BlueLine,1,3,7.45
S303093,O201118,SwiftGo,1,2,5.36
S303094,O205114,SwiftGo,1,2,4.03
S303095,O202476,SwiftGo,1,1,8.1
S303096,O200131,AsiaCargo,1,7,36.75
S303097,O204779,AsiaCargo,1,4,7.71
S303098,O200344,SwiftGo,1,1,5.48
S303099,O202796,AsiaCargo,1,5,6.08
S303100,O202393,SwiftGo,1,3,7.56
S303101,O202102,BlueLine,1,5,5.51
S303102,O203413,AsiaCargo,1,6,7.78
S303103,O203413,AsiaCargo,2,5,8.15
S303104,O201297,BlueLine,1,6,4.66
S303105,O201987,SwiftGo,1,2,6.95
S303106,O202375,SwiftGo,1,1,3.36
S303107,O205881,ParcelPro,1,2,6.86
S303108,O205634,SwiftGo,1,3,8.22
S303109,O201896,AsiaCargo,1,5,6.92
S303110,O204139,SwiftGo,1,3,23.88
S303111,O204149,SwiftGo,1,1,2.88
S303112,O203603,BlueLine,1,3,5.7
S303113,O202353,ParcelPro,1,3,3.01
S303114,O202353,AsiaCargo,2,7,3.18
S303115,O200397,SwiftGo,1,1,4.78
S303116,O200681,SwiftGo,1,4,5.25
S303117,O205719,SwiftGo,1,1,6.45
S303118,O200235,ParcelPro,1,5,4.6
S303119,O205953,AsiaCargo,1,7,7.3
S303120,O205953,SwiftGo,2,4,6.92
S303121,O200968,AsiaCargo,1,8,8.48
S303122,O204442,BlueLine,1,4,7.6
S303123,O205324,ParcelPro,1,4,5.12
S303124,O200857,ParcelPro,1,4,4.07
S303125,O201856,SwiftGo,1,2,4.61
S303126,O201084,SwiftGo,1,3,2.78
S303127,O203835,ParcelPro,1,3,5.67
S303128,O201333,BlueLine,1,6,3.17
S303129,O200477,SwiftGo,1,4,24.53
S303130,O201402,ParcelPro,1,4,6.77
S303131,O200720,AsiaCargo,1,7,4.74
S303132,O200720,BlueLine,2,3,6.54
S303133,O203960,ParcelPro,1,3,4.44
S303134,O205251,ParcelPro,1,1,5.1
S303135,O202400,BlueLine,1,7,4.92
S303136,O203257,ParcelPro,1,4,7.91
S303137,O205782,AsiaCargo,1,4,5.23
S303138,O201058,ParcelPro,1,5,16.56
S303139,O203693,BlueLine,1,5,20.02
S303140,O201943,SwiftGo,1,1,6.63
S303141,O201922,BlueLine,1,3,8.81
S303142,O202420,SwiftGo,1,2,7.48
S303143,O201130,SwiftGo,1,1,6.88
S303144,O203410,ParcelPro,1,2,3.98
S303145,O200493,BlueLine,1,1,2.5
S303146,O200557,SwiftGo,1,1,4.55
S303147,O202154,BlueLine,1,4,5.68
S303148,O202214,AsiaCargo,1,7,3.41
S303149,O203839,BlueLine,1,4,7.7
S303150,O205437,BlueLine,1,5,2.55
S303151,O205893,SwiftGo,1,4,28.07
S303152,O200522,BlueLine,1,6,5.65
S303153,O200522,BlueLine,2,5,4.96
S303154,O201952,AsiaCargo,1,7,3.78
S303155,O201698,SwiftGo,1,1,5.66
S303156,O203913,ParcelPro,1,2,7.22
S303157,O203913,SwiftGo,2,2,7.59
S303158,O203646,AsiaCargo,1,7,38.21
S303159,O200516,SwiftGo,1,1,6.14
S303160,O202868,ParcelPro,1,2,4.14
S303161,O202250,SwiftGo,1,1,31.76
S303162,O200274,SwiftGo,1,2,4.58
S303163,O205597,SwiftGo,1,4,5.11
S303164,O204198,ParcelPro,1,5,5.23
S303165,O203615,AsiaCargo,1,7,2.35
S303166,O203376,SwiftGo,1,1,4.34
S303167,O203376,SwiftGo,2,1,7.57
S303168,O202050,BlueLine,1,5,15.56
S303169,O204337,SwiftGo,1,1,4.04
S303170,O204979,BlueLine,1,4,7.13
S303171,O205859,SwiftGo,1,3,2.83
S303172,O202957,ParcelPro,1,3,8.51
S303173,O201879,SwiftGo,1,3,3.77
S303174,O201457,SwiftGo,1,1,6.16
S303175,O203301,BlueLine,1,3,6.45
S303176,O204418,AsiaCargo,1,5,4.31
S303177,O201051,AsiaCargo,1,7,4.38
S303178,O201815,BlueLine,1,4,6.45
S303179,O202771,SwiftGo,1,1,2.99
S303180,O205602,ParcelPro,1,5,5.27
S303181,O201904,SwiftGo,1,1,5.37
S303182,O204492,ParcelPro,1,5,5.34
S303183,O203003,AsiaCargo,1,7,6.75
S303184,O203568,SwiftGo,1,1,39.57
S303185,O203048,BlueLine,1,6,6.34
S303186,O203048,SwiftGo,2,2,7.75
S303187,O200356,AsiaCargo,1,7,5.96
S303188,O204951,BlueLine,1,6,4.47
S303189,O202500,SwiftGo,1,2,5.93
S303190,O202749,ParcelPro,1,4,5.93
S303191,O203995,AsiaCargo,1,7,5.23
S303192,O200304,BlueLine,1,6,7.87
S303193,O202538,ParcelPro,1,3,5.98
S303194,O200480,BlueLine,1,4,5.52
S303195,O205196,AsiaCargo,1,5,4.38
S303196,O200058,ParcelPro,1,3,19.99
S303197,O200233,AsiaCargo,1,8,4.44
S303198,O202338,BlueLine,1,4,4.41
S303199,O204408,BlueLine,1,3,4.24
S303200,O201917,SwiftGo,1,1,4.73
S303201,O200155,AsiaCargo,1,5,8.85
S303202,O201242,SwiftGo,1,2,25.91
S303203,O201242,SwiftGo,2,1,29.93
S303204,O205871,SwiftGo,1,3,9.1
S303205,O200832,SwiftGo,1,2,6.65
S303206,O200734,AsiaCargo,1,9,7.73
S303207,O204223,SwiftGo,1,2,6.65
S303208,O204223,ParcelPro,2,2,3.88
S303209,O204461,SwiftGo,1,1,4.95
S303210,O202663,BlueLine,1,4,3.27
S303211,O204683,SwiftGo,1,1,5.82
S303212,O200780,BlueLine,1,4,8.18
S303213,O202971,SwiftGo,1,2,7.63
S303214,O203916,SwiftGo,1,1,6.99
S303215,O202449,SwiftGo,1,1,9.03
S303216,O200434,ParcelPro,1,1,4.78
S303217,O201248,SwiftGo,1,3,8.28
S303218,O201515,SwiftGo,1,1,3.18
S303219,O200622,AsiaCargo,1,4,7.03
S303220,O201182,SwiftGo,1,1,3.65
S303221,O202977,SwiftGo,1,2,7.27
S303222,O201950,BlueLine,1,3,7.58
S303223,O201460,ParcelPro,1,3,15.09
S303224,O205403,SwiftGo,1,1,7.17
S303225,O205571,SwiftGo,1,2,5.71
S303226,O202249,SwiftGo,1,3,7.98
S303227,O204435,ParcelPro,1,2,6.38
S303228,O201516,SwiftGo,1,1,6.23
S303229,O205675,ParcelPro,1,3,7.04
S303230,O200527,ParcelPro,1,5,7.22
S303231,O204762,BlueLine,1,6,26.69
S303232,O205235,BlueLine,1,4,9.97
S303233,O200262,SwiftGo,1,2,4.54
S303234,O204340,SwiftGo,1,2,4.95
S303235,O203379,ParcelPro,1,3,7.74
S303236,O204336,SwiftGo,1,3,3.75
S303237,O204336,SwiftGo,2,4,1.81
S303238,O200994,ParcelPro,1,2,7.27
S303239,O202359,BlueLine,1,6,3.15
S303240,O204358,AsiaCargo,1,7,6.34
S303241,O203610,AsiaCargo,1,4,7.37
S303242,O205730,AsiaCargo,1,8,7.32
S303243,O200820,BlueLine,1,5,3.74
S303244,O203251,AsiaCargo,1,6,2.32
S303245,O202799,AsiaCargo,1,7,7.03
S303246,O202200,SwiftGo,1,3,8.18
S303247,O201608,BlueLine,1,4,5.49
S303248,O203210,BlueLine,1,3,4.98
S303249,O205729,BlueLine,1,4,2.78
S303250,O202234,AsiaCargo,1,4,3.3
S303251,O202170,AsiaCargo,1,4,3.03
S303252,O201436,SwiftGo,1,1,6.78
S303253,O203898,AsiaCargo,1,5,4.4
S303254,O203172,AsiaCargo,1,6,4.53
S303255,O201598,ParcelPro,1,3,7.64
S303256,O200083,ParcelPro,1,4,4.94
S303257,O200083,BlueLine,2,5,5.77
S303258,O200737,BlueLine,1,4,9.85
S303259,O204527,BlueLine,1,4,4.82
S303260,O205027,SwiftGo,1,1,7.16
S303261,O200457,ParcelPro,1,5,4.01
S303262,O201495,BlueLine,1,4,5.63
S303263,O205177,SwiftGo,1,2,7.97
S303264,O203255,AsiaCargo,1,7,4.54
S303265,O205905,ParcelPro,1,3,5.23
S303266,O201296,SwiftGo,1,3,7.63
S303267,O204562,AsiaCargo,1,4,8.35
S303268,O200602,SwiftGo,1,1,6.25
S303269,O205686,BlueLine,1,6,26.47
S303270,O205999,BlueLine,1,2,6.01
S303271,O202701,SwiftGo,1,1,5.92
S303272,O203419,SwiftGo,1,1,6.9
S303273,O201733,BlueLine,1,5,4.44
S303274,O203024,SwiftGo,1,3,4.39
S303275,O200656,AsiaCargo,1,5,7.24
S303276,O200693,SwiftGo,1,1,6.37
S303277,O203565,ParcelPro,1,3,5.13
S303278,O203814,ParcelPro,1,3,6.44
S303279,O204150,SwiftGo,1,1,4.53
S303280,O200856,ParcelPro,1,2,3.0
S303281,O200011,SwiftGo,1,1,5.34
S303282,O204995,AsiaCargo,1,7,6.44
S303283,O202264,AsiaCargo,1,7,4.47
S303284,O202264,SwiftGo,2,1,7.93
S303285,O202141,BlueLine,1,5,4.88
S303286,O200245,SwiftGo,1,1,5.3
S303287,O200404,SwiftGo,1,2,7.1
S303288,O200828,BlueLine,1,4,7.84
S303289,O204816,BlueLine,1,6,5.51
S303290,O204816,SwiftGo,2,1,7.47
S303291,O201009,SwiftGo,1,2,7.03
S303292,O205036,AsiaCargo,1,5,3.6
S303293,O205273,SwiftGo,1,3,2.95
S303294,O200673,SwiftGo,1,5,4.58
S303295,O200673,ParcelPro,2,4,5.59
S303296,O203539,ParcelPro,1,3,3.75
S303297,O201284,SwiftGo,1,1,5.61
S303298,O201385,BlueLine,1,4,7.0
S303299,O202557,BlueLine,1,5,12.38
S303300,O203263,SwiftGo,1,1,4.81
S303301,O204409,BlueLine,1,4,38.7
S303302,O204914,ParcelPro,1,1,7.71
S303303,O204914,AsiaCargo,2,5,4.38
S303304,O205079,SwiftGo,1,1,25.55
S303305,O200727,SwiftGo,1,4,6.68
S303306,O200914,ParcelPro,1,1,15.55
S303307,O201080,AsiaCargo,1,7,5.01
S303308,O203348,AsiaCargo,1,4,6.44
S303309,O205610,AsiaCargo,1,5,6.3
S303310,O203588,ParcelPro,1,4,6.29
S303311,O202606,SwiftGo,1,4,2.43
S303312,O201163,ParcelPro,1,3,3.77
S303313,O201467,SwiftGo,1,2,6.76
S303314,O200192,AsiaCargo,1,7,4.76
S303315,O205623,BlueLine,1,3,6.94
S303316,O205623,SwiftGo,2,2,4.11
S303317,O204811,AsiaCargo,1,6,4.27
S303318,O204811,BlueLine,2,3,6.52
S303319,O200051,BlueLine,1,5,17.08
S303320,O202029,ParcelPro,1,1,5.73
S303321,O200804,AsiaCargo,1,6,7.72
S303322,O203899,AsiaCargo,1,9,4.09
S303323,O202546,SwiftGo,1,2,5.8
S303324,O204189,AsiaCargo,1,6,9.19
S303325,O202855,BlueLine,1,5,5.0
S303326,O200546,ParcelPro,1,4,5.06
S303327,O204698,AsiaCargo,1,6,5.82
S303328,O203538,BlueLine,1,4,3.87
S303329,O205750,SwiftGo,1,1,2.49
S303330,O201699,BlueLine,1,5,4.68
S303331,O202537,AsiaCargo,1,5,5.29
S303332,O200724,ParcelPro,1,4,24.07
S303333,O202503,SwiftGo,1,3,5.99
S303334,O202503,SwiftGo,2,3,5.03
S303335,O203978,SwiftGo,1,1,5.74
S303336,O200813,BlueLine,1,1,3.07
S303337,O205790,BlueLine,1,4,7.98
S303338,O203374,ParcelPro,1,4,6.8
S303339,O204403,SwiftGo,1,2,7.15
S303340,O205668,AsiaCargo,1,6,8.23
S303341,O205668,SwiftGo,2,1,9.83
S303342,O200113,SwiftGo,1,2,3.89
S303343,O201728,SwiftGo,1,2,12.57
S303344,O201894,SwiftGo,1,2,6.88
S303345,O204440,BlueLine,1,4,4.71
S303346,O203857,SwiftGo,1,2,7.38
S303347,O200904,ParcelPro,1,4,5.58
S303348,O204679,SwiftGo,1,1,4.75
S303349,O200452,ParcelPro,1,5,6.4
S303350,O203709,ParcelPro,1,3,5.24
S303351,O201657,SwiftGo,1,1,3.88
S303352,O205779,BlueLine,1,4,40.93
S303353,O204310,AsiaCargo,1,6,7.61
S303354,O203593,AsiaCargo,1,6,3.67
S303355,O202893,AsiaCargo,1,7,6.23
S303356,O202650,BlueLine,1,5,4.63
S303357,O205323,ParcelPro,1,2,5.58
S303358,O205323,AsiaCargo,2,7,6.99
S303359,O203019,AsiaCargo,1,9,7.97
S303360,O204158,BlueLine,1,2,6.57
S303361,O205269,BlueLine,1,6,6.63
S303362,O201630,SwiftGo,1,2,4.55
S303363,O204766,SwiftGo,1,1,5.01
S303364,O202533,BlueLine,1,5,3.19
S303365,O202497,BlueLine,1,3,4.94
S303366,O202583,SwiftGo,1,4,4.55
S303367,O201644,BlueLine,1,3,3.52
S303368,O203049,BlueLine,1,4,7.81
S303369,O201979,AsiaCargo,1,5,6.92
S303370,O202713,AsiaCargo,1,6,9.91
S303371,O205981,SwiftGo,1,3,4.79
S303372,O202262,SwiftGo,1,1,4.95
S303373,O203790,BlueLine,1,4,9.41
S303374,O201622,SwiftGo,1,2,7.37
S303375,O201134,AsiaCargo,1,5,7.19
S303376,O201134,BlueLine,2,2,3.1
S303377,O201321,BlueLine,1,1,3.86
S303378,O203164,BlueLine,1,5,6.74
S303379,O203164,BlueLine,2,3,7.03
S303380,O204417,SwiftGo,1,2,6.63
S303381,O204932,ParcelPro,1,4,9.96
S303382,O202499,AsiaCargo,1,7,7.85
S303383,O201422,SwiftGo,1,1,4.4
S303384,O203461,AsiaCargo,1,7,10.16
S303385,O202208,AsiaCargo,1,8,5.8
S303386,O201591,SwiftGo,1,1,16.16
S303387,O202539,AsiaCargo,1,7,8.36
S303388,O200545,BlueLine,1,4,4.82
S303389,O205420,AsiaCargo,1,7,6.82
S303390,O200531,AsiaCargo,1,9,7.45
S303391,O205012,SwiftGo,1,1,6.68
S303392,O204992,SwiftGo,1,1,27.12
S303393,O202468,ParcelPro,1,4,5.22
S303394,O203953,SwiftGo,1,3,5.24
S303395,O201676,ParcelPro,1,3,7.22
S303396,O202100,SwiftGo,1,3,22.01
S303397,O204301,ParcelPro,1,4,5.83
S303398,O203163,BlueLine,1,6,7.68
S303399,O202295,SwiftGo,1,1,3.14
S303400,O200822,SwiftGo,1,1,6.87
S303401,O203216,BlueLine,1,4,4.06
S303402,O205706,SwiftGo,1,1,9.09
S303403,O202159,BlueLine,1,3,7.99
S303404,O202159,SwiftGo,2,1,5.96
S303405,O204404,BlueLine,1,3,2.99
S303406,O201965,ParcelPro,1,5,6.4
S303407,O204143,SwiftGo,1,1,7.52
S303408,O205450,AsiaCargo,1,6,6.66
S303409,O200553,ParcelPro,1,7,33.75
S303410,O200414,AsiaCargo,1,8,28.57
S303411,O204768,SwiftGo,1,1,7.63
S303412,O201628,BlueLine,1,6,5.36
S303413,O203728,SwiftGo,1,1,3.96
S303414,O203728,AsiaCargo,2,4,4.56
S303415,O205985,BlueLine,1,8,8.64
S303416,O205900,SwiftGo,1,2,5.66
S303417,O202373,SwiftGo,1,1,8.34
S303418,O201147,SwiftGo,1,2,8.92
S303419,O204201,BlueLine,1,4,5.95
S303420,O202770,AsiaCargo,1,6,4.82
S303421,O203385,SwiftGo,1,2,7.2
S303422,O203661,AsiaCargo,1,6,4.89
S303423,O204064,SwiftGo,1,1,15.47
S303424,O200283,SwiftGo,1,2,5.68
S303425,O204508,SwiftGo,1,2,31.32
S303426,O203618,ParcelPro,1,6,3.48
S303427,O200476,SwiftGo,1,1,4.59
S303428,O200447,BlueLine,1,4,6.57
S303429,O203641,SwiftGo,1,2,7.43
S303430,O201912,AsiaCargo,1,5,3.19
S303431,O200320,BlueLine,1,5,7.12
S303432,O204284,SwiftGo,1,1,7.88
S303433,O204284,ParcelPro,2,5,6.54
S303434,O205559,SwiftGo,1,1,4.3
S303435,O203058,BlueLine,1,4,38.29
S303436,O201647,BlueLine,1,3,18.34
S303437,O201647,SwiftGo,2,2,19.87
S303438,O200754,SwiftGo,1,3,8.56
S303439,O205787,SwiftGo,1,2,7.79
S303440,O203504,ParcelPro,1,2,5.74
S303441,O205100,SwiftGo,1,1,5.36
S303442,O205795,SwiftGo,1,1,6.25
S303443,O205286,BlueLine,1,5,7.15
S303444,O205802,SwiftGo,1,2,6.27
S303445,O202080,AsiaCargo,1,7,1.93
S303446,O204901,BlueLine,1,5,7.97
S303447,O201802,ParcelPro,1,2,6.51
S303448,O200290,SwiftGo,1,1,5.45
S303449,O205673,ParcelPro,1,2,5.6
S303450,O203854,BlueLine,1,5,2.61
S303451,O203666,SwiftGo,1,2,4.1
S303452,O201829,AsiaCargo,1,4,7.54
S303453,O201448,SwiftGo,1,1,6.03
S303454,O203573,BlueLine,1,5,5.2
S303455,O203753,BlueLine,1,3,2.59
S303456,O205149,BlueLine,1,6,6.51
S303457,O205780,ParcelPro,1,3,6.95
S303458,O203364,ParcelPro,1,3,6.37
S303459,O200010,BlueLine,1,4,6.01
S303460,O201873,SwiftGo,1,1,2.45
S303461,O204552,ParcelPro,1,3,1.06
S303462,O202364,AsiaCargo,1,4,34.17
S303463,O202432,BlueLine,1,4,8.04
S303464,O204217,AsiaCargo,1,5,7.65
S303465,O204640,BlueLine,1,3,4.97
S303466,O202755,BlueLine,1,5,4.4
S303467,O203924,SwiftGo,1,2,7.69
S303468,O203161,BlueLine,1,4,14.39
S303469,O204300,ParcelPro,1,2,7.13
S303470,O200215,BlueLine,1,5,14.58
S303471,O202203,BlueLine,1,3,6.09
S303472,O203758,BlueLine,1,5,7.27
S303473,O201241,ParcelPro,1,1,4.5
S303474,O202098,SwiftGo,1,2,8.05
S303475,O202116,SwiftGo,1,3,34.79
S303476,O200864,ParcelPro,1,3,3.65
S303477,O202155,ParcelPro,1,2,6.04
S303478,O203475,ParcelPro,1,1,3.58
S303479,O201341,BlueLine,1,5,5.86
S303480,O201703,AsiaCargo,1,3,4.58
S303481,O200773,BlueLine,1,5,7.41
S303482,O203999,AsiaCargo,1,8,6.18
S303483,O201191,BlueLine,1,2,19.07
S303484,O202548,AsiaCargo,1,6,4.93
S303485,O202548,SwiftGo,2,2,7.8
S303486,O202845,ParcelPro,1,5,5.33
S303487,O202845,SwiftGo,2,1,5.57
S303488,O201398,SwiftGo,1,1,4.61
S303489,O204406,ParcelPro,1,1,7.46
S303490,O200352,BlueLine,1,4,3.66
S303491,O201005,BlueLine,1,3,6.65
S303492,O203120,SwiftGo,1,1,6.06
S303493,O202897,SwiftGo,1,4,5.03
S303494,O203518,BlueLine,1,5,8.7
S303495,O200971,SwiftGo,1,2,4.91
S303496,O200588,AsiaCargo,1,7,5.1
S303497,O201239,SwiftGo,1,2,6.31
S303498,O202577,AsiaCargo,1,8,7.63
S303499,O202577,BlueLine,2,3,8.61
S303500,O201923,BlueLine,1,4,33.13
S303501,O205075,BlueLine,1,3,4.78
S303502,O202137,BlueLine,1,4,3.89
S303503,O204045,BlueLine,1,5,2.52
S303504,O203192,SwiftGo,1,3,8.14
S303505,O203350,ParcelPro,1,2,6.45
S303506,O200130,SwiftGo,1,3,7.21
S303507,O200097,ParcelPro,1,3,6.53
S303508,O202092,SwiftGo,1,2,4.49
S303509,O203412,AsiaCargo,1,6,4.41
S303510,O201188,SwiftGo,1,1,4.75
S303511,O202489,ParcelPro,1,2,8.66
S303512,O205410,SwiftGo,1,1,7.53
S303513,O205410,SwiftGo,2,1,4.99
S303514,O204592,BlueLine,1,3,4.58
S303515,O204592,ParcelPro,2,5,7.03
S303516,O203380,BlueLine,1,4,34.73
S303517,O204443,ParcelPro,1,5,5.32
S303518,O201866,BlueLine,1,5,6.01
S303519,O203816,ParcelPro,1,1,7.09
S303520,O204353,SwiftGo,1,2,7.42
S303521,O202237,ParcelPro,1,3,8.25
S303522,O200936,SwiftGo,1,2,8.6
S303523,O201603,SwiftGo,1,2,5.06
S303524,O202350,ParcelPro,1,4,6.75
S303525,O200785,AsiaCargo,1,5,5.48
S303526,O201403,BlueLine,1,3,4.54
S303527,O202637,ParcelPro,1,4,9.06
S303528,O200886,BlueLine,1,1,5.33
S303529,O200443,SwiftGo,1,1,8.04
S303530,O204560,ParcelPro,1,5,6.46
S303531,O200672,BlueLine,1,6,6.68
S303532,O203190,ParcelPro,1,3,5.27
S303533,O203190,SwiftGo,2,5,8.37
S303534,O201945,AsiaCargo,1,8,7.25
S303535,O204930,AsiaCargo,1,6,5.34
S303536,O204930,SwiftGo,2,1,6.75
S303537,O203174,ParcelPro,1,4,7.12
S303538,O203392,ParcelPro,1,4,8.29
S303539,O203148,SwiftGo,1,1,5.41
S303540,O203148,SwiftGo,2,5,6.7
S303541,O204250,BlueLine,1,3,5.0
S303542,O205325,SwiftGo,1,3,9.42
S303543,O203578,SwiftGo,1,1,4.05
S303544,O200294,ParcelPro,1,4,4.07
S303545,O201379,ParcelPro,1,3,6.58
S303546,O200237,ParcelPro,1,2,26.16
S303547,O202322,ParcelPro,1,5,6.8
S303548,O203382,SwiftGo,1,1,6.71
S303549,O201245,BlueLine,1,3,6.92
S303550,O203726,SwiftGo,1,1,5.26
S303551,O203952,BlueLine,1,4,4.58
S303552,O201964,SwiftGo,1,4,6.79
S303553,O204051,BlueLine,1,3,7.44
S303554,O204818,SwiftGo,1,1,8.55
S303555,O205799,SwiftGo,1,3,6.17
S303556,O201136,BlueLine,1,5,7.28
S303557,O204261,ParcelPro,1,3,22.22
S303558,O202590,SwiftGo,1,1,5.43
S303559,O204493,ParcelPro,1,4,7.74
S303560,O202665,AsiaCargo,1,5,5.01
S303561,O204920,SwiftGo,1,2,4.92
S303562,O205631,SwiftGo,1,1,5.77
S303563,O203100,BlueLine,1,4,7.34
S303564,O203787,BlueLine,1,2,5.0
S303565,O202216,ParcelPro,1,2,5.5
S303566,O203324,SwiftGo,1,1,7.47
S303567,O203275,SwiftGo,1,1,5.58
S303568,O205831,BlueLine,1,5,5.46
S303569,O200872,ParcelPro,1,3,5.41
S303570,O201869,ParcelPro,1,4,2.32
S303571,O201869,SwiftGo,2,4,3.56
S303572,O200978,ParcelPro,1,2,3.95
S303573,O202570,AsiaCargo,1,8,7.44
S303574,O201653,ParcelPro,1,1,4.3
S303575,O205242,BlueLine,1,6,1.59
S303576,O204029,AsiaCargo,1,7,10.13
S303577,O201835,AsiaCargo,1,5,28.0
S303578,O205200,BlueLine,1,4,5.34
S303579,O202944,SwiftGo,1,1,4.35
S303580,O202944,BlueLine,2,5,3.77
S303581,O203669,SwiftGo,1,3,3.83
S303582,O203837,SwiftGo,1,1,7.27
S303583,O200438,ParcelPro,1,4,6.49
S303584,O204160,AsiaCargo,1,4,5.26
S303585,O204160,SwiftGo,2,3,5.51
S303586,O204888,SwiftGo,1,4,6.34
S303587,O201420,BlueLine,1,6,16.48
S303588,O205122,SwiftGo,1,2,5.76
S303589,O202467,ParcelPro,1,2,4.96
S303590,O205590,AsiaCargo,1,7,5.58
S303591,O200066,ParcelPro,1,3,7.69
S303592,O205314,AsiaCargo,1,5,4.77
S303593,O201474,SwiftGo,1,3,9.38
S303594,O200277,SwiftGo,1,1,8.64
S303595,O200542,BlueLine,1,4,7.46
S303596,O203280,BlueLine,1,4,8.26
S303597,O204513,AsiaCargo,1,8,5.63
S303598,O204710,SwiftGo,1,1,25.99
S303599,O203756,BlueLine,1,3,8.29
S303600,O200489,BlueLine,1,3,6.35
S303601,O200197,AsiaCargo,1,6,14.63
S303602,O204283,SwiftGo,1,3,6.45
S303603,O204712,BlueLine,1,5,7.17
S303604,O204712,BlueLine,2,4,6.75
S303605,O202900,BlueLine,1,5,6.54
S303606,O204643,SwiftGo,1,2,14.53
S303607,O204842,AsiaCargo,1,8,6.09
S303608,O201908,SwiftGo,1,4,4.89
S303609,O203621,ParcelPro,1,2,6.94
S303610,O203883,SwiftGo,1,1,14.12
S303611,O202795,SwiftGo,1,2,5.51
S303612,O202505,SwiftGo,1,1,4.33
S303613,O202345,AsiaCargo,1,5,5.78
S303614,O201570,AsiaCargo,1,8,4.29
S303615,O203801,BlueLine,1,4,4.06
S303616,O201472,BlueLine,1,1,36.94
S303617,O200410,SwiftGo,1,1,6.18
S303618,O205774,AsiaCargo,1,4,6.38
S303619,O205891,BlueLine,1,5,4.82
S303620,O205304,SwiftGo,1,2,8.49
S303621,O205285,BlueLine,1,6,5.8
S303622,O204730,ParcelPro,1,4,23.74
S303623,O201139,SwiftGo,1,2,6.76
S303624,O205642,BlueLine,1,6,4.94
S303625,O202648,AsiaCargo,1,8,5.98
S303626,O203352,SwiftGo,1,3,6.06
S303627,O204127,AsiaCargo,1,7,7.12
S303628,O205555,SwiftGo,1,1,6.92
S303629,O202524,AsiaCargo,1,4,5.98
S303630,O204315,SwiftGo,1,1,4.17
S303631,O200741,ParcelPro,1,1,7.77
S303632,O201531,AsiaCargo,1,6,2.38
S303633,O205328,BlueLine,1,5,23.18
S303634,O201693,BlueLine,1,4,4.91
S303635,O202808,AsiaCargo,1,4,4.0
S303636,O205209,AsiaCargo,1,4,7.94
S303637,O202817,SwiftGo,1,2,6.66
S303638,O204755,BlueLine,1,5,5.05
S303639,O205907,SwiftGo,1,1,5.39
S303640,O201169,SwiftGo,1,1,3.83
S303641,O202479,SwiftGo,1,3,5.21
S303642,O202469,AsiaCargo,1,5,4.71
S303643,O202912,BlueLine,1,6,5.29
S303644,O202700,SwiftGo,1,2,8.44
S303645,O201304,SwiftGo,1,1,34.59
S303646,O202280,BlueLine,1,4,5.7
S303647,O201607,AsiaCargo,1,4,4.56
S303648,O202421,SwiftGo,1,3,34.33
S303649,O202423,SwiftGo,1,1,6.17
S303650,O202305,BlueLine,1,2,5.1
S303651,O203777,BlueLine,1,5,5.57
S303652,O201334,BlueLine,1,4,6.58
S303653,O201334,SwiftGo,2,1,7.72
S303654,O201161,SwiftGo,1,3,5.6
S303655,O202658,BlueLine,1,4,4.7
S303656,O204875,SwiftGo,1,2,25.23
S303657,O201344,ParcelPro,1,3,6.14
S303658,O202990,AsiaCargo,1,6,5.36
S303659,O202990,SwiftGo,2,1,7.02
S303660,O204672,SwiftGo,1,2,4.07
S303661,O205947,BlueLine,1,2,2.34
S303662,O200996,SwiftGo,1,2,25.65
S303663,O203563,SwiftGo,1,1,32.91
S303664,O205541,BlueLine,1,5,5.55
S303665,O200926,BlueLine,1,1,6.23
S303666,O201625,SwiftGo,1,1,6.13
S303667,O201286,BlueLine,1,3,4.71
S303668,O201286,SwiftGo,2,2,6.48
S303669,O202937,SwiftGo,1,1,6.27
S303670,O202419,AsiaCargo,1,7,8.59
S303671,O200218,AsiaCargo,1,7,6.12
S303672,O202355,BlueLine,1,6,2.73
S303673,O202168,AsiaCargo,1,6,1.15
S303674,O201165,SwiftGo,1,2,7.58
S303675,O203221,SwiftGo,1,3,8.72
S303676,O202477,AsiaCargo,1,7,26.54
S303677,O204850,SwiftGo,1,1,29.71
S303678,O203772,ParcelPro,1,5,8.78
S303679,O200196,BlueLine,1,5,10.23
S303680,O203793,BlueLine,1,6,7.06
S303681,O204722,SwiftGo,1,3,4.39
S303682,O202067,BlueLine,1,3,5.24
S303683,O202067,BlueLine,2,6,8.63
S303684,O202048,AsiaCargo,1,7,4.36
S303685,O205014,ParcelPro,1,3,7.8
S303686,O205035,SwiftGo,1,1,6.71
S303687,O201804,BlueLine,1,4,3.12
S303688,O200563,ParcelPro,1,4,4.21
S303689,O200563,BlueLine,2,5,4.97
S303690,O202054,ParcelPro,1,3,4.53
S303691,O204194,BlueLine,1,4,4.15
S303692,O202687,SwiftGo,1,1,2.62
S303693,O205352,AsiaCargo,1,7,25.14
S303694,O204053,SwiftGo,1,1,5.94
S303695,O203581,ParcelPro,1,4,3.87
S303696,O203862,AsiaCargo,1,6,7.15
S303697,O201687,AsiaCargo,1,6,9.22
S303698,O201104,AsiaCargo,1,7,8.81
S303699,O203347,BlueLine,1,4,6.9
S303700,O205786,SwiftGo,1,2,1.88
S303701,O203804,BlueLine,1,6,3.26
S303702,O201986,AsiaCargo,1,8,6.52
S303703,O202235,BlueLine,1,6,4.43
S303704,O205156,SwiftGo,1,1,4.86
S303705,O202061,SwiftGo,1,1,5.31
S303706,O205496,BlueLine,1,4,6.83
S303707,O204195,AsiaCargo,1,6,5.91
S303708,O204195,BlueLine,2,1,4.94
S303709,O203897,SwiftGo,1,3,5.09
S303710,O204020,SwiftGo,1,2,6.07
S303711,O204262,ParcelPro,1,4,5.51
S303712,O200435,SwiftGo,1,2,1.23
S303713,O200376,SwiftGo,1,2,6.11
S303714,O200888,SwiftGo,1,1,40.02
S303715,O203829,BlueLine,1,5,4.16
S303716,O203607,BlueLine,1,3,5.22
S303717,O203817,AsiaCargo,1,7,3.61
S303718,O203761,BlueLine,1,3,5.06
S303719,O203761,SwiftGo,2,1,4.66
S303720,O203749,SwiftGo,1,1,8.01
S303721,O201824,BlueLine,1,4,3.84
S303722,O200768,SwiftGo,1,3,5.61
S303723,O204824,AsiaCargo,1,7,6.15
S303724,O203865,ParcelPro,1,2,5.75
S303725,O201863,BlueLine,1,5,8.05
S303726,O200848,ParcelPro,1,3,5.62
S303727,O202255,SwiftGo,1,2,2.56
S303728,O201475,SwiftGo,1,2,18.78
S303729,O205577,ParcelPro,1,6,7.0
S303730,O203237,SwiftGo,1,1,8.19
S303731,O203025,BlueLine,1,5,5.01
S303732,O203025,SwiftGo,2,2,5.65
S303733,O203886,SwiftGo,1,2,8.22
S303734,O201852,AsiaCargo,1,6,5.7
S303735,O200173,BlueLine,1,5,6.26
S303736,O203402,SwiftGo,1,2,9.08
S303737,O205211,ParcelPro,1,4,6.95
S303738,O202272,BlueLine,1,8,5.61
S303739,O205350,SwiftGo,1,1,7.44
S303740,O205470,ParcelPro,1,3,6.76
S303741,O201027,ParcelPro,1,3,4.29
S303742,O201247,AsiaCargo,1,7,4.24
S303743,O202983,BlueLine,1,5,6.53
S303744,O201627,SwiftGo,1,1,10.61
S303745,O201843,BlueLine,1,3,6.62
S303746,O202071,BlueLine,1,7,6.09
S303747,O204521,SwiftGo,1,4,5.9
S303748,O204521,SwiftGo,2,3,8.0
S303749,O202666,BlueLine,1,5,5.38
S303750,O200721,BlueLine,1,5,6.37
S303751,O202872,SwiftGo,1,3,6.91
S303752,O202388,BlueLine,1,2,4.52
S303753,O200355,SwiftGo,1,1,6.22
S303754,O203663,AsiaCargo,1,6,2.53
S303755,O205595,ParcelPro,1,3,7.03
S303756,O205073,SwiftGo,1,1,6.32
S303757,O203002,AsiaCargo,1,6,3.94
S303758,O200920,BlueLine,1,3,3.12
S303759,O204815,AsiaCargo,1,9,5.75
S303760,O200310,SwiftGo,1,1,4.55
S303761,O204182,BlueLine,1,7,7.65
S303762,O203493,SwiftGo,1,2,6.15
S303763,O204016,ParcelPro,1,1,8.4
S303764,O200330,BlueLine,1,3,7.04
S303765,O205563,SwiftGo,1,2,3.4
S303766,O205934,BlueLine,1,6,8.7
S303767,O204371,SwiftGo,1,2,6.8
S303768,O204999,AsiaCargo,1,8,9.46
S303769,O205959,SwiftGo,1,3,6.66
S303770,O201061,SwiftGo,1,1,31.67
S303771,O203558,BlueLine,1,3,2.71
S303772,O203972,SwiftGo,1,4,2.25
S303773,O201740,SwiftGo,1,2,5.15
S303774,O201641,AsiaCargo,1,6,4.3
S303775,O205145,SwiftGo,1,3,8.41
S303776,O201817,BlueLine,1,3,8.88
S303777,O200190,SwiftGo,1,3,5.02
S303778,O205436,AsiaCargo,1,7,4.69
S303779,O200498,SwiftGo,1,1,7.21
S303780,O200019,AsiaCargo,1,6,7.21
S303781,O201243,SwiftGo,1,1,4.39
S303782,O204081,AsiaCargo,1,7,6.87
S303783,O202928,SwiftGo,1,1,6.0
S303784,O202781,ParcelPro,1,2,3.57
S303785,O205671,SwiftGo,1,3,6.36
S303786,O201831,SwiftGo,1,1,4.92
S303787,O200047,ParcelPro,1,1,8.04
S303788,O200269,SwiftGo,1,4,6.96
S303789,O203850,AsiaCargo,1,7,4.58
S303790,O203358,SwiftGo,1,1,5.95
S303791,O204695,SwiftGo,1,3,0.78
S303792,O205679,ParcelPro,1,4,5.5
S303793,O203305,ParcelPro,1,1,2.67
S303794,O205856,ParcelPro,1,4,4.28
S303795,O200488,BlueLine,1,6,8.59
S303796,O203945,AsiaCargo,1,4,16.56
S303797,O202798,SwiftGo,1,2,6.09
S303798,O202798,AsiaCargo,2,7,6.09
S303799,O200723,SwiftGo,1,1,5.58
S303800,O202387,SwiftGo,1,2,4.27
S303801,O204103,AsiaCargo,1,9,26.91
S303802,O204306,BlueLine,1,6,7.06
S303803,O203313,AsiaCargo,1,7,16.92
S303804,O202523,AsiaCargo,1,7,8.49
S303805,O201451,BlueLine,1,5,6.99
S303806,O201502,SwiftGo,1,2,6.38
S303807,O202790,SwiftGo,1,3,3.21
S303808,O205578,SwiftGo,1,1,4.69
S303809,O205342,BlueLine,1,6,6.19
S303810,O202810,BlueLine,1,4,5.36
S303811,O204728,BlueLine,1,6,5.97
S303812,O204802,AsiaCargo,1,6,3.06
S303813,O205886,AsiaCargo,1,9,5.43
S303814,O204905,BlueLine,1,3,4.22
S303815,O203442,ParcelPro,1,4,5.4
S303816,O201714,SwiftGo,1,1,6.96
S303817,O201714,SwiftGo,2,1,9.05
S303818,O201672,SwiftGo,1,2,5.97
S303819,O204900,SwiftGo,1,1,7.39
S303820,O202652,SwiftGo,1,2,3.04
S303821,O205972,SwiftGo,1,1,7.97
S303822,O203482,BlueLine,1,3,5.58
S303823,O204044,BlueLine,1,6,28.97
S303824,O200915,ParcelPro,1,3,37.78
S303825,O205848,ParcelPro,1,5,5.44
S303826,O202065,ParcelPro,1,1,7.07
S303827,O204962,ParcelPro,1,3,4.38
S303828,O200594,BlueLine,1,5,4.82
S303829,O205926,ParcelPro,1,5,8.39
S303830,O204897,BlueLine,1,5,9.57
S303831,O201838,SwiftGo,1,2,7.7
S303832,O203095,ParcelPro,1,3,5.25
S303833,O203084,ParcelPro,1,2,6.93
S303834,O205378,AsiaCargo,1,7,6.26
S303835,O203426,ParcelPro,1,5,3.49
S303836,O202995,SwiftGo,1,1,5.31
S303837,O202559,SwiftGo,1,3,3.59
S303838,O200580,AsiaCargo,1,5,1.28
S303839,O203922,BlueLine,1,5,5.78
S303840,O205482,BlueLine,1,6,8.3
S303841,O202683,ParcelPro,1,3,6.95
S303842,O203697,BlueLine,1,5,7.74
S303843,O202198,AsiaCargo,1,6,4.29
S303844,O201274,SwiftGo,1,2,6.29
S303845,O202183,AsiaCargo,1,9,6.38
S303846,O202672,BlueLine,1,4,6.23
S303847,O202526,SwiftGo,1,1,2.78
S303848,O204978,AsiaCargo,1,6,11.93
S303849,O205611,BlueLine,1,4,5.87
S303850,O201410,SwiftGo,1,2,6.57
S303851,O204211,SwiftGo,1,2,6.32
S303852,O203487,SwiftGo,1,1,4.89
S303853,O202921,AsiaCargo,1,7,8.13
S303854,O203872,SwiftGo,1,1,4.68
S303855,O203107,BlueLine,1,4,6.31
S303856,O204247,SwiftGo,1,3,4.79
S303857,O200090,AsiaCargo,1,6,8.31
S303858,O205987,AsiaCargo,1,6,5.33
S303859,O201267,BlueLine,1,3,3.87
S303860,O205197,ParcelPro,1,1,22.06
S303861,O202610,BlueLine,1,3,3.97
S303862,O203926,AsiaCargo,1,8,8.54
S303863,O203926,SwiftGo,2,2,6.71
S303864,O203037,SwiftGo,1,1,4.96
S303865,O205456,SwiftGo,1,1,5.69
S303866,O204264,SwiftGo,1,2,5.02
S303867,O202843,ParcelPro,1,3,7.09
S303868,O204865,SwiftGo,1,2,20.06
S303869,O201741,ParcelPro,1,3,5.49
S303870,O205322,ParcelPro,1,4,40.45
S303871,O200311,SwiftGo,1,2,6.07
S303872,O203101,ParcelPro,1,3,3.77
S303873,O201128,BlueLine,1,7,19.31
S303874,O201128,ParcelPro,2,3,21.12
S303875,O202891,ParcelPro,1,4,18.87
S303876,O200819,AsiaCargo,1,8,6.66
S303877,O205176,BlueLine,1,4,20.93
S303878,O202981,SwiftGo,1,3,5.15
S303879,O205300,SwiftGo,1,2,4.4
S303880,O205381,SwiftGo,1,1,6.63
S303881,O200115,SwiftGo,1,2,6.43
S303882,O205002,SwiftGo,1,1,5.09
S303883,O203917,AsiaCargo,1,5,6.23
S303884,O201809,BlueLine,1,4,5.74
S303885,O205990,SwiftGo,1,2,6.14
S303886,O205182,SwiftGo,1,2,4.98
S303887,O201721,BlueLine,1,4,5.8
S303888,O201013,BlueLine,1,5,7.93
S303889,O201526,SwiftGo,1,1,6.34
S303890,O200711,SwiftGo,1,2,4.54
S303891,O203765,AsiaCargo,1,8,4.59
S303892,O201799,SwiftGo,1,1,7.06
S303893,O204351,ParcelPro,1,3,6.9
S303894,O202607,BlueLine,1,5,3.59
S303895,O203479,ParcelPro,1,2,2.72
S303896,O203696,ParcelPro,1,5,1.41
S303897,O200369,AsiaCargo,1,6,7.48
S303898,O200705,SwiftGo,1,1,23.42
S303899,O204366,BlueLine,1,4,21.43
S303900,O201440,ParcelPro,1,3,3.78
S303901,O204530,SwiftGo,1,2,8.06
S303902,O204857,BlueLine,1,6,7.2
S303903,O200774,AsiaCargo,1,6,4.69
S303904,O202878,SwiftGo,1,2,5.17
S303905,O205515,ParcelPro,1,2,22.33
S303906,O203309,AsiaCargo,1,6,4.59
S303907,O204760,SwiftGo,1,1,6.22
S303908,O202083,ParcelPro,1,5,8.06
S303909,O204311,SwiftGo,1,1,7.18
S303910,O204311,ParcelPro,2,3,5.49
S303911,O204108,SwiftGo,1,1,4.92
S303912,O205327,SwiftGo,1,2,6.69
S303913,O200392,SwiftGo,1,2,7.47
S303914,O201002,BlueLine,1,4,11.38
S303915,O202879,SwiftGo,1,1,7.97
S303916,O200049,SwiftGo,1,2,4.72
S303917,O204838,BlueLine,1,4,3.79
S303918,O205954,BlueLine,1,4,3.36
S303919,O202012,BlueLine,1,6,6.02
S303920,O200380,ParcelPro,1,4,33.34
S303921,O202075,SwiftGo,1,2,3.74
S303922,O205751,AsiaCargo,1,4,2.84
S303923,O202222,SwiftGo,1,1,5.74
S303924,O202840,BlueLine,1,5,6.35
S303925,O200141,SwiftGo,1,2,3.7
S303926,O201132,BlueLine,1,7,6.62
S303927,O205346,BlueLine,1,6,7.26
S303928,O203840,SwiftGo,1,1,4.7
S303929,O205788,SwiftGo,1,1,8.03
S303930,O200830,BlueLine,1,3,10.91
S303931,O201145,BlueLine,1,6,5.93
S303932,O205841,AsiaCargo,1,7,6.61
S303933,O201928,SwiftGo,1,1,8.43
S303934,O203131,SwiftGo,1,1,6.6
S303935,O203832,ParcelPro,1,3,4.18
S303936,O201295,BlueLine,1,6,6.72
S303937,O200503,SwiftGo,1,1,5.02
S303938,O205094,ParcelPro,1,3,9.66
S303939,O201094,SwiftGo,1,1,5.08
S303940,O201094,ParcelPro,2,4,7.21
S303941,O205015,BlueLine,1,5,4.14
S303942,O200918,SwiftGo,1,2,6.74
S303943,O203103,BlueLine,1,3,5.37
S303944,O203531,SwiftGo,1,4,7.84
S303945,O203531,BlueLine,2,6,4.36
S303946,O202266,ParcelPro,1,2,7.53
S303947,O205598,AsiaCargo,1,6,5.9
S303948,O202834,SwiftGo,1,1,18.29
S303949,O200060,BlueLine,1,2,4.06
S303950,O204479,ParcelPro,1,3,9.28
S303951,O202310,AsiaCargo,1,6,7.58
S303952,O202768,BlueLine,1,3,5.67
S303953,O200625,SwiftGo,1,1,8.36
S303954,O204292,BlueLine,1,4,5.26
S303955,O202780,SwiftGo,1,4,6.52
S303956,O200117,BlueLine,1,4,6.94
S303957,O201538,SwiftGo,1,1,6.49
S303958,O202938,ParcelPro,1,6,2.86
S303959,O205372,AsiaCargo,1,7,4.56
S303960,O205749,SwiftGo,1,1,6.14
S303961,O204030,ParcelPro,1,3,30.91
S303962,O201256,BlueLine,1,5,6.38
S303963,O205250,SwiftGo,1,1,33.18
S303964,O200550,BlueLine,1,3,7.4
S303965,O204589,SwiftGo,1,2,3.62
S303966,O200600,AsiaCargo,1,6,7.47
S303967,O205689,AsiaCargo,1,6,1.28
S303968,O204342,BlueLine,1,5,7.1
S303969,O204947,AsiaCargo,1,6,3.98
S303970,O201731,BlueLine,1,7,40.79
S303971,O205020,AsiaCargo,1,8,6.57
S303972,O204557,SwiftGo,1,2,5.24
S303973,O202823,AsiaCargo,1,6,26.4
S303974,O202028,AsiaCargo,1,9,38.65
S303975,O204203,SwiftGo,1,1,8.18
S303976,O202566,BlueLine,1,5,6.57
S303977,O202820,BlueLine,1,4,6.19
S303978,O204210,ParcelPro,1,3,5.55
S303979,O203276,BlueLine,1,4,7.94
S303980,O205878,ParcelPro,1,3,3.35
S303981,O205878,AsiaCargo,2,5,3.72
S303982,O204645,ParcelPro,1,6,6.98
S303983,O200286,SwiftGo,1,3,6.24
S303984,O200339,SwiftGo,1,1,6.79
S303985,O204191,AsiaCargo,1,5,6.49
S303986,O200530,SwiftGo,1,2,8.36
S303987,O201832,SwiftGo,1,2,6.88
S303988,O202269,SwiftGo,1,3,8.18
S303989,O204501,BlueLine,1,5,4.8
S303990,O202046,ParcelPro,1,5,31.99
S303991,O202886,BlueLine,1,5,4.52
S303992,O201942,AsiaCargo,1,5,3.86
S303993,O204808,BlueLine,1,5,5.0
S303994,O200589,BlueLine,1,2,9.4
S303995,O202217,BlueLine,1,5,6.61
S303996,O202692,AsiaCargo,1,7,4.87
S303997,O202379,SwiftGo,1,1,7.99
S303998,O200415,AsiaCargo,1,8,6.79
S303999,O205050,BlueLine,1,3,3.63
S304000,O204615,BlueLine,1,4,5.09
S304001,O204192,BlueLine,1,7,6.41
S304002,O204192,SwiftGo,2,1,6.66
S304003,O201316,AsiaCargo,1,4,8.92
S304004,O205166,AsiaCargo,1,6,6.95
S304005,O205166,AsiaCargo,2,7,5.09
S304006,O200499,BlueLine,1,4,3.2
S304007,O204444,SwiftGo,1,1,5.52
S304008,O205969,BlueLine,1,4,6.08
S304009,O205664,SwiftGo,1,1,7.46
S304010,O200916,BlueLine,1,6,4.18
S304011,O200916,ParcelPro,2,5,8.31
S304012,O205125,BlueLine,1,1,6.71
S304013,O201059,SwiftGo,1,3,35.03
S304014,O205123,ParcelPro,1,1,3.78
S304015,O204487,ParcelPro,1,5,6.68
S304016,O205013,AsiaCargo,1,5,6.3
S304017,O200062,ParcelPro,1,4,24.91
S304018,O204566,SwiftGo,1,1,24.85
S304019,O204332,BlueLine,1,4,8.44
S304020,O203230,BlueLine,1,5,6.87
S304021,O205950,BlueLine,1,6,9.05
S304022,O205431,BlueLine,1,2,3.47
S304023,O203629,SwiftGo,1,2,6.92
S304024,O205001,ParcelPro,1,2,5.05
S304025,O200967,AsiaCargo,1,6,5.75
S304026,O200236,BlueLine,1,5,8.55
S304027,O202898,SwiftGo,1,2,7.47
S304028,O200605,BlueLine,1,4,8.49
S304029,O200433,SwiftGo,1,1,39.3
S304030,O205796,AsiaCargo,1,6,3.82
S304031,O204653,ParcelPro,1,4,4.49
S304032,O200607,ParcelPro,1,3,5.85
S304033,O204873,SwiftGo,1,4,2.64
S304034,O203369,SwiftGo,1,4,2.35
S304035,O203004,SwiftGo,1,1,5.54
S304036,O204602,BlueLine,1,5,6.69
S304037,O200700,ParcelPro,1,3,7.13
S304038,O200327,AsiaCargo,1,5,4.6
S304039,O200327,SwiftGo,2,1,4.94
S304040,O205499,AsiaCargo,1,8,4.45
S304041,O204526,BlueLine,1,4,6.28
S304042,O203799,SwiftGo,1,1,0.7
S304043,O203799,BlueLine,2,7,2.96
S304044,O203752,BlueLine,1,5,5.0
S304045,O202889,SwiftGo,1,3,23.35
S304046,O204280,SwiftGo,1,1,6.43
S304047,O203226,BlueLine,1,5,8.31
S304048,O201992,AsiaCargo,1,7,4.1
S304049,O205380,ParcelPro,1,5,6.75
S304050,O203911,AsiaCargo,1,7,6.67
S304051,O204529,AsiaCargo,1,7,5.0
S304052,O201155,SwiftGo,1,1,4.57
S304053,O203400,SwiftGo,1,4,7.54
S304054,O201771,SwiftGo,1,1,4.15
S304055,O201771,AsiaCargo,2,7,6.39
S304056,O205310,BlueLine,1,5,9.23
S304057,O204136,AsiaCargo,1,8,5.05
S304058,O202659,SwiftGo,1,3,7.9
S304059,O204060,BlueLine,1,5,4.82
S304060,O205227,ParcelPro,1,4,5.28
S304061,O205547,SwiftGo,1,3,8.86
S304062,O200756,SwiftGo,1,3,7.69
S304063,O202443,BlueLine,1,5,6.51
S304064,O203921,BlueLine,1,6,4.86
S304065,O200649,BlueLine,1,5,4.49
S304066,O202268,BlueLine,1,5,7.52
S304067,O202641,BlueLine,1,4,9.63
S304068,O202748,ParcelPro,1,1,7.34
S304069,O201605,ParcelPro,1,2,5.13
S304070,O205276,SwiftGo,1,1,4.1
S304071,O202079,SwiftGo,1,1,5.38
S304072,O204716,SwiftGo,1,3,5.05
S304073,O203530,ParcelPro,1,3,3.88
S304074,O203530,AsiaCargo,2,5,5.52
S304075,O201235,ParcelPro,1,2,5.14
S304076,O202560,ParcelPro,1,3,6.0
S304077,O205175,BlueLine,1,8,4.6
S304078,O203659,BlueLine,1,4,5.4
S304079,O202788,SwiftGo,1,2,5.47
S304080,O202737,SwiftGo,1,1,6.46
S304081,O200688,SwiftGo,1,2,6.85
S304082,O200566,SwiftGo,1,4,4.65
S304083,O204939,BlueLine,1,3,4.49
S304084,O202961,SwiftGo,1,1,8.55
S304085,O200537,BlueLine,1,2,4.17
S304086,O203968,SwiftGo,1,2,18.17
S304087,O203452,ParcelPro,1,1,4.03
S304088,O205889,SwiftGo,1,1,5.6
S304089,O200428,BlueLine,1,4,4.53
S304090,O202051,SwiftGo,1,2,14.02
S304091,O201463,AsiaCargo,1,5,4.75
S304092,O201773,BlueLine,1,5,5.5
S304093,O201305,SwiftGo,1,3,6.04
S304094,O204354,SwiftGo,1,1,31.76
S304095,O202926,BlueLine,1,6,4.82
S304096,O202639,AsiaCargo,1,7,16.63
S304097,O200520,AsiaCargo,1,7,5.96
S304098,O205375,AsiaCargo,1,7,6.29
S304099,O205199,BlueLine,1,3,2.58
S304100,O200469,SwiftGo,1,1,4.6
S304101,O203713,AsiaCargo,1,7,6.44
S304102,O200061,ParcelPro,1,2,7.08
S304103,O205960,SwiftGo,1,2,3.46
S304104,O203122,ParcelPro,1,2,9.98
S304105,O200042,ParcelPro,1,6,5.92
S304106,O203112,BlueLine,1,2,5.91
S304107,O203551,BlueLine,1,3,7.98
S304108,O204018,AsiaCargo,1,5,5.09
S304109,O201489,SwiftGo,1,3,5.93
S304110,O204834,BlueLine,1,4,6.7
S304111,O205348,AsiaCargo,1,7,6.56
S304112,O201830,ParcelPro,1,2,7.98
S304113,O201719,AsiaCargo,1,7,3.34
S304114,O204356,BlueLine,1,4,7.98
S304115,O202745,ParcelPro,1,3,6.78
S304116,O204093,SwiftGo,1,1,7.59
S304117,O204751,SwiftGo,1,1,6.26
S304118,O204751,SwiftGo,2,2,6.01
S304119,O201022,SwiftGo,1,1,5.17
S304120,O200267,AsiaCargo,1,7,6.25
S304121,O200685,BlueLine,1,4,3.42
S304122,O205606,SwiftGo,1,1,6.63
S304123,O205606,AsiaCargo,2,7,6.46
S304124,O204041,BlueLine,1,9,3.47
S304125,O201025,AsiaCargo,1,5,6.82
S304126,O203029,SwiftGo,1,2,8.14
S304127,O205336,ParcelPro,1,3,5.07
S304128,O204548,SwiftGo,1,2,5.48
S304129,O200956,AsiaCargo,1,6,4.93
S304130,O205924,BlueLine,1,5,3.82
S304131,O200151,SwiftGo,1,3,4.87
S304132,O203074,BlueLine,1,4,4.38
S304133,O202644,BlueLine,1,2,6.69
S304134,O200611,ParcelPro,1,1,7.36
S304135,O200368,ParcelPro,1,4,6.57
S304136,O203466,ParcelPro,1,4,2.88
S304137,O205116,SwiftGo,1,2,6.29
S304138,O204481,BlueLine,1,6,3.98
S304139,O203399,SwiftGo,1,3,2.29
S304140,O205564,AsiaCargo,1,7,3.83
S304141,O200194,BlueLine,1,5,4.56
S304142,O200843,SwiftGo,1,2,7.79
S304143,O200350,SwiftGo,1,1,8.22
S304144,O205395,AsiaCargo,1,6,9.92
S304145,O201326,BlueLine,1,3,4.47
S304146,O200878,BlueLine,1,2,4.81
S304147,O204943,SwiftGo,1,2,5.07
S304148,O205411,ParcelPro,1,2,6.79
S304149,O205411,ParcelPro,2,4,3.74
S304150,O205579,SwiftGo,1,2,3.09
S304151,O204148,SwiftGo,1,2,10.4
S304152,O203764,AsiaCargo,1,5,8.66
S304153,O204635,SwiftGo,1,4,4.66
S304154,O200067,SwiftGo,1,1,6.03
S304155,O200182,SwiftGo,1,3,7.02
S304156,O203005,AsiaCargo,1,5,25.39
S304157,O202974,SwiftGo,1,1,35.21
S304158,O201378,AsiaCargo,1,7,7.94
S304159,O203485,AsiaCargo,1,6,5.43
S304160,O202643,ParcelPro,1,3,31.61
S304161,O205775,SwiftGo,1,1,5.51
S304162,O203700,AsiaCargo,1,7,5.8
S304163,O201718,BlueLine,1,2,7.11
S304164,O202712,BlueLine,1,4,3.88
S304165,O200046,SwiftGo,1,3,4.55
S304166,O202655,SwiftGo,1,2,8.82
S304167,O205376,ParcelPro,1,2,4.96
S304168,O200111,SwiftGo,1,3,18.59
S304169,O200111,SwiftGo,2,2,17.81
S304170,O201551,ParcelPro,1,3,6.15
S304171,O201551,SwiftGo,2,1,7.22
S304172,O202169,SwiftGo,1,4,29.55
S304173,O205289,AsiaCargo,1,5,5.85
S304174,O200297,BlueLine,1,6,10.35
S304175,O200297,BlueLine,2,4,14.48
S304176,O205720,SwiftGo,1,1,4.13
S304177,O201755,BlueLine,1,3,7.59
S304178,O203414,BlueLine,1,5,8.4
S304179,O205187,BlueLine,1,5,4.86
S304180,O204114,BlueLine,1,1,8.29
S304181,O202101,BlueLine,1,5,4.51
S304182,O200812,BlueLine,1,5,5.26
S304183,O202885,ParcelPro,1,5,6.52
S304184,O203731,SwiftGo,1,3,4.43
S304185,O203731,SwiftGo,2,1,6.17
S304186,O200619,ParcelPro,1,3,5.9
S304187,O205935,AsiaCargo,1,7,8.08
S304188,O204691,SwiftGo,1,1,6.5
S304189,O205651,BlueLine,1,4,6.69
S304190,O204810,AsiaCargo,1,6,14.67
S304191,O204215,BlueLine,1,4,5.9
S304192,O200358,AsiaCargo,1,6,5.52
S304193,O205421,SwiftGo,1,3,2.74
S304194,O202454,SwiftGo,1,4,5.22
S304195,O200867,SwiftGo,1,1,13.0
S304196,O202444,AsiaCargo,1,6,8.4
S304197,O204071,SwiftGo,1,3,6.02
S304198,O204651,AsiaCargo,1,9,6.79
S304199,O200613,SwiftGo,1,1,3.28
S304200,O204386,AsiaCargo,1,6,37.39
S304201,O205754,SwiftGo,1,2,6.33
S304202,O200018,AsiaCargo,1,4,5.37
S304203,O204407,AsiaCargo,1,7,7.37
S304204,O202908,ParcelPro,1,3,19.65
S304205,O203859,AsiaCargo,1,6,6.5
S304206,O204389,AsiaCargo,1,7,5.29
S304207,O203591,ParcelPro,1,1,6.26
S304208,O201244,BlueLine,1,5,7.1
S304209,O202147,SwiftGo,1,1,4.58
S304210,O202593,BlueLine,1,5,7.49
S304211,O200186,AsiaCargo,1,7,28.05
S304212,O205700,BlueLine,1,4,8.34
S304213,O205190,BlueLine,1,5,7.05
S304214,O201631,BlueLine,1,2,5.47
S304215,O204095,BlueLine,1,3,4.34
S304216,O200207,ParcelPro,1,5,26.43
S304217,O200866,AsiaCargo,1,7,3.05
S304218,O201503,SwiftGo,1,2,8.07
S304219,O201536,BlueLine,1,2,9.44
S304220,O203142,BlueLine,1,3,7.63
S304221,O203781,BlueLine,1,4,3.94
S304222,O203828,SwiftGo,1,1,4.06
S304223,O200334,BlueLine,1,4,8.77
S304224,O205510,AsiaCargo,1,6,4.48
S304225,O205510,SwiftGo,2,3,4.98
S304226,O202631,SwiftGo,1,3,7.69
S304227,O200255,AsiaCargo,1,7,3.45
S304228,O203956,BlueLine,1,3,34.19
S304229,O200013,SwiftGo,1,1,8.19
S304230,O200524,BlueLine,1,5,5.64
S304231,O200671,AsiaCargo,1,7,5.02
S304232,O205111,BlueLine,1,6,5.18
S304233,O202397,SwiftGo,1,3,6.3
S304234,O205159,AsiaCargo,1,8,5.27
S304235,O200544,BlueLine,1,5,8.73
S304236,O204694,ParcelPro,1,3,3.28
S304237,O205639,BlueLine,1,5,8.36
S304238,O204394,AsiaCargo,1,4,7.97
S304239,O204394,SwiftGo,2,3,4.97
S304240,O202923,ParcelPro,1,4,5.16
S304241,O202864,AsiaCargo,1,5,7.74
S304242,O205608,SwiftGo,1,4,22.76
S304243,O201811,SwiftGo,1,1,5.36
S304244,O201624,SwiftGo,1,1,21.22
S304245,O201624,AsiaCargo,2,10,26.18
S304246,O204585,SwiftGo,1,3,4.49
S304247,O203632,ParcelPro,1,4,5.33
S304248,O203403,AsiaCargo,1,9,1.64
S304249,O202721,SwiftGo,1,2,18.08
S304250,O204535,SwiftGo,1,1,6.94
S304251,O204535,AsiaCargo,2,5,8.01
S304252,O200833,SwiftGo,1,3,2.55
S304253,O202919,SwiftGo,1,1,8.87
S304254,O202919,SwiftGo,2,1,8.64
S304255,O203208,SwiftGo,1,1,7.29
S304256,O204646,SwiftGo,1,2,4.21
S304257,O204747,AsiaCargo,1,7,6.94
S304258,O204705,SwiftGo,1,1,5.42
S304259,O205849,BlueLine,1,6,2.76
S304260,O205849,SwiftGo,2,3,3.68
S304261,O202204,BlueLine,1,4,4.26
S304262,O202006,SwiftGo,1,1,2.3
S304263,O203288,SwiftGo,1,2,5.22
S304264,O202882,ParcelPro,1,3,6.39
S304265,O202882,AsiaCargo,2,6,6.95
S304266,O205231,BlueLine,1,2,4.63
S304267,O203476,ParcelPro,1,2,8.3
S304268,O201198,ParcelPro,1,4,1.16
S304269,O203776,BlueLine,1,6,7.8
S304270,O201504,BlueLine,1,3,6.71
S304271,O201504,AsiaCargo,2,6,7.93
S304272,O202195,AsiaCargo,1,8,37.92
S304273,O203147,SwiftGo,1,1,6.87
S304274,O203147,BlueLine,2,6,7.78
S304275,O200220,SwiftGo,1,1,5.47
S304276,O203733,BlueLine,1,4,3.49
S304277,O203072,AsiaCargo,1,7,26.33
S304278,O204495,BlueLine,1,4,6.91
S304279,O204783,BlueLine,1,5,5.43
S304280,O202870,BlueLine,1,4,4.42
S304281,O201929,AsiaCargo,1,8,6.92
S304282,O202360,BlueLine,1,3,34.49
S304283,O202374,SwiftGo,1,1,5.65
S304284,O202978,AsiaCargo,1,7,7.11
S304285,O202585,SwiftGo,1,2,7.34
S304286,O200549,ParcelPro,1,5,6.54
S304287,O200549,SwiftGo,2,1,7.55
S304288,O203252,BlueLine,1,6,5.26
S304289,O201760,AsiaCargo,1,6,3.64
S304290,O204733,AsiaCargo,1,5,5.68
S304291,O200831,SwiftGo,1,1,6.04
S304292,O200829,ParcelPro,1,3,7.66
S304293,O200829,BlueLine,2,5,7.82
S304294,O200988,BlueLine,1,6,7.81
S304295,O201663,SwiftGo,1,1,5.48
S304296,O202671,BlueLine,1,3,6.4
S304297,O205576,BlueLine,1,3,6.85
S304298,O203677,AsiaCargo,1,7,7.74
S304299,O202664,SwiftGo,1,2,3.2
S304300,O205057,BlueLine,1,5,6.34
S304301,O205942,AsiaCargo,1,6,6.59
S304302,O201720,ParcelPro,1,5,7.89
S304303,O201951,SwiftGo,1,3,8.29
S304304,O200198,SwiftGo,1,1,5.08
S304305,O203932,BlueLine,1,4,3.81
S304306,O202694,BlueLine,1,4,4.62
S304307,O202410,SwiftGo,1,1,5.36
S304308,O200645,BlueLine,1,5,5.89
S304309,O205202,ParcelPro,1,3,7.99
S304310,O203158,SwiftGo,1,2,5.45
S304311,O203158,AsiaCargo,2,7,3.69
S304312,O201582,BlueLine,1,3,3.79
S304313,O203319,BlueLine,1,4,7.22
S304314,O204169,SwiftGo,1,1,28.55
S304315,O202618,SwiftGo,1,1,8.44
S304316,O201035,BlueLine,1,4,7.45
S304317,O200001,SwiftGo,1,1,7.18
S304318,O201470,BlueLine,1,7,5.12
S304319,O200578,SwiftGo,1,3,27.38
S304320,O204166,SwiftGo,1,3,33.64
S304321,O202380,SwiftGo,1,1,6.84
S304322,O200099,SwiftGo,1,3,5.25
S304323,O202356,SwiftGo,1,1,6.06
S304324,O200712,SwiftGo,1,1,2.55
S304325,O204239,BlueLine,1,8,4.81
S304326,O201224,SwiftGo,1,1,15.43
S304327,O204665,SwiftGo,1,3,6.85
S304328,O201509,BlueLine,1,4,4.6
S304329,O203430,ParcelPro,1,2,10.29
S304330,O204879,BlueLine,1,5,8.04
S304331,O201555,BlueLine,1,7,7.4
S304332,O205945,BlueLine,1,3,6.95
S304333,O204015,AsiaCargo,1,9,5.61
S304334,O200597,ParcelPro,1,3,8.19
S304335,O202328,ParcelPro,1,1,8.87
S304336,O202202,ParcelPro,1,4,6.42
S304337,O201310,ParcelPro,1,3,7.32
S304338,O204236,AsiaCargo,1,5,34.79
S304339,O202602,ParcelPro,1,2,6.94
S304340,O202239,ParcelPro,1,2,3.53
S304341,O204426,SwiftGo,1,1,2.79
S304342,O200923,AsiaCargo,1,6,5.58
S304343,O204786,ParcelPro,1,4,6.08
S304344,O200877,BlueLine,1,3,5.7
S304345,O202612,BlueLine,1,4,3.76
S304346,O204860,SwiftGo,1,1,7.01
S304347,O205215,SwiftGo,1,2,3.97
S304348,O204848,AsiaCargo,1,8,7.51
S304349,O200696,AsiaCargo,1,5,7.33
S304350,O202090,SwiftGo,1,1,4.03
S304351,O202555,SwiftGo,1,3,3.29
S304352,O202555,BlueLine,2,3,4.99
S304353,O202616,ParcelPro,1,4,5.41
S304354,O201345,SwiftGo,1,1,2.89
S304355,O200387,SwiftGo,1,3,4.44
S304356,O205532,BlueLine,1,3,6.43
S304357,O201578,BlueLine,1,5,5.52
S304358,O201764,AsiaCargo,1,5,7.63
S304359,O201764,AsiaCargo,2,6,5.53
S304360,O203675,SwiftGo,1,1,7.49
S304361,O200328,ParcelPro,1,4,5.2
S304362,O205575,SwiftGo,1,1,3.59
S304363,O202020,AsiaCargo,1,4,5.14
S304364,O203464,SwiftGo,1,1,3.72
S304365,O202314,ParcelPro,1,1,4.31
S304366,O205830,ParcelPro,1,4,4.87
S304367,O205252,BlueLine,1,5,4.81
S304368,O205504,SwiftGo,1,1,6.15
S304369,O200787,BlueLine,1,3,3.87
S304370,O200048,BlueLine,1,3,6.73
S304371,O205516,BlueLine,1,1,27.75
S304372,O205345,AsiaCargo,1,6,4.48
S304373,O200900,AsiaCargo,1,7,5.39
S304374,O202600,BlueLine,1,4,6.02
S304375,O201997,AsiaCargo,1,6,2.64
S304376,O204451,AsiaCargo,1,8,5.99
S304377,O200396,BlueLine,1,4,2.22
S304378,O205178,AsiaCargo,1,7,7.81
S304379,O204249,ParcelPro,1,3,6.53
S304380,O200922,AsiaCargo,1,10,5.83
S304381,O204187,SwiftGo,1,1,6.42
S304382,O204246,AsiaCargo,1,7,5.33
S304383,O201249,SwiftGo,1,4,7.87
S304384,O204512,AsiaCargo,1,8,7.84
S304385,O202958,SwiftGo,1,2,6.9
S304386,O204950,AsiaCargo,1,7,6.56
S304387,O204491,AsiaCargo,1,5,5.85
S304388,O204491,SwiftGo,2,1,7.56
S304389,O205618,AsiaCargo,1,6,3.87
S304390,O201934,AsiaCargo,1,4,7.9
S304391,O201044,SwiftGo,1,4,6.02
S304392,O205915,ParcelPro,1,4,6.52
S304393,O201730,BlueLine,1,6,11.29
S304394,O205963,SwiftGo,1,3,6.25
S304395,O203429,ParcelPro,1,3,6.42
S304396,O203128,AsiaCargo,1,6,3.54
S304397,O203128,SwiftGo,2,3,4.06
S304398,O203683,AsiaCargo,1,8,5.12
S304399,O203398,SwiftGo,1,1,6.13
S304400,O202623,SwiftGo,1,2,8.18
S304401,O205407,BlueLine,1,3,3.23
S304402,O203242,SwiftGo,1,1,9.6
S304403,O203286,AsiaCargo,1,8,8.79
S304404,O205753,SwiftGo,1,2,4.06
S304405,O201545,SwiftGo,1,1,7.74
S304406,O204876,BlueLine,1,6,3.56
S304407,O205283,BlueLine,1,4,2.95
S304408,O204490,BlueLine,1,3,8.63
S304409,O200329,SwiftGo,1,1,6.39
S304410,O202910,SwiftGo,1,1,9.27
S304411,O205468,SwiftGo,1,1,2.65
S304412,O204781,BlueLine,1,5,7.35
S304413,O201347,SwiftGo,1,1,8.1
S304414,O203447,AsiaCargo,1,7,5.32
S304415,O203448,BlueLine,1,3,5.75
S304416,O203293,BlueLine,1,6,7.9
S304417,O202822,ParcelPro,1,5,6.53
S304418,O202175,BlueLine,1,6,3.27
S304419,O202150,SwiftGo,1,1,5.52
S304420,O202150,BlueLine,2,4,7.46
S304421,O203870,BlueLine,1,6,7.6
S304422,O203590,SwiftGo,1,3,4.88
S304423,O202042,SwiftGo,1,1,5.61
S304424,O200641,SwiftGo,1,2,8.71
S304425,O200641,BlueLine,2,3,6.3
S304426,O203522,AsiaCargo,1,7,6.6
S304427,O201434,BlueLine,1,4,33.98
S304428,O201961,SwiftGo,1,1,6.95
S304429,O202008,ParcelPro,1,3,5.83
S304430,O200418,ParcelPro,1,4,4.84
S304431,O200565,ParcelPro,1,2,7.42
S304432,O200281,SwiftGo,1,1,7.32
S304433,O203260,AsiaCargo,1,8,6.09
S304434,O202343,AsiaCargo,1,5,3.2
S304435,O201464,AsiaCargo,1,6,6.01
S304436,O202756,BlueLine,1,4,9.74
S304437,O204245,BlueLine,1,5,6.92
S304438,O204509,AsiaCargo,1,8,5.99
S304439,O201299,AsiaCargo,1,8,5.41
S304440,O203606,AsiaCargo,1,6,6.63
S304441,O201828,SwiftGo,1,3,4.15
S304442,O201008,BlueLine,1,5,5.88
S304443,O204511,SwiftGo,1,2,5.06
S304444,O204267,ParcelPro,1,3,2.76
S304445,O200361,ParcelPro,1,2,6.32
S304446,O205902,BlueLine,1,3,2.61
S304447,O200471,SwiftGo,1,1,6.66
S304448,O200630,BlueLine,1,2,6.7
S304449,O204140,AsiaCargo,1,7,4.48
S304450,O201581,SwiftGo,1,3,4.98
S304451,O204087,ParcelPro,1,1,3.72
S304452,O201095,BlueLine,1,4,7.46
S304453,O202134,BlueLine,1,5,4.51
S304454,O203370,SwiftGo,1,2,7.81
S304455,O203370,BlueLine,2,3,4.08
S304456,O202347,SwiftGo,1,1,5.05
S304457,O201479,BlueLine,1,3,6.8
S304458,O204013,SwiftGo,1,1,6.6
S304459,O204980,BlueLine,1,4,3.8
S304460,O205351,SwiftGo,1,1,6.44
S304461,O202674,ParcelPro,1,3,6.1
S304462,O205237,SwiftGo,1,1,4.22
S304463,O205553,BlueLine,1,4,2.43
S304464,O205553,BlueLine,2,5,3.72
S304465,O201105,ParcelPro,1,3,3.15
S304466,O205609,SwiftGo,1,2,5.65
S304467,O205233,SwiftGo,1,2,5.42
S304468,O203673,ParcelPro,1,4,5.71
S304469,O203129,SwiftGo,1,3,9.94
S304470,O205864,BlueLine,1,4,6.12
S304471,O200501,SwiftGo,1,2,4.25
S304472,O204097,AsiaCargo,1,6,4.25
S304473,O201697,BlueLine,1,4,29.49
S304474,O201037,BlueLine,1,5,6.43
S304475,O203013,SwiftGo,1,2,7.1
S304476,O202992,SwiftGo,1,2,40.8
S304477,O201776,BlueLine,1,3,8.35
S304478,O205728,ParcelPro,1,5,6.32
S304479,O204233,SwiftGo,1,1,6.77
S304480,O202261,AsiaCargo,1,6,4.43
S304481,O203180,ParcelPro,1,1,4.64
S304482,O200231,AsiaCargo,1,5,28.84
S304483,O200805,SwiftGo,1,1,23.87
S304484,O200883,SwiftGo,1,2,3.9
S304485,O203335,AsiaCargo,1,8,5.29
S304486,O202859,SwiftGo,1,1,4.95
S304487,O203983,SwiftGo,1,1,19.96
S304488,O204328,SwiftGo,1,1,3.63
S304489,O201380,ParcelPro,1,3,4.91
S304490,O204797,AsiaCargo,1,8,5.84
S304491,O202946,ParcelPro,1,3,4.58
S304492,O203500,AsiaCargo,1,5,8.12
S304493,O200021,AsiaCargo,1,8,30.06
S304494,O200021,BlueLine,2,4,28.64
S304495,O205476,SwiftGo,1,4,7.52
S304496,O200388,BlueLine,1,4,5.97
S304497,O202398,BlueLine,1,2,6.5
S304498,O204909,BlueLine,1,2,7.61
S304499,O205940,AsiaCargo,1,7,3.54
S304500,O205572,BlueLine,1,3,5.19
S304501,O200746,SwiftGo,1,2,7.34
S304502,O204727,ParcelPro,1,6,5.33
S304503,O202402,ParcelPro,1,6,7.92
S304504,O204012,SwiftGo,1,2,9.95
S304505,O205581,SwiftGo,1,1,7.24
S304506,O200417,BlueLine,1,3,4.95
S304507,O203600,BlueLine,1,5,4.67
S304508,O203600,AsiaCargo,2,5,3.3
S304509,O202349,SwiftGo,1,3,7.11
S304510,O202339,ParcelPro,1,1,8.16
S304511,O201408,AsiaCargo,1,5,7.9
S304512,O202055,AsiaCargo,1,5,6.74
S304513,O202633,BlueLine,1,5,2.63
S304514,O204809,SwiftGo,1,2,4.78
S304515,O202710,SwiftGo,1,2,3.97
S304516,O204936,AsiaCargo,1,6,4.33
S304517,O205600,SwiftGo,1,1,6.05
S304518,O205600,AsiaCargo,2,7,8.45
S304519,O205518,SwiftGo,1,1,6.53
S304520,O200699,AsiaCargo,1,6,8.95
S304521,O202030,AsiaCargo,1,6,3.5
S304522,O200181,ParcelPro,1,5,8.06
S304523,O200584,SwiftGo,1,2,31.8
S304524,O203873,ParcelPro,1,4,9.01
S304525,O204031,BlueLine,1,3,6.32
S304526,O201610,AsiaCargo,1,7,4.75
S304527,O201610,BlueLine,2,5,8.58
S304528,O202960,AsiaCargo,1,4,4.58
S304529,O201490,BlueLine,1,3,20.65
S304530,O201236,BlueLine,1,6,7.78
S304531,O203220,SwiftGo,1,2,8.16
S304532,O201452,SwiftGo,1,1,12.1
S304533,O205748,SwiftGo,1,1,22.15
S304534,O200535,SwiftGo,1,1,7.76
S304535,O201110,SwiftGo,1,1,6.93
S304536,O201709,ParcelPro,1,2,5.16
S304537,O204055,AsiaCargo,1,4,3.48
S304538,O201523,SwiftGo,1,2,7.88
S304539,O202991,AsiaCargo,1,6,5.67
S304540,O200547,SwiftGo,1,1,6.26
S304541,O203711,AsiaCargo,1,8,8.87
S304542,O204670,SwiftGo,1,3,5.79
S304543,O201405,SwiftGo,1,4,7.31
S304544,O202156,BlueLine,1,5,25.78
S304545,O202439,AsiaCargo,1,4,24.97
S304546,O202667,BlueLine,1,4,5.41
S304547,O204660,BlueLine,1,6,7.55
S304548,O204299,AsiaCargo,1,5,5.5
S304549,O205840,SwiftGo,1,1,9.34
S304550,O205840,SwiftGo,2,3,6.35
S304551,O201785,BlueLine,1,5,8.52
S304552,O203146,AsiaCargo,1,6,2.56
S304553,O203146,SwiftGo,2,1,4.28
S304554,O204111,SwiftGo,1,2,7.29
S304555,O202485,SwiftGo,1,3,29.99
S304556,O202758,AsiaCargo,1,5,6.89
S304557,O202758,ParcelPro,2,1,6.4
S304558,O200367,SwiftGo,1,1,7.24
S304559,O201820,AsiaCargo,1,7,37.74
S304560,O200271,AsiaCargo,1,6,18.32
S304561,O204953,BlueLine,1,4,6.12
S304562,O205447,AsiaCargo,1,7,22.16
S304563,O204812,SwiftGo,1,2,7.68
S304564,O204575,AsiaCargo,1,7,5.0
S304565,O201433,BlueLine,1,3,5.65
S304566,O201433,AsiaCargo,2,9,8.3
S304567,O201935,ParcelPro,1,4,26.86
S304568,O202985,BlueLine,1,4,4.82
S304569,O202985,SwiftGo,2,3,5.7
S304570,O200898,ParcelPro,1,2,7.93
S304571,O201749,SwiftGo,1,1,7.11
S304572,O202130,SwiftGo,1,1,9.67
S304573,O201711,AsiaCargo,1,6,39.37
S304574,O201711,SwiftGo,2,3,36.52
S304575,O202416,BlueLine,1,5,2.26
S304576,O203357,ParcelPro,1,4,4.37
S304577,O205993,ParcelPro,1,2,8.9
S304578,O204159,SwiftGo,1,4,5.82
S304579,O204956,SwiftGo,1,2,7.87
S304580,O202068,BlueLine,1,4,7.29
S304581,O202447,SwiftGo,1,1,7.6
S304582,O200266,BlueLine,1,2,10.19
S304583,O204258,BlueLine,1,3,5.23
S304584,O202133,SwiftGo,1,4,5.84
S304585,O202133,SwiftGo,2,4,3.32
S304586,O201899,BlueLine,1,4,6.69
S304587,O203302,SwiftGo,1,3,20.61
S304588,O202196,AsiaCargo,1,5,3.65
S304589,O205172,AsiaCargo,1,7,5.66
S304590,O205416,BlueLine,1,5,4.79
S304591,O204542,BlueLine,1,4,5.44
S304592,O205113,SwiftGo,1,1,8.92
S304593,O202951,BlueLine,1,5,6.8
S304594,O203744,AsiaCargo,1,5,4.91
S304595,O204587,SwiftGo,1,2,4.78
S304596,O205413,SwiftGo,1,4,6.03
S304597,O200253,AsiaCargo,1,8,39.22
S304598,O203081,SwiftGo,1,2,2.81
S304599,O205338,ParcelPro,1,3,3.62
S304600,O204024,AsiaCargo,1,7,5.9
S304601,O200686,SwiftGo,1,1,4.49
S304602,O202861,SwiftGo,1,3,7.14
S304603,O203984,AsiaCargo,1,5,5.81
S304604,O203437,AsiaCargo,1,6,4.61
S304605,O203486,BlueLine,1,1,3.23
S304606,O203523,ParcelPro,1,4,5.33
S304607,O201266,SwiftGo,1,1,2.73
S304608,O201862,AsiaCargo,1,9,37.6
S304609,O201288,BlueLine,1,2,4.59
S304610,O200086,SwiftGo,1,2,1.87
S304611,O204584,BlueLine,1,7,5.63
S304612,O201498,SwiftGo,1,1,4.84
S304613,O200224,BlueLine,1,5,4.72
S304614,O202837,SwiftGo,1,1,4.83
S304615,O201916,SwiftGo,1,3,7.71
S304616,O201588,AsiaCargo,1,5,5.07
S304617,O201798,SwiftGo,1,1,5.64
S304618,O200377,BlueLine,1,5,5.8
S304619,O203805,SwiftGo,1,1,5.01
S304620,O203805,SwiftGo,2,2,6.87
S304621,O201486,ParcelPro,1,3,4.86
S304622,O205995,SwiftGo,1,1,14.4
S304623,O202111,BlueLine,1,3,3.26
S304624,O202480,BlueLine,1,6,7.98
S304625,O200268,SwiftGo,1,1,3.55
S304626,O201996,BlueLine,1,3,7.7
S304627,O200975,ParcelPro,1,1,25.68
S304628,O204348,SwiftGo,1,1,7.0
S304629,O204348,SwiftGo,2,2,9.11
S304630,O203847,BlueLine,1,6,8.56
S304631,O205823,SwiftGo,1,3,12.66
S304632,O201355,BlueLine,1,6,7.12
S304633,O200460,BlueLine,1,3,6.11
S304634,O203784,AsiaCargo,1,6,5.05
S304635,O200716,BlueLine,1,5,5.82
S304636,O200958,ParcelPro,1,2,5.97
S304637,O205332,SwiftGo,1,2,7.16
S304638,O201000,SwiftGo,1,1,8.72
S304639,O200229,ParcelPro,1,4,7.49
S304640,O205435,AsiaCargo,1,10,9.41
S304641,O204000,SwiftGo,1,1,6.4
S304642,O202549,BlueLine,1,5,5.59
S304643,O205052,ParcelPro,1,4,4.22
S304644,O201837,SwiftGo,1,6,7.43
S304645,O200835,SwiftGo,1,1,7.54
S304646,O205208,BlueLine,1,7,37.49
S304647,O204466,SwiftGo,1,3,7.84
S304648,O202482,ParcelPro,1,6,4.09
S304649,O203109,ParcelPro,1,3,9.3
S304650,O203171,ParcelPro,1,2,5.84
S304651,O200908,SwiftGo,1,3,3.58
S304652,O202321,SwiftGo,1,1,5.76
S304653,O201725,ParcelPro,1,2,5.07
S304654,O202568,ParcelPro,1,2,3.16
S304655,O204539,SwiftGo,1,1,6.74
S304656,O203239,AsiaCargo,1,7,6.08
S304657,O202738,BlueLine,1,5,2.21
S304658,O205752,SwiftGo,1,1,7.5
S304659,O204925,SwiftGo,1,1,4.09
S304660,O202518,SwiftGo,1,1,5.11
S304661,O200556,BlueLine,1,6,9.93
S304662,O202522,SwiftGo,1,2,5.16
S304663,O204676,SwiftGo,1,1,5.71
S304664,O201913,AsiaCargo,1,5,5.19
S304665,O204632,ParcelPro,1,6,2.24
S304666,O201629,BlueLine,1,5,5.43
S304667,O201629,SwiftGo,2,2,4.2
S304668,O202574,SwiftGo,1,2,25.52
S304669,O200441,BlueLine,1,5,6.66
S304670,O200379,SwiftGo,1,1,4.02
S304671,O204556,SwiftGo,1,2,4.45
S304672,O204986,AsiaCargo,1,7,4.59
S304673,O203218,AsiaCargo,1,6,4.52
S304674,O203218,ParcelPro,2,2,4.03
S304675,O203421,SwiftGo,1,1,2.16
S304676,O203421,ParcelPro,2,2,5.26
S304677,O201763,SwiftGo,1,3,4.01
S304678,O205347,BlueLine,1,4,5.63
S304679,O204307,SwiftGo,1,1,5.85
S304680,O203473,AsiaCargo,1,6,1.53
S304681,O204027,SwiftGo,1,1,5.49
S304682,O204027,SwiftGo,2,1,5.84
S304683,O204124,ParcelPro,1,3,7.07
S304684,O203291,SwiftGo,1,2,9.4
S304685,O201601,SwiftGo,1,3,7.27
S304686,O202815,BlueLine,1,4,3.53
S304687,O203202,SwiftGo,1,1,5.8
S304688,O202224,BlueLine,1,4,7.11
S304689,O202224,ParcelPro,2,2,6.17
S304690,O205441,SwiftGo,1,2,3.93
S304691,O205295,SwiftGo,1,1,6.85
S304692,O205822,BlueLine,1,4,7.94
S304693,O204209,AsiaCargo,1,6,15.15
S304694,O203366,AsiaCargo,1,5,5.55
S304695,O203244,BlueLine,1,5,34.34
S304696,O203465,BlueLine,1,4,5.72
S304697,O204176,BlueLine,1,4,18.52
S304698,O204176,AsiaCargo,2,9,17.46
S304699,O205665,SwiftGo,1,1,3.47
S304700,O203906,SwiftGo,1,3,22.18
S304701,O204171,SwiftGo,1,1,19.24
S304702,O204982,AsiaCargo,1,6,4.9
S304703,O204141,SwiftGo,1,2,3.15
S304704,O202408,SwiftGo,1,1,6.65
S304705,O200810,SwiftGo,1,2,6.17
S304706,O205508,SwiftGo,1,2,37.95
S304707,O200993,AsiaCargo,1,9,3.29
S304708,O204424,ParcelPro,1,3,1.91
S304709,O204935,ParcelPro,1,4,9.0
S304710,O205311,SwiftGo,1,3,5.66
S304711,O205167,SwiftGo,1,2,7.15
S304712,O204776,ParcelPro,1,2,8.87
S304713,O202512,AsiaCargo,1,4,2.82
S304714,O205739,ParcelPro,1,4,5.73
S304715,O205676,ParcelPro,1,3,2.9
S304716,O205029,SwiftGo,1,3,3.06
S304717,O204731,AsiaCargo,1,7,6.52
S304718,O204421,SwiftGo,1,1,6.68
S304719,O204825,BlueLine,1,6,6.64
S304720,O200795,SwiftGo,1,1,2.85
S304721,O200534,BlueLine,1,4,8.5
S304722,O203042,SwiftGo,1,2,6.24
S304723,O203990,BlueLine,1,1,6.86
S304724,O201033,SwiftGo,1,1,3.77
S304725,O201394,SwiftGo,1,2,4.03
S304726,O200950,AsiaCargo,1,5,7.13
S304727,O201150,SwiftGo,1,1,8.3
S304728,O203574,AsiaCargo,1,7,5.91
S304729,O203506,ParcelPro,1,2,4.83
S304730,O203052,SwiftGo,1,3,6.28
S304731,O203525,ParcelPro,1,1,33.42
S304732,O203139,BlueLine,1,3,4.58
S304733,O203545,SwiftGo,1,1,7.4
S304734,O200145,BlueLine,1,3,30.92
S304735,O205574,BlueLine,1,1,5.69
S304736,O201596,ParcelPro,1,4,6.99
S304737,O203505,SwiftGo,1,2,7.19
S304738,O204709,SwiftGo,1,2,3.3
S304739,O204709,AsiaCargo,2,8,5.01
S304740,O200144,ParcelPro,1,2,6.17
S304741,O204547,BlueLine,1,5,4.19
S304742,O202227,BlueLine,1,3,29.11
S304743,O203684,SwiftGo,1,1,6.69
S304744,O205928,BlueLine,1,4,6.13
S304745,O201156,SwiftGo,1,1,7.79
S304746,O204428,BlueLine,1,4,5.94
S304747,O202703,ParcelPro,1,3,7.03
S304748,O202703,AsiaCargo,2,7,4.1
S304749,O202929,SwiftGo,1,3,37.09
S304750,O204907,AsiaCargo,1,5,7.27
S304751,O200638,ParcelPro,1,3,4.76
S304752,O205593,SwiftGo,1,6,12.97
S304753,O202390,SwiftGo,1,3,5.34
S304754,O202390,SwiftGo,2,2,7.46
S304755,O203480,ParcelPro,1,2,7.0
S304756,O204764,AsiaCargo,1,6,8.01
S304757,O200719,ParcelPro,1,3,6.84
S304758,O202366,BlueLine,1,6,2.01
S304759,O201842,ParcelPro,1,2,5.22
S304760,O205982,ParcelPro,1,3,7.78
S304761,O200180,SwiftGo,1,3,5.72
S304762,O200208,SwiftGo,1,4,7.87
S304763,O201518,SwiftGo,1,4,8.27
S304764,O204861,AsiaCargo,1,6,4.69
S304765,O200357,SwiftGo,1,1,6.82
S304766,O205944,BlueLine,1,4,4.91
S304767,O205461,SwiftGo,1,4,7.27
S304768,O204579,ParcelPro,1,2,5.73
S304769,O204049,SwiftGo,1,3,4.36
S304770,O205527,SwiftGo,1,4,6.21
S304771,O201517,BlueLine,1,3,5.83
S304772,O203203,BlueLine,1,5,37.68
S304773,O204221,SwiftGo,1,1,3.07
S304774,O200143,ParcelPro,1,4,6.92
S304775,O203882,ParcelPro,1,5,2.41
S304776,O203800,BlueLine,1,4,6.53
S304777,O200615,SwiftGo,1,1,6.79
S304778,O201356,BlueLine,1,5,6.76
S304779,O200125,ParcelPro,1,5,5.77
S304780,O204525,AsiaCargo,1,7,4.19
S304781,O205221,AsiaCargo,1,6,4.95
S304782,O205356,SwiftGo,1,2,7.59
S304783,O204847,SwiftGo,1,3,8.0
S304784,O204756,ParcelPro,1,1,4.9
S304785,O205920,BlueLine,1,2,23.27
S304786,O203277,BlueLine,1,5,6.65
S304787,O204425,BlueLine,1,2,5.76
S304788,O200241,BlueLine,1,4,7.0
S304789,O203827,ParcelPro,1,4,7.18
S304790,O201796,ParcelPro,1,1,7.56
S304791,O202670,BlueLine,1,6,6.13
S304792,O205423,AsiaCargo,1,6,28.51
S304793,O202323,BlueLine,1,7,5.0
S304794,O201370,SwiftGo,1,3,6.66
S304795,O204735,AsiaCargo,1,5,6.03
S304796,O201757,SwiftGo,1,3,4.44
S304797,O200082,BlueLine,1,3,5.75
S304798,O203626,AsiaCargo,1,5,8.68
S304799,O202103,AsiaCargo,1,9,6.02
S304800,O200930,BlueLine,1,6,3.02
S304801,O205444,SwiftGo,1,1,27.14
S304802,O200424,SwiftGo,1,1,6.92
S304803,O204551,BlueLine,1,6,5.61
S304804,O203521,ParcelPro,1,2,24.49
S304805,O204459,AsiaCargo,1,6,6.26
S304806,O202536,BlueLine,1,5,6.31
S304807,O204588,SwiftGo,1,2,4.99
S304808,O205121,ParcelPro,1,2,5.49
S304809,O204385,SwiftGo,1,1,6.97
S304810,O202289,SwiftGo,1,2,3.33
S304811,O203055,BlueLine,1,6,34.9
S304812,O202286,AsiaCargo,1,6,9.19
S304813,O201228,SwiftGo,1,1,6.1
S304814,O201228,AsiaCargo,2,4,7.07
S304815,O204926,SwiftGo,1,1,5.08
S304816,O204569,SwiftGo,1,2,3.79
S304817,O205083,BlueLine,1,6,35.88
S304818,O205083,BlueLine,2,4,34.88
S304819,O205521,BlueLine,1,4,7.58
S304820,O203738,SwiftGo,1,3,9.21
S304821,O202107,SwiftGo,1,1,9.13
S304822,O201185,AsiaCargo,1,5,4.86
S304823,O204414,SwiftGo,1,1,5.3
S304824,O201030,SwiftGo,1,6,4.94
S304825,O202481,AsiaCargo,1,6,34.9
S304826,O202481,SwiftGo,2,1,38.54
S304827,O203304,AsiaCargo,1,6,4.45
S304828,O205874,SwiftGo,1,1,7.92
S304829,O201840,BlueLine,1,4,6.29
S304830,O200573,SwiftGo,1,4,9.92
S304831,O201506,SwiftGo,1,3,26.47
S304832,O204570,SwiftGo,1,2,3.88
S304833,O204570,ParcelPro,2,5,5.45
S304834,O202257,SwiftGo,1,2,6.68
S304835,O201886,AsiaCargo,1,7,6.43
S304836,O203407,BlueLine,1,5,7.19
S304837,O201480,BlueLine,1,6,4.05
S304838,O203232,SwiftGo,1,2,5.21
S304839,O204830,SwiftGo,1,2,4.87
S304840,O205062,SwiftGo,1,4,4.32
S304841,O202793,AsiaCargo,1,7,7.33
S304842,O201209,AsiaCargo,1,7,5.13
S304843,O203497,AsiaCargo,1,8,6.0
S304844,O203950,BlueLine,1,6,5.95
S304845,O204893,AsiaCargo,1,7,2.23
S304846,O201903,AsiaCargo,1,7,4.78
S304847,O205058,SwiftGo,1,2,4.08
S304848,O204614,BlueLine,1,3,6.09
S304849,O204553,ParcelPro,1,4,3.89
S304850,O205839,BlueLine,1,5,3.63
S304851,O205473,BlueLine,1,6,7.26
S304852,O200210,AsiaCargo,1,7,5.77
S304853,O204641,BlueLine,1,5,7.38
S304854,O200974,AsiaCargo,1,7,5.05
S304855,O204224,ParcelPro,1,2,5.21
S304856,O201497,BlueLine,1,7,4.32
S304857,O200513,SwiftGo,1,1,6.88
S304858,O203117,AsiaCargo,1,6,7.6
S304859,O205186,BlueLine,1,1,6.15
S304860,O201795,SwiftGo,1,2,4.05
S304861,O204355,SwiftGo,1,1,3.68
S304862,O200473,SwiftGo,1,4,4.65
S304863,O201560,SwiftGo,1,1,6.11
S304864,O205530,ParcelPro,1,3,2.33
S304865,O205530,ParcelPro,2,3,5.32
S304866,O200942,SwiftGo,1,1,3.53
S304867,O200635,SwiftGo,1,3,6.27
S304868,O202190,SwiftGo,1,3,5.68
S304869,O203062,BlueLine,1,4,4.37
S304870,O205047,SwiftGo,1,2,6.27
S304871,O202880,SwiftGo,1,2,8.09
S304872,O205268,ParcelPro,1,3,3.79
S304873,O203584,BlueLine,1,5,6.01
S304874,O201568,BlueLine,1,5,4.94
S304875,O204006,SwiftGo,1,3,2.88
S304876,O204006,BlueLine,2,4,7.26
S304877,O200020,ParcelPro,1,3,38.18
S304878,O204655,SwiftGo,1,1,1.95
S304879,O204381,AsiaCargo,1,5,22.9
S304880,O205141,AsiaCargo,1,7,7.85
S304881,O203236,ParcelPro,1,2,6.19
S304882,O202470,SwiftGo,1,2,5.31
S304883,O205971,BlueLine,1,5,22.51
S304884,O201742,SwiftGo,1,1,5.63
S304885,O202084,BlueLine,1,4,7.0
S304886,O200876,SwiftGo,1,1,5.14
S304887,O201797,SwiftGo,1,2,4.77
S304888,O200209,BlueLine,1,4,4.88
S304889,O202582,SwiftGo,1,1,3.93
S304890,O202122,SwiftGo,1,2,6.21
S304891,O202122,SwiftGo,2,1,2.11
S304892,O203409,BlueLine,1,3,7.55
S304893,O204852,SwiftGo,1,1,7.69
S304894,O205566,SwiftGo,1,1,4.68
S304895,O202144,ParcelPro,1,3,6.3
S304896,O203121,BlueLine,1,3,3.63
S304897,O201211,BlueLine,1,6,7.18
S304898,O204949,ParcelPro,1,2,4.69
S304899,O202221,SwiftGo,1,1,5.2
S304900,O202563,AsiaCargo,1,6,7.3
S304901,O202484,SwiftGo,1,5,6.38
S304902,O202425,BlueLine,1,3,5.58
S304903,O202088,SwiftGo,1,1,4.49
S304904,O200730,ParcelPro,1,3,35.19
S304905,O200730,SwiftGo,2,5,37.49
S304906,O202543,SwiftGo,1,3,6.85
S304907,O203824,BlueLine,1,5,8.84
S304908,O201753,BlueLine,1,3,9.07
S304909,O202316,ParcelPro,1,2,6.39
S304910,O205877,SwiftGo,1,1,3.66
S304911,O200608,AsiaCargo,1,6,5.9
S304912,O201746,BlueLine,1,5,5.86
S304913,O200893,SwiftGo,1,2,4.79
S304914,O203367,SwiftGo,1,1,5.27
S304915,O201812,ParcelPro,1,4,4.03
S304916,O200121,BlueLine,1,6,3.79
S304917,O202105,BlueLine,1,8,3.59
S304918,O203739,AsiaCargo,1,7,3.81
S304919,O202813,SwiftGo,1,2,6.12
S304920,O205393,AsiaCargo,1,7,36.14
S304921,O202833,SwiftGo,1,1,15.34
S304922,O200964,BlueLine,1,5,4.72
S304923,O201178,SwiftGo,1,3,5.8
S304924,O202475,AsiaCargo,1,6,4.96
S304925,O200794,BlueLine,1,5,7.4
S304926,O203205,BlueLine,1,5,5.28
S304927,O203311,SwiftGo,1,1,6.06
S304928,O205962,BlueLine,1,4,4.3
S304929,O203866,AsiaCargo,1,7,6.65
S304930,O205056,BlueLine,1,5,2.87
S304931,O201159,SwiftGo,1,4,6.25
S304932,O205449,AsiaCargo,1,5,5.68
S304933,O205120,BlueLine,1,5,3.6
S304934,O202540,BlueLine,1,6,5.82
S304935,O202049,AsiaCargo,1,8,7.31
S304936,O200865,ParcelPro,1,2,3.02
S304937,O202342,SwiftGo,1,1,3.44
S304938,O205318,ParcelPro,1,4,7.83
S304939,O202521,BlueLine,1,5,3.83
S304940,O201643,AsiaCargo,1,6,5.51
S304941,O202842,SwiftGo,1,2,22.63
S304942,O200951,SwiftGo,1,1,27.84
S304943,O202025,AsiaCargo,1,7,6.39
S304944,O204964,BlueLine,1,5,30.69
S304945,O201164,AsiaCargo,1,4,4.65
S304946,O202535,BlueLine,1,3,5.56
S304947,O205537,SwiftGo,1,2,5.69
S304948,O204729,BlueLine,1,7,6.11
S304949,O202970,BlueLine,1,8,7.43
S304950,O202994,AsiaCargo,1,8,4.71
S304951,O200932,SwiftGo,1,1,6.85
S304952,O205500,BlueLine,1,4,6.28
S304953,O202759,BlueLine,1,6,28.22
S304954,O202759,SwiftGo,2,5,28.47
S304955,O200581,SwiftGo,1,1,4.95
S304956,O201853,SwiftGo,1,2,5.84
S304957,O201651,AsiaCargo,1,9,7.47
S304958,O205021,SwiftGo,1,1,6.54
S304959,O204132,SwiftGo,1,2,6.14
S304960,O204376,ParcelPro,1,4,4.14
S304961,O205397,BlueLine,1,4,5.1
S304962,O204717,SwiftGo,1,1,6.72
S304963,O200732,AsiaCargo,1,5,5.36
S304964,O203679,BlueLine,1,5,1.53
S304965,O203206,AsiaCargo,1,4,4.02
S304966,O200799,SwiftGo,1,3,10.24
S304967,O201529,SwiftGo,1,2,6.88
S304968,O201638,BlueLine,1,4,8.35
S304969,O201270,BlueLine,1,6,7.56
S304970,O201679,BlueLine,1,4,5.55
S304971,O202873,SwiftGo,1,1,6.31
S304972,O203339,SwiftGo,1,1,5.58
S304973,O204872,BlueLine,1,8,4.48
S304974,O200451,ParcelPro,1,3,4.64
S304975,O203809,SwiftGo,1,2,4.67
S304976,O203489,AsiaCargo,1,6,7.8
S304977,O200258,ParcelPro,1,4,5.1
S304978,O203915,SwiftGo,1,3,5.2
S304979,O202517,BlueLine,1,4,9.89
S304980,O201432,AsiaCargo,1,4,21.29
S304981,O200252,BlueLine,1,4,7.78
S304982,O203908,BlueLine,1,5,6.24
S304983,O203721,ParcelPro,1,3,4.96
S304984,O201337,ParcelPro,1,3,5.3
S304985,O200906,SwiftGo,1,4,3.86
S304986,O202229,BlueLine,1,5,2.68
S304987,O203287,AsiaCargo,1,6,5.33
S304988,O203287,SwiftGo,2,3,4.88
S304989,O200136,AsiaCargo,1,6,4.18
S304990,O201872,AsiaCargo,1,7,7.49
S304991,O202645,BlueLine,1,5,6.43
S304992,O204184,BlueLine,1,3,4.54
S304993,O204309,AsiaCargo,1,9,17.78
S304994,O202486,SwiftGo,1,1,5.98
S304995,O202486,AsiaCargo,2,6,4.06
S304996,O205539,SwiftGo,1,2,4.63
S304997,O202964,BlueLine,1,5,7.22
S304998,O201077,SwiftGo,1,3,6.14
S304999,O205432,BlueLine,1,4,6.21
S305000,O204538,ParcelPro,1,4,5.53
S305001,O202866,BlueLine,1,5,7.73
S305002,O201308,SwiftGo,1,3,2.66
S305003,O202839,ParcelPro,1,1,5.62
S305004,O200668,AsiaCargo,1,8,7.05
S305005,O204627,AsiaCargo,1,6,8.54
S305006,O204889,SwiftGo,1,5,5.94
S305007,O205666,BlueLine,1,3,7.26
S305008,O205258,BlueLine,1,3,4.67
S305009,O204369,AsiaCargo,1,4,7.77
S305010,O203181,BlueLine,1,3,5.93
S305011,O205961,BlueLine,1,4,4.8
S305012,O205961,BlueLine,2,5,3.34
S305013,O201859,BlueLine,1,5,7.57
S305014,O204121,ParcelPro,1,5,7.4
S305015,O205545,SwiftGo,1,3,6.13
S305016,O200917,SwiftGo,1,3,9.01
S305017,O203939,BlueLine,1,1,19.57
S305018,O201113,SwiftGo,1,1,6.28
S305019,O204083,SwiftGo,1,2,5.12
S305020,O202800,SwiftGo,1,3,4.98
S305021,O205165,SwiftGo,1,1,4.68
S305022,O203706,AsiaCargo,1,7,4.93
S305023,O202351,ParcelPro,1,5,16.56
S305024,O205585,BlueLine,1,3,3.54
S305025,O205777,BlueLine,1,4,5.77
S305026,O204771,BlueLine,1,3,7.03
S305027,O205650,BlueLine,1,3,5.35
S305028,O204173,BlueLine,1,5,5.06
S305029,O200761,SwiftGo,1,1,8.1
S305030,O204944,BlueLine,1,6,7.03
S305031,O201525,BlueLine,1,2,7.97
S305032,O205225,ParcelPro,1,4,5.43
S305033,O202646,AsiaCargo,1,7,5.55
S305034,O205632,BlueLine,1,4,5.26
S305035,O204921,BlueLine,1,2,5.05
S305036,O202340,BlueLine,1,5,5.56
S305037,O200474,ParcelPro,1,2,5.67
S305038,O200748,SwiftGo,1,2,7.55
S305039,O200919,SwiftGo,1,2,5.86
S305040,O205584,ParcelPro,1,3,7.95
S305041,O201634,SwiftGo,1,1,7.34
S305042,O200230,ParcelPro,1,3,7.19
S305043,O200081,BlueLine,1,5,6.24
S305044,O204278,SwiftGo,1,5,7.25
S305045,O201225,BlueLine,1,4,4.96
S305046,O203459,SwiftGo,1,1,20.0
S305047,O205081,SwiftGo,1,1,8.07
S305048,O202242,BlueLine,1,6,9.42
S305049,O203602,BlueLine,1,3,6.24
S305050,O205239,ParcelPro,1,3,8.0
S305051,O201658,ParcelPro,1,3,6.58
S305052,O200069,SwiftGo,1,2,7.78
S305053,O202675,AsiaCargo,1,7,6.49
S305054,O202228,ParcelPro,1,5,4.56
S305055,O203351,SwiftGo,1,1,5.87
S305056,O202124,BlueLine,1,5,6.71
S305057,O201569,BlueLine,1,3,8.89
S305058,O200646,BlueLine,1,4,4.28
S305059,O200646,SwiftGo,2,2,4.74
S305060,O203217,SwiftGo,1,1,6.25
S305061,O203165,SwiftGo,1,1,5.44
S305062,O200468,AsiaCargo,1,5,7.02
S305063,O203672,SwiftGo,1,1,7.16
S305064,O203686,SwiftGo,1,1,4.06
S305065,O200375,AsiaCargo,1,7,5.13
S305066,O200571,ParcelPro,1,5,4.75
S305067,O200280,BlueLine,1,4,5.35
S305068,O204749,BlueLine,1,3,3.98
S305069,O203093,BlueLine,1,7,6.59
S305070,O200861,BlueLine,1,4,5.57
S305071,O204439,BlueLine,1,5,4.76
S305072,O204144,AsiaCargo,1,6,8.3
S305073,O200860,SwiftGo,1,2,7.41
S305074,O203360,AsiaCargo,1,5,5.95
S305075,O205469,SwiftGo,1,5,4.34
S305076,O200525,AsiaCargo,1,7,17.09
S305077,O205495,BlueLine,1,4,7.6
S305078,O202036,SwiftGo,1,1,4.87
S305079,O202036,ParcelPro,2,3,7.88
S305080,O200854,AsiaCargo,1,7,4.99
S305081,O202816,SwiftGo,1,1,5.18
S305082,O200663,SwiftGo,1,2,5.59
S305083,O204517,SwiftGo,1,1,7.26
S305084,O205340,BlueLine,1,5,6.82
S305085,O202925,SwiftGo,1,1,4.69
S305086,O202180,SwiftGo,1,2,6.0
S305087,O202306,SwiftGo,1,1,3.62
S305088,O205489,BlueLine,1,6,4.83
S305089,O204118,AsiaCargo,1,5,4.66
S305090,O200055,ParcelPro,1,2,7.85
S305091,O200055,BlueLine,2,2,7.69
S305092,O200408,AsiaCargo,1,7,6.53
S305093,O203016,SwiftGo,1,1,7.26
S305094,O205189,AsiaCargo,1,5,3.91
S305095,O205880,SwiftGo,1,1,5.07
S305096,O204871,SwiftGo,1,1,6.92
S305097,O200954,BlueLine,1,6,2.93
S305098,O204505,BlueLine,1,4,20.87
S305099,O203676,BlueLine,1,3,5.75
S305100,O203443,AsiaCargo,1,7,2.54
S305101,O204598,SwiftGo,1,5,3.2
S305102,O202064,BlueLine,1,6,34.02
S305103,O202064,BlueLine,2,5,30.86
S305104,O201439,SwiftGo,1,1,4.88
S305105,O201585,BlueLine,1,6,5.88
S305106,O202074,AsiaCargo,1,6,3.96
S305107,O203169,SwiftGo,1,4,5.43
S305108,O204062,AsiaCargo,1,7,6.67
S305109,O202348,AsiaCargo,1,6,6.22
S305110,O204065,AsiaCargo,1,5,6.7
S305111,O204465,SwiftGo,1,2,6.94
S305112,O204462,SwiftGo,1,1,6.97
S305113,O200970,ParcelPro,1,2,6.95
S305114,O202786,ParcelPro,1,3,3.52
S305115,O202298,SwiftGo,1,3,7.29
S305116,O205169,ParcelPro,1,3,7.47
S305117,O204744,SwiftGo,1,4,6.43
S305118,O202259,BlueLine,1,5,4.78
S305119,O203589,BlueLine,1,4,5.49
S305120,O204295,BlueLine,1,4,7.72
S305121,O202017,SwiftGo,1,2,4.9
S305122,O201050,BlueLine,1,7,4.65
S305123,O201937,SwiftGo,1,2,5.9
S305124,O200094,SwiftGo,1,1,5.58
S305125,O200191,SwiftGo,1,1,30.12
S305126,O204675,BlueLine,1,5,5.68
S305127,O205008,ParcelPro,1,6,8.69
S305128,O205702,BlueLine,1,6,3.16
S305129,O204142,BlueLine,1,3,6.73
S305130,O204384,ParcelPro,1,2,6.93
S305131,O204257,BlueLine,1,6,4.42
S305132,O200770,BlueLine,1,4,9.2
S305133,O205800,BlueLine,1,6,5.79
S305134,O201839,AsiaCargo,1,8,5.1
S305135,O200039,SwiftGo,1,1,5.44
S305136,O204559,SwiftGo,1,1,9.33
S305137,O204559,BlueLine,2,2,4.8
S305138,O205354,BlueLine,1,5,7.95
S305139,O205354,BlueLine,2,5,7.66
S305140,O202466,SwiftGo,1,3,4.49
S305141,O200465,SwiftGo,1,1,6.36
S305142,O200465,BlueLine,2,4,7.1
S305143,O202120,BlueLine,1,4,6.64
S305144,O202811,BlueLine,1,6,4.21
S305145,O201825,BlueLine,1,6,17.27
S305146,O200078,ParcelPro,1,3,7.71
S305147,O201157,AsiaCargo,1,5,7.08
S305148,O203656,SwiftGo,1,2,5.08
S305149,O201946,SwiftGo,1,2,28.89
S305150,O205761,SwiftGo,1,3,6.66
S305151,O203477,AsiaCargo,1,5,6.05
S305152,O200782,SwiftGo,1,1,5.87
S305153,O202302,SwiftGo,1,2,7.09
S305154,O205919,BlueLine,1,3,3.96
S305155,O205179,BlueLine,1,2,4.28
S305156,O204993,AsiaCargo,1,7,5.85
S305157,O203111,SwiftGo,1,3,4.89
S305158,O202953,SwiftGo,1,2,6.61
S305159,O203864,BlueLine,1,4,7.73
S305160,O202783,BlueLine,1,4,5.05
S305161,O202763,SwiftGo,1,1,37.6
S305162,O202835,SwiftGo,1,1,3.24
S305163,O202762,SwiftGo,1,2,5.35
S305164,O200629,BlueLine,1,6,6.02
S305165,O202044,BlueLine,1,5,3.33
S305166,O205010,AsiaCargo,1,6,7.26
S305167,O205806,AsiaCargo,1,7,27.25
S305168,O201850,SwiftGo,1,2,8.24
S305169,O204147,SwiftGo,1,2,19.59
S305170,O205206,SwiftGo,1,1,10.48
S305171,O205308,BlueLine,1,4,5.15
S305172,O202462,AsiaCargo,1,6,4.98
S305173,O205655,ParcelPro,1,7,8.24
S305174,O202181,AsiaCargo,1,7,4.92
S305175,O205784,BlueLine,1,1,6.84
S305176,O205783,SwiftGo,1,1,3.28
S305177,O202290,AsiaCargo,1,5,2.64
S305178,O201931,SwiftGo,1,4,2.4
S305179,O204763,BlueLine,1,5,20.56
S305180,O205550,ParcelPro,1,3,5.34
S305181,O205620,SwiftGo,1,3,5.74
S305182,O202483,BlueLine,1,4,6.45
S305183,O200627,SwiftGo,1,2,6.72
S305184,O201208,BlueLine,1,4,6.77
S305185,O200035,BlueLine,1,4,4.82
S305186,O202179,BlueLine,1,4,6.0
S305187,O204984,SwiftGo,1,1,6.59
S305188,O204984,AsiaCargo,2,6,5.05
S305189,O203838,ParcelPro,1,4,4.93
S305190,O203681,AsiaCargo,1,5,4.11
S305191,O200508,BlueLine,1,3,30.43
S305192,O200744,SwiftGo,1,3,7.71
S305193,O202177,SwiftGo,1,1,9.31
S305194,O200395,BlueLine,1,3,7.54
S305195,O204199,SwiftGo,1,3,4.05
S305196,O204507,BlueLine,1,4,4.79
S305197,O202151,ParcelPro,1,3,8.12
S305198,O205514,AsiaCargo,1,4,2.6
S305199,O205652,AsiaCargo,1,4,3.61
S305200,O205652,BlueLine,2,7,4.98
S305201,O204807,SwiftGo,1,4,7.21
S305202,O202413,SwiftGo,1,1,2.09
S305203,O200529,BlueLine,1,5,7.16
S305204,O203133,AsiaCargo,1,8,3.68
S305205,O204989,ParcelPro,1,4,6.17
S305206,O204989,BlueLine,2,5,6.36
S305207,O203462,SwiftGo,1,2,5.85
S305208,O201390,ParcelPro,1,3,5.54
S305209,O204506,SwiftGo,1,1,13.19
S305210,O203259,SwiftGo,1,1,5.91
S305211,O203259,SwiftGo,2,3,5.91
S305212,O203991,AsiaCargo,1,8,4.43
S305213,O204576,ParcelPro,1,3,2.7
S305214,O204576,BlueLine,2,6,2.47
S305215,O200980,SwiftGo,1,1,2.74
S305216,O200980,AsiaCargo,2,7,6.85
S305217,O200206,SwiftGo,1,2,8.3
S305218,O204430,BlueLine,1,3,6.54
S305219,O205418,BlueLine,1,3,3.97
S305220,O202792,ParcelPro,1,2,6.3
S305221,O201476,SwiftGo,1,1,6.89
S305222,O200585,SwiftGo,1,3,4.81
S305223,O204289,SwiftGo,1,2,5.42
S305224,O204419,AsiaCargo,1,6,19.21
S305225,O204419,ParcelPro,2,2,15.46
S305226,O200791,BlueLine,1,2,5.78
S305227,O201688,ParcelPro,1,3,6.38
S305228,O201019,ParcelPro,1,3,7.07
S305229,O200264,ParcelPro,1,4,7.82
S305230,O204474,BlueLine,1,6,10.48
S305231,O201994,AsiaCargo,1,5,5.23
S305232,O205033,AsiaCargo,1,7,6.89
S305233,O202642,BlueLine,1,7,7.68
S305234,O201909,AsiaCargo,1,4,4.94
S305235,O205043,BlueLine,1,5,5.8
S305236,O200187,SwiftGo,1,1,12.59
S305237,O202493,ParcelPro,1,3,5.13
S305238,O201292,AsiaCargo,1,7,5.66
S305239,O201093,SwiftGo,1,3,4.29
S305240,O201468,ParcelPro,1,4,11.33
S305241,O204021,SwiftGo,1,2,3.87
S305242,O201712,ParcelPro,1,4,3.71
S305243,O205604,SwiftGo,1,1,5.33
S305244,O200139,ParcelPro,1,2,7.92
S305245,O200033,SwiftGo,1,1,5.2
S305246,O202279,SwiftGo,1,2,7.0
S305247,O202146,AsiaCargo,1,2,33.44
S305248,O205569,SwiftGo,1,2,3.27
S305249,O202128,ParcelPro,1,1,6.68
S305250,O202446,AsiaCargo,1,4,4.99
S305251,O201202,AsiaCargo,1,7,7.65
S305252,O201357,SwiftGo,1,1,7.16
S305253,O200346,BlueLine,1,6,4.15
S305254,O205897,AsiaCargo,1,5,34.93
S305255,O205370,ParcelPro,1,3,4.39
S305256,O204180,AsiaCargo,1,7,20.47
S305257,O202510,ParcelPro,1,2,7.27
S305258,O204696,AsiaCargo,1,8,6.18
S305259,O200982,AsiaCargo,1,7,4.77
S305260,O204022,BlueLine,1,5,8.41
S305261,O204401,BlueLine,1,6,3.0
S305262,O205721,AsiaCargo,1,5,9.08
S305263,O201847,AsiaCargo,1,5,30.55
S305264,O201847,ParcelPro,2,4,28.68
S305265,O203472,ParcelPro,1,3,3.73
S305266,O201708,BlueLine,1,4,10.47
S305267,O204237,SwiftGo,1,2,5.31
S305268,O204624,BlueLine,1,6,6.68
S305269,O205080,BlueLine,1,4,5.66
S305270,O201393,SwiftGo,1,2,6.97
S305271,O202296,AsiaCargo,1,5,6.95
S305272,O202456,ParcelPro,1,3,3.43
S305273,O200108,SwiftGo,1,2,4.03
S305274,O202276,AsiaCargo,1,5,5.98
S305275,O202270,BlueLine,1,7,4.27
S305276,O204915,AsiaCargo,1,8,23.77
S305277,O201907,BlueLine,1,3,31.84
S305278,O205305,AsiaCargo,1,5,7.54
S305279,O205305,SwiftGo,2,1,3.12
S305280,O203092,ParcelPro,1,2,3.88
S305281,O200574,BlueLine,1,5,17.88
S305282,O202628,BlueLine,1,6,7.39
S305283,O202848,ParcelPro,1,4,5.89
S305284,O201674,AsiaCargo,1,7,6.24
S305285,O204297,BlueLine,1,5,6.46
S305286,O200092,SwiftGo,1,3,7.77
S305287,O200698,ParcelPro,1,4,10.96
S305288,O205766,BlueLine,1,4,4.77
S305289,O201500,SwiftGo,1,1,6.34
S305290,O202412,SwiftGo,1,2,19.69
S305291,O201772,AsiaCargo,1,7,10.5
S305292,O201205,BlueLine,1,8,39.46
S305293,O204536,AsiaCargo,1,6,29.37
S305294,O204536,BlueLine,2,7,30.84
S305295,O201918,ParcelPro,1,2,32.15
S305296,O200952,ParcelPro,1,3,5.42
S305297,O202418,SwiftGo,1,1,17.92
S305298,O204163,ParcelPro,1,4,5.53
S305299,O202131,SwiftGo,1,2,23.83
S305300,O202959,ParcelPro,1,3,6.12
S305301,O202603,SwiftGo,1,1,5.61
S305302,O201878,SwiftGo,1,3,2.29
S305303,O202932,SwiftGo,1,4,31.89
S305304,O202791,SwiftGo,1,1,6.99
S305305,O204363,AsiaCargo,1,6,7.63
S305306,O204363,BlueLine,2,4,4.36
S305307,O205299,BlueLine,1,6,3.82
S305308,O205709,SwiftGo,1,2,31.5
S305309,O205626,SwiftGo,1,3,6.62
S305310,O202171,BlueLine,1,5,3.68
S305311,O200884,AsiaCargo,1,5,6.51
S305312,O202680,AsiaCargo,1,7,2.8
S305313,O200704,SwiftGo,1,3,5.34
S305314,O205913,SwiftGo,1,2,6.59
S305315,O203342,BlueLine,1,5,8.47
S305316,O202881,ParcelPro,1,3,7.92
S305317,O204662,ParcelPro,1,3,7.74
S305318,O203780,AsiaCargo,1,5,4.99
S305319,O204841,SwiftGo,1,2,37.58
S305320,O204841,BlueLine,2,5,35.78
S305321,O202986,ParcelPro,1,3,7.21
S305322,O205243,SwiftGo,1,2,7.0
S305323,O200085,BlueLine,1,6,2.66
S305324,O205219,SwiftGo,1,2,6.66
S305325,O205922,BlueLine,1,4,2.45
S305326,O202491,ParcelPro,1,4,5.44
S305327,O202491,SwiftGo,2,1,5.18
S305328,O200985,SwiftGo,1,5,11.55
S305329,O200583,SwiftGo,1,1,6.27
S305330,O201756,SwiftGo,1,2,3.63
S305331,O203010,SwiftGo,1,1,6.8
S305332,O203010,ParcelPro,2,4,6.07
S305333,O204652,ParcelPro,1,3,6.04
S305334,O200533,BlueLine,1,6,6.67
S305335,O200149,ParcelPro,1,5,22.4
S305336,O203200,AsiaCargo,1,6,3.77
S305337,O203450,BlueLine,1,4,19.65
S305338,O205712,SwiftGo,1,3,7.22
S305339,O202085,SwiftGo,1,1,6.83
S305340,O200564,AsiaCargo,1,5,6.75
S305341,O200509,SwiftGo,1,3,6.56
S305342,O203211,BlueLine,1,3,4.07
S305343,O204475,BlueLine,1,6,5.21
S305344,O203249,AsiaCargo,1,7,2.57
S305345,O203249,BlueLine,2,6,5.0
S305346,O205694,SwiftGo,1,1,25.55
S305347,O203315,SwiftGo,1,3,4.98
S305348,O203315,SwiftGo,2,1,5.88
S305349,O205274,ParcelPro,1,5,25.57
S305350,O205274,AsiaCargo,2,8,30.48
S305351,O204437,BlueLine,1,5,21.11
S305352,O200870,SwiftGo,1,2,4.47
S305353,O204477,BlueLine,1,4,5.09
S305354,O200838,SwiftGo,1,3,6.53
S305355,O200838,ParcelPro,2,4,4.47
S305356,O202717,SwiftGo,1,4,6.64
S305357,O201090,BlueLine,1,3,6.34
S305358,O201090,AsiaCargo,2,6,6.1
S305359,O205433,SwiftGo,1,3,4.23
S305360,O205152,BlueLine,1,5,4.6
S305361,O204161,SwiftGo,1,2,9.26
S305362,O205925,ParcelPro,1,5,6.41
S305363,O203498,BlueLine,1,5,5.92
S305364,O204784,SwiftGo,1,1,5.73
S305365,O204784,AsiaCargo,2,8,4.53
S305366,O201777,SwiftGo,1,3,7.56
S305367,O200579,ParcelPro,1,4,7.48
S305368,O201800,SwiftGo,1,4,5.97
S305369,O205882,BlueLine,1,5,6.31
S305370,O204699,AsiaCargo,1,5,3.66
S305371,O201834,BlueLine,1,7,4.41
S305372,O202320,AsiaCargo,1,7,2.12
S305373,O201078,ParcelPro,1,4,3.75
S305374,O203064,BlueLine,1,6,6.66
S305375,O201392,SwiftGo,1,2,4.92
S305376,O202624,AsiaCargo,1,7,5.89
S305377,O202624,BlueLine,2,6,5.67
S305378,O205064,SwiftGo,1,4,39.12
S305379,O205923,BlueLine,1,6,7.64
S305380,O205669,SwiftGo,1,3,4.32
S305381,O205669,AsiaCargo,2,6,6.06
S305382,O203085,SwiftGo,1,2,3.98
S305383,O205497,SwiftGo,1,2,3.02
S305384,O201521,AsiaCargo,1,7,6.27
S305385,O203143,SwiftGo,1,3,6.98
S305386,O205474,SwiftGo,1,1,6.66
S305387,O202038,SwiftGo,1,4,0.87
S305388,O204058,AsiaCargo,1,9,2.28
S305389,O200684,BlueLine,1,5,6.58
S305390,O204037,AsiaCargo,1,8,6.13
S305391,O201039,BlueLine,1,7,3.58
S305392,O201039,BlueLine,2,4,6.48
S305393,O204787,SwiftGo,1,1,30.7
S305394,O201174,BlueLine,1,5,9.14
S305395,O201126,SwiftGo,1,4,8.88
S305396,O202461,BlueLine,1,6,8.08
S305397,O200068,BlueLine,1,6,34.4
S305398,O205873,ParcelPro,1,3,4.26
S305399,O205873,SwiftGo,2,2,6.2
S305400,O205382,SwiftGo,1,2,3.96
S305401,O201911,SwiftGo,1,3,8.04
S305402,O200991,BlueLine,1,6,6.44
S305403,O201373,BlueLine,1,5,7.12
S305404,O203094,BlueLine,1,4,5.25
S305405,O203094,AsiaCargo,2,7,6.04
S305406,O200887,SwiftGo,1,2,5.74
S305407,O205303,SwiftGo,1,3,4.9
S305408,O203729,BlueLine,1,5,4.93
S305409,O204605,AsiaCargo,1,6,5.9
S305410,O202544,AsiaCargo,1,7,24.7
S305411,O203359,BlueLine,1,4,7.06
S305412,O204896,SwiftGo,1,1,4.79
S305413,O203356,BlueLine,1,3,3.51
S305414,O200902,SwiftGo,1,4,31.86
S305415,O202884,SwiftGo,1,1,23.6
S305416,O200758,BlueLine,1,6,7.38
S305417,O204317,AsiaCargo,1,7,8.79
S305418,O203951,ParcelPro,1,4,5.76
S305419,O204987,BlueLine,1,6,4.86
S305420,O203349,BlueLine,1,6,32.3
S305421,O200687,SwiftGo,1,2,3.81
S305422,O204265,SwiftGo,1,2,6.91
S305423,O200789,AsiaCargo,1,6,6.23
S305424,O203981,AsiaCargo,1,8,8.41
S305425,O202441,BlueLine,1,6,5.48
S305426,O200803,AsiaCargo,1,10,2.17
S305427,O204790,AsiaCargo,1,9,5.91
S305428,O203762,SwiftGo,1,1,7.28
S305429,O204958,BlueLine,1,8,5.5
S305430,O200558,BlueLine,1,6,5.11
S305431,O200558,SwiftGo,2,2,4.59
S305432,O202935,ParcelPro,1,1,4.15
S305433,O202564,AsiaCargo,1,8,3.19
S305434,O203246,SwiftGo,1,2,5.41
S305435,O203418,BlueLine,1,4,7.64
S305436,O200029,ParcelPro,1,4,4.8
S305437,O204333,SwiftGo,1,3,7.95
S305438,O204333,SwiftGo,2,2,4.62
S305439,O204473,BlueLine,1,4,7.15
S305440,O202649,ParcelPro,1,3,2.11
S305441,O203470,SwiftGo,1,2,4.33
S305442,O205452,AsiaCargo,1,9,7.3
S305443,O205647,SwiftGo,1,2,6.86
S305444,O200301,AsiaCargo,1,7,5.17
S305445,O202824,SwiftGo,1,1,6.51
S305446,O202433,SwiftGo,1,1,39.34
S305447,O205624,ParcelPro,1,5,1.19
S305448,O203688,BlueLine,1,6,8.49
S305449,O200592,ParcelPro,1,6,7.15
S305450,O203680,AsiaCargo,1,6,6.56
S305451,O201034,SwiftGo,1,5,4.95
S305452,O201034,SwiftGo,2,2,4.55
S305453,O204115,SwiftGo,1,5,16.99
S305454,O203160,ParcelPro,1,3,6.64
S305455,O202785,AsiaCargo,1,6,5.66
S305456,O204398,AsiaCargo,1,6,3.75
S305457,O204398,BlueLine,2,6,6.97
S305458,O202370,SwiftGo,1,2,7.42
S305459,O201671,SwiftGo,1,4,5.15
S305460,O204629,AsiaCargo,1,9,5.93
S305461,O205333,SwiftGo,1,5,7.51
S305462,O202668,SwiftGo,1,4,22.41
S305463,O203671,BlueLine,1,4,8.12
S305464,O203920,SwiftGo,1,4,6.8
S305465,O204497,AsiaCargo,1,7,5.08
S305466,O202109,ParcelPro,1,6,4.59
S305467,O203927,BlueLine,1,4,4.1
S305468,O203806,ParcelPro,1,4,2.79
S305469,O205443,BlueLine,1,5,5.84
S305470,O205519,SwiftGo,1,2,6.19
S305471,O201424,AsiaCargo,1,8,35.62
S305472,O201429,AsiaCargo,1,7,8.03
S305473,O202121,SwiftGo,1,3,7.06
S305474,O204746,AsiaCargo,1,8,4.67
S305475,O203331,BlueLine,1,7,7.48
S305476,O203691,BlueLine,1,6,7.08
S305477,O201870,SwiftGo,1,2,4.75
S305478,O205360,BlueLine,1,5,6.87
S305479,O201258,AsiaCargo,1,7,7.37
S305480,O201258,ParcelPro,2,5,6.12
S305481,O200118,SwiftGo,1,1,5.28
S305482,O201542,SwiftGo,1,1,4.82
S305483,O203113,SwiftGo,1,1,3.52
S305484,O203113,BlueLine,2,5,5.14
S305485,O200325,SwiftGo,1,2,4.49
S305486,O201189,ParcelPro,1,3,6.25
S305487,O204849,BlueLine,1,6,5.21
S305488,O202576,AsiaCargo,1,8,13.96
S305489,O200340,AsiaCargo,1,8,6.65
S305490,O202844,BlueLine,1,6,7.34
S305491,O200100,BlueLine,1,5,6.37
S305492,O204794,AsiaCargo,1,8,3.81
S305493,O204794,BlueLine,2,4,3.05
S305494,O205136,BlueLine,1,3,6.18
S305495,O204276,BlueLine,1,5,4.57
S305496,O204039,SwiftGo,1,2,15.15
S305497,O204019,BlueLine,1,7,15.05
S305498,O200512,SwiftGo,1,5,5.71
S305499,O202894,SwiftGo,1,1,7.28
S305500,O200947,AsiaCargo,1,7,36.14
S305501,O204823,AsiaCargo,1,9,4.14
S305502,O205315,SwiftGo,1,1,4.71
S305503,O202391,ParcelPro,1,5,9.02
S305504,O204391,BlueLine,1,6,3.84
S305505,O205936,BlueLine,1,5,6.02
S305506,O204134,SwiftGo,1,4,6.74
S305507,O201722,ParcelPro,1,3,3.76
S305508,O201537,SwiftGo,1,2,7.43
S305509,O201716,BlueLine,1,4,6.36
S305510,O202069,ParcelPro,1,5,7.1
S305511,O204101,SwiftGo,1,4,21.98
S305512,O204101,SwiftGo,2,3,21.31
S305513,O205870,BlueLine,1,4,7.6
S305514,O200223,SwiftGo,1,3,6.39
S305515,O205988,SwiftGo,1,4,3.48
S305516,O201884,AsiaCargo,1,7,6.95
S305517,O205980,SwiftGo,1,2,5.17
S305518,O202941,AsiaCargo,1,6,3.09
S305519,O202565,BlueLine,1,4,5.4
S305520,O200212,ParcelPro,1,1,16.06
S305521,O205247,SwiftGo,1,3,6.04
S305522,O204959,BlueLine,1,5,36.19
S305523,O200273,ParcelPro,1,5,6.22
S305524,O201362,BlueLine,1,5,5.23
S305525,O200363,BlueLine,1,5,5.16
S305526,O201142,AsiaCargo,1,7,4.03
S305527,O201142,BlueLine,2,5,5.75
S305528,O203973,SwiftGo,1,2,7.16
S305529,O204817,ParcelPro,1,5,4.64
S305530,O205562,AsiaCargo,1,9,6.29
S305531,O203699,AsiaCargo,1,8,20.13
S305532,O202043,AsiaCargo,1,8,7.46
S305533,O202936,SwiftGo,1,3,7.91
S305534,O203395,BlueLine,1,3,4.29
S305535,O202407,BlueLine,1,4,4.43
S305536,O200999,AsiaCargo,1,7,6.01
S305537,O201499,ParcelPro,1,3,5.29
S305538,O202125,SwiftGo,1,2,6.43
S305539,O205851,AsiaCargo,1,9,3.91
S305540,O200517,AsiaCargo,1,4,4.46
S305541,O200943,BlueLine,1,2,21.92
S305542,O203834,SwiftGo,1,3,5.34
S305543,O202591,BlueLine,1,2,5.22
S305544,O201683,SwiftGo,1,2,4.37
S305545,O204330,AsiaCargo,1,7,29.24
S305546,O202706,SwiftGo,1,2,6.12
S305547,O205293,BlueLine,1,3,6.31
S305548,O205715,SwiftGo,1,2,3.6
S305549,O205485,ParcelPro,1,3,5.06
S305550,O203223,ParcelPro,1,3,3.48
S305551,O203223,AsiaCargo,2,7,4.98
S305552,O203723,BlueLine,1,5,4.59
S305553,O205194,SwiftGo,1,2,8.15
S305554,O203559,ParcelPro,1,4,6.24
S305555,O205384,SwiftGo,1,2,7.12
S305556,O202498,BlueLine,1,5,2.83
S305557,O201179,AsiaCargo,1,6,4.09
S305558,O205298,BlueLine,1,4,7.72
S305559,O203637,AsiaCargo,1,5,7.19
S305560,O202031,ParcelPro,1,3,6.45
S305561,O205978,SwiftGo,1,2,3.83
S305562,O205973,SwiftGo,1,2,5.31
S305563,O205000,ParcelPro,1,4,5.05
S305564,O204212,BlueLine,1,5,6.51
S305565,O201082,SwiftGo,1,5,37.98
S305566,O200134,BlueLine,1,6,12.59
S305567,O201381,BlueLine,1,7,6.55
S305568,O203152,BlueLine,1,7,6.98
S305569,O204193,AsiaCargo,1,4,5.34
S305570,O204616,ParcelPro,1,5,5.93
S305571,O204616,AsiaCargo,2,7,5.03
S305572,O203705,SwiftGo,1,2,5.98
S305573,O201057,AsiaCargo,1,9,10.0
S305574,O200779,BlueLine,1,5,7.63
S305575,O201375,SwiftGo,1,2,5.12
S305576,O201375,BlueLine,2,6,5.54
S305577,O202578,SwiftGo,1,4,7.58
S305578,O203327,BlueLine,1,6,3.66
S305579,O201805,SwiftGo,1,3,5.29
S305580,O202693,SwiftGo,1,1,13.98
S305581,O202724,AsiaCargo,1,7,7.13
S305582,O201482,AsiaCargo,1,8,8.87
S305583,O205710,SwiftGo,1,2,4.81
S305584,O203345,SwiftGo,1,4,6.82
S305585,O203660,ParcelPro,1,7,6.55
S305586,O201089,ParcelPro,1,6,6.6
S305587,O205339,SwiftGo,1,3,5.09
S305588,O202001,BlueLine,1,5,3.48
S305589,O203986,AsiaCargo,1,10,7.16
S305590,O200228,SwiftGo,1,4,1.8
S305591,O201138,SwiftGo,1,3,12.53
S305592,O203481,SwiftGo,1,3,7.75
S305593,O204636,SwiftGo,1,4,29.44
S305594,O203297,BlueLine,1,5,7.91
S305595,O205262,SwiftGo,1,2,3.27
S305596,O201737,SwiftGo,1,3,8.32
S305597,O202292,BlueLine,1,5,4.07
S305598,O203745,ParcelPro,1,4,7.09
S305599,O204692,SwiftGo,1,1,4.0
S305600,O201926,SwiftGo,1,5,37.63
S305601,O203406,SwiftGo,1,7,6.26
S305602,O200912,BlueLine,1,6,6.16
S305603,O201309,SwiftGo,1,4,5.02
S305604,O204345,ParcelPro,1,6,8.68
S305605,O204137,AsiaCargo,1,6,4.88
S305606,O200880,AsiaCargo,1,9,0.99
S305607,O204941,SwiftGo,1,1,6.42
S305608,O200472,SwiftGo,1,2,2.36
S305609,O200472,BlueLine,2,4,8.37
S305610,O200250,ParcelPro,1,3,4.87
S305611,O203340,ParcelPro,1,2,35.82
S305612,O201854,ParcelPro,1,4,4.71
S305613,O201857,AsiaCargo,1,10,7.46
S305614,O202437,SwiftGo,1,3,9.79
S305615,O205281,ParcelPro,1,6,7.61
S305616,O200658,AsiaCargo,1,8,3.35
S305617,O203868,ParcelPro,1,4,4.5
S305618,O200022,BlueLine,1,5,30.52
S305619,O205319,SwiftGo,1,4,7.21
S305620,O204415,BlueLine,1,5,5.6
S305621,O203650,SwiftGo,1,3,8.51
S305622,O205203,SwiftGo,1,2,6.68
S305623,O204088,BlueLine,1,6,3.38
S305624,O202525,AsiaCargo,1,8,4.99
S305625,O204514,ParcelPro,1,6,6.36
S305626,O201818,ParcelPro,1,2,8.06
S305627,O202094,AsiaCargo,1,10,7.02
S305628,O202094,AsiaCargo,2,8,3.49
S305629,O200733,SwiftGo,1,3,30.6
S305630,O200623,ParcelPro,1,5,6.41
S305631,O201012,BlueLine,1,6,5.59
S305632,O200314,BlueLine,1,5,2.51
S305633,O200925,SwiftGo,1,1,4.43
S305634,O203326,ParcelPro,1,3,5.56
S305635,O202059,BlueLine,1,6,5.29
S305636,O202059,SwiftGo,2,4,5.93
S305637,O202850,BlueLine,1,6,7.98
S305638,O204214,BlueLine,1,5,7.22
S305639,O200966,AsiaCargo,1,5,5.97
S305640,O200966,BlueLine,2,4,5.89
S305641,O203184,ParcelPro,1,3,9.18
S305642,O204434,SwiftGo,1,4,4.18
S305643,O204434,SwiftGo,2,5,5.9
S305644,O204745,SwiftGo,1,3,6.0
S305645,O201459,SwiftGo,1,5,5.95
S305646,O202427,ParcelPro,1,8,7.3
S305647,O203708,ParcelPro,1,4,3.66
S305648,O201807,ParcelPro,1,4,3.43
S305649,O202814,SwiftGo,1,2,6.44
S305650,O204942,SwiftGo,1,1,5.63
S305651,O201214,ParcelPro,1,4,5.37
S305652,O204732,SwiftGo,1,3,2.91
S305653,O203741,SwiftGo,1,3,4.77
S305654,O201690,ParcelPro,1,4,2.09
S305655,O201751,ParcelPro,1,5,4.7
S305656,O202509,ParcelPro,1,3,5.89
S305657,O201212,AsiaCargo,1,7,7.34
S305658,O205195,BlueLine,1,7,38.79
S305659,O203561,BlueLine,1,4,8.49
S305660,O203561,SwiftGo,2,4,5.3
S305661,O204748,BlueLine,1,5,3.42
S305662,O204938,BlueLine,1,5,8.31
S305663,O204938,SwiftGo,2,5,5.54
S305664,O200933,AsiaCargo,1,7,6.43
S305665,O201801,BlueLine,1,7,8.49
S305666,O200903,SwiftGo,1,3,6.51
S305667,O205540,AsiaCargo,1,8,26.08
S305668,O205540,BlueLine,2,6,26.66
S305669,O202352,BlueLine,1,7,4.06
S305670,O204720,ParcelPro,1,4,6.15
S305671,O205817,BlueLine,1,6,4.89
S305672,O203971,AsiaCargo,1,7,7.11
S305673,O205493,BlueLine,1,3,4.96
S305674,O202920,ParcelPro,1,2,3.54
S305675,O204773,BlueLine,1,5,6.31
S305676,O201957,SwiftGo,1,2,5.75
S305677,O200632,SwiftGo,1,3,5.11
S305678,O200901,ParcelPro,1,3,1.57
S305679,O202344,BlueLine,1,5,9.9
S305680,O203363,AsiaCargo,1,8,4.92
S305681,O204835,BlueLine,1,4,6.18
S305682,O204197,ParcelPro,1,6,5.51
S305683,O203791,AsiaCargo,1,10,6.29
S305684,O204244,BlueLine,1,5,5.01
S305685,O202711,AsiaCargo,1,4,4.31
S305686,O201289,BlueLine,1,5,1.47
S305687,O203318,BlueLine,1,5,4.31
S305688,O203296,SwiftGo,1,3,6.66
S305689,O203608,SwiftGo,1,4,7.08
S305690,O200634,SwiftGo,1,2,5.7
S305691,O202399,SwiftGo,1,1,4.61
S305692,O205894,AsiaCargo,1,6,1.19
S305693,O200675,BlueLine,1,5,4.85
S305694,O202225,BlueLine,1,6,4.2
S305695,O203552,SwiftGo,1,1,3.32
S305696,O204667,AsiaCargo,1,7,3.11
S305697,O205767,BlueLine,1,6,27.62
S305698,O203156,ParcelPro,1,2,5.05
S305699,O201606,BlueLine,1,4,6.29
S305700,O203667,AsiaCargo,1,8,4.22
S305701,O203667,SwiftGo,2,2,3.79
S305702,O202230,SwiftGo,1,5,16.85
S305703,O202275,SwiftGo,1,2,3.48
S305704,O202275,BlueLine,2,6,6.51
S305705,O202149,BlueLine,1,6,4.95
S305706,O202149,SwiftGo,2,4,6.42
S305707,O203322,BlueLine,1,8,4.55
S305708,O205290,SwiftGo,1,1,6.22
S305709,O205287,BlueLine,1,5,2.31
S305710,O201171,ParcelPro,1,4,7.36
S305711,O205885,AsiaCargo,1,8,5.22
S305712,O202860,AsiaCargo,1,7,7.62
S305713,O202187,ParcelPro,1,4,5.22
S305714,O203858,SwiftGo,1,4,6.66
S305715,O203858,ParcelPro,2,4,3.57
S305716,O205785,SwiftGo,1,1,3.85
S305717,O200213,SwiftGo,1,3,6.57
S305718,O204122,ParcelPro,1,4,4.52
S305719,O200024,BlueLine,1,5,18.01
S305720,O201953,AsiaCargo,1,7,4.02
S305721,O201213,BlueLine,1,3,23.78
S305722,O200868,AsiaCargo,1,5,6.85
S305723,O205241,SwiftGo,1,4,7.48
S305724,O201507,BlueLine,1,6,8.86
S305725,O203855,SwiftGo,1,6,8.78
S305726,O203060,SwiftGo,1,3,6.97
S305727,O201268,SwiftGo,1,3,6.6
S305728,O201268,BlueLine,2,7,4.18
S305729,O202614,SwiftGo,1,3,4.76
S305730,O201300,SwiftGo,1,3,17.99
S305731,O202779,SwiftGo,1,4,2.71
S305732,O201222,SwiftGo,1,3,5.68
S305733,O202327,ParcelPro,1,4,4.76
S305734,O204026,SwiftGo,1,4,3.31
S305735,O200312,SwiftGo,1,3,3.85
S305736,O204972,BlueLine,1,7,16.98
S305737,O200771,BlueLine,1,3,4.32
S305738,O200771,AsiaCargo,2,8,4.54
S305739,O201954,AsiaCargo,1,7,6.79
S305740,O203848,AsiaCargo,1,10,6.18
S305741,O203719,AsiaCargo,1,8,3.43
S305742,O201553,AsiaCargo,1,9,5.08
S305743,O204990,BlueLine,1,5,4.52
S305744,O201352,BlueLine,1,2,0.6
S305745,O200321,ParcelPro,1,5,2.08
S305746,O205051,SwiftGo,1,3,7.06
S305747,O201732,SwiftGo,1,4,9.78
S305748,O201732,SwiftGo,2,2,5.95
S305749,O200009,SwiftGo,1,2,7.7
S305750,O200707,BlueLine,1,6,3.69
S305751,O205546,BlueLine,1,5,2.57
S305752,O201421,SwiftGo,1,2,14.36
S305753,O202715,ParcelPro,1,5,5.75
S305754,O204334,BlueLine,1,8,5.34
S305755,O203766,BlueLine,1,6,5.07
S305756,O204789,SwiftGo,1,3,11.33
S305757,O201219,SwiftGo,1,2,7.7
S305758,O203617,AsiaCargo,1,9,6.58
S305759,O201207,AsiaCargo,1,9,5.71
S305760,O205329,ParcelPro,1,4,6.77
S305761,O200004,SwiftGo,1,3,6.01
S305762,O201858,AsiaCargo,1,9,38.11
S305763,O200636,ParcelPro,1,3,5.43
S305764,O201399,AsiaCargo,1,6,14.88
S305765,O204313,SwiftGo,1,1,9.75
S305766,O201906,SwiftGo,1,3,10.17
S305767,O200466,SwiftGo,1,5,3.01
S305768,O201040,AsiaCargo,1,7,6.65
S305769,O201040,SwiftGo,2,2,5.02
S305770,O204486,BlueLine,1,4,7.04
S305771,O201981,SwiftGo,1,2,6.8
S305772,O200104,AsiaCargo,1,10,4.35
S305773,O205412,AsiaCargo,1,7,28.19
S305774,O201149,BlueLine,1,7,5.05
S305775,O201021,SwiftGo,1,4,3.92
S305776,O201021,BlueLine,2,4,4.76
S305777,O205931,AsiaCargo,1,6,9.07
S305778,O200162,SwiftGo,1,2,5.4
S305779,O200760,BlueLine,1,5,5.72
S305780,O203896,SwiftGo,1,4,7.38
S305781,O201980,SwiftGo,1,1,7.67
S305782,O200568,BlueLine,1,6,3.71
S305783,O201417,SwiftGo,1,6,7.42
S305784,O204227,BlueLine,1,4,6.51
S305785,O200309,SwiftGo,1,2,3.44
S305786,O204392,AsiaCargo,1,9,7.12
S305787,O205434,SwiftGo,1,2,5.61
S305788,O201151,AsiaCargo,1,5,5.84
S305789,O204175,ParcelPro,1,5,5.97
S305790,O204033,SwiftGo,1,4,6.2
S305791,O201511,BlueLine,1,7,37.09
S305792,O201511,ParcelPro,2,6,36.68
S305793,O205724,AsiaCargo,1,7,2.39
S305794,O202082,SwiftGo,1,1,8.02
S305795,O203415,BlueLine,1,8,6.5
S305796,O203415,BlueLine,2,6,8.18
S305797,O204726,SwiftGo,1,2,3.59
S305798,O202940,ParcelPro,1,5,5.55
S305799,O202277,AsiaCargo,1,7,4.04
S305800,O203867,BlueLine,1,6,6.2
S305801,O203867,ParcelPro,2,2,8.13
S305802,O200088,SwiftGo,1,1,5.47
S305803,O202764,BlueLine,1,5,3.65
S305804,O203852,SwiftGo,1,2,8.99
S305805,O202300,AsiaCargo,1,9,3.86
S305806,O205007,SwiftGo,1,3,2.32
S305807,O200461,SwiftGo,1,2,20.25
S305808,O201775,BlueLine,1,5,5.02
S305809,O201263,ParcelPro,1,3,4.69
S305810,O205188,SwiftGo,1,3,24.09
S305811,O202725,SwiftGo,1,1,6.08
S305812,O201662,AsiaCargo,1,5,4.77
S305813,O204319,BlueLine,1,5,7.36
S305814,O205858,AsiaCargo,1,7,12.86
S305815,O203962,BlueLine,1,5,7.3
S305816,O200689,AsiaCargo,1,7,7.2
S305817,O205065,AsiaCargo,1,8,4.03
S305818,O205065,SwiftGo,2,4,1.98
S305819,O204976,AsiaCargo,1,6,4.35
S305820,O203488,ParcelPro,1,3,5.73
S305821,O204496,SwiftGo,1,2,5.24
S305822,O200147,ParcelPro,1,4,7.1
S305823,O201675,AsiaCargo,1,7,4.48
S305824,O200815,AsiaCargo,1,6,8.45
S305825,O205253,AsiaCargo,1,7,3.75
S305826,O201081,ParcelPro,1,4,4.74
S305827,O205282,SwiftGo,1,1,3.31
S305828,O202611,ParcelPro,1,6,7.51
S305829,O205046,SwiftGo,1,4,7.28
S305830,O203264,SwiftGo,1,1,5.79
S305831,O203264,SwiftGo,2,4,5.45
S305832,O202096,SwiftGo,1,2,8.89
S305833,O202911,SwiftGo,1,1,9.63
S305834,O202911,BlueLine,2,6,5.05
S305835,O200703,BlueLine,1,6,5.56
S305836,O200703,AsiaCargo,2,9,5.32
S305837,O203201,BlueLine,1,6,5.15
S305838,O205307,SwiftGo,1,2,37.31
S305839,O202802,ParcelPro,1,5,6.94
S305840,O204377,ParcelPro,1,4,6.83
S305841,O205938,SwiftGo,1,3,10.09
S305842,O205938,BlueLine,2,4,6.91
S305843,O203694,ParcelPro,1,5,8.49
S305844,O202315,BlueLine,1,5,1.87
S305845,O204813,AsiaCargo,1,7,7.86
S305846,O202847,AsiaCargo,1,6,9.47
S305847,O205367,AsiaCargo,1,8,4.72
S305848,O205896,BlueLine,1,5,31.42
S305849,O203338,ParcelPro,1,3,32.43
S305850,O201003,SwiftGo,1,2,5.39
S305851,O201003,BlueLine,2,6,6.05
S305852,O200786,ParcelPro,1,4,7.62
S305853,O200538,ParcelPro,1,2,5.63
S305854,O204677,SwiftGo,1,1,5.87
S305855,O204078,SwiftGo,1,2,8.2
S305856,O201314,SwiftGo,1,3,5.58
S305857,O200490,SwiftGo,1,3,3.21
S305858,O205216,SwiftGo,1,1,7.21
S305859,O205183,SwiftGo,1,1,5.09
S305860,O200065,SwiftGo,1,3,6.66
S305861,O205465,SwiftGo,1,4,5.95
S305862,O205855,SwiftGo,1,1,5.13
S305863,O205855,BlueLine,2,6,8.52
S305864,O203954,BlueLine,1,5,4.9
S305865,O204075,ParcelPro,1,4,4.21
S305866,O203279,SwiftGo,1,1,7.15
S305867,O202304,AsiaCargo,1,7,6.65
S305868,O201759,SwiftGo,1,2,6.29
S305869,O201759,BlueLine,2,4,6.22
S305870,O201713,SwiftGo,1,3,2.89
S305871,O200353,BlueLine,1,4,8.15
S305872,O200731,ParcelPro,1,5,5.23
S305873,O201254,ParcelPro,1,3,4.16
S305874,O202488,BlueLine,1,5,4.96
S305875,O202199,AsiaCargo,1,8,4.68
S305876,O202739,SwiftGo,1,3,10.75
S305877,O202739,AsiaCargo,2,8,11.56
S305878,O204631,SwiftGo,1,4,4.86
S305879,O201944,BlueLine,1,3,3.11
S305880,O202751,BlueLine,1,6,3.89
S305881,O204450,AsiaCargo,1,7,3.04
S305882,O204302,ParcelPro,1,3,3.22
S305883,O205466,ParcelPro,1,5,5.56
S305884,O205976,SwiftGo,1,2,5.56
S305885,O205976,AsiaCargo,2,8,4.38
S305886,O203047,ParcelPro,1,5,5.32
S305887,O200205,SwiftGo,1,2,5.03
S305888,O204657,AsiaCargo,1,8,11.32
S305889,O204657,ParcelPro,2,4,13.14
S305890,O203657,SwiftGo,1,2,3.85
S305891,O203815,ParcelPro,1,2,5.77
S305892,O204412,ParcelPro,1,4,4.29
S305893,O203089,BlueLine,1,6,7.44
S305894,O200093,SwiftGo,1,4,6.63
S305895,O204077,AsiaCargo,1,7,4.34
S305896,O203225,SwiftGo,1,3,3.75
S305897,O203930,SwiftGo,1,2,6.5
S305898,O203323,AsiaCargo,1,7,7.29
S305899,O201215,SwiftGo,1,2,7.37
S305900,O202442,SwiftGo,1,1,2.88
S305901,O201615,BlueLine,1,5,4.16
S305902,O205358,BlueLine,1,5,6.28
S305903,O201152,BlueLine,1,6,8.5
S305904,O204648,AsiaCargo,1,7,5.44
S305905,O203030,AsiaCargo,1,6,3.8
S305906,O203030,SwiftGo,2,3,4.91
S305907,O204561,SwiftGo,1,4,7.97
S305908,O201669,BlueLine,1,5,8.92
S305909,O202846,SwiftGo,1,3,10.87
S305910,O202846,BlueLine,2,5,9.69
S305911,O200559,SwiftGo,1,3,6.44
S305912,O204190,AsiaCargo,1,4,6.51
S305913,O204190,SwiftGo,2,4,4.02
S305914,O202541,SwiftGo,1,3,6.69
S305915,O203151,AsiaCargo,1,9,6.61
S305916,O200135,AsiaCargo,1,8,5.77
S305917,O203502,SwiftGo,1,4,6.6
S305918,O200651,SwiftGo,1,2,7.51
S305919,O202022,SwiftGo,1,2,5.37
S305920,O205733,SwiftGo,1,3,4.47
S305921,O203701,AsiaCargo,1,6,8.31
S305922,O203701,AsiaCargo,2,7,1.57
S305923,O205591,AsiaCargo,1,8,8.16
S305924,O203528,BlueLine,1,7,5.27
S305925,O204568,SwiftGo,1,2,4.8
S305926,O202299,AsiaCargo,1,8,2.09
S305927,O202299,BlueLine,2,5,3.89
S305928,O202532,ParcelPro,1,5,6.7
S305929,O205425,AsiaCargo,1,5,3.3
S305930,O202287,SwiftGo,1,1,8.54
S305931,O202317,SwiftGo,1,1,3.82
S305932,O202507,BlueLine,1,4,6.65
S305933,O202422,BlueLine,1,8,4.33
S305934,O203067,SwiftGo,1,3,3.94
S305935,O202247,SwiftGo,1,2,4.33
S305936,O204937,BlueLine,1,6,6.76
S305937,O205147,SwiftGo,1,3,7.95
S305938,O204346,AsiaCargo,1,6,5.91
S305939,O202819,BlueLine,1,2,21.5
S305940,O200178,SwiftGo,1,2,6.27
S305941,O205890,SwiftGo,1,3,4.47
S305942,O205629,SwiftGo,1,4,7.59
S305943,O203627,AsiaCargo,1,5,5.12
S305944,O202318,AsiaCargo,1,8,5.67
S305945,O200934,SwiftGo,1,3,6.38
S305946,O201366,SwiftGo,1,2,2.43
S305947,O202056,BlueLine,1,5,5.82
S305948,O205487,SwiftGo,1,2,5.74
S305949,O202828,BlueLine,1,4,6.06
S305950,O204737,SwiftGo,1,2,34.45
S305951,O201920,ParcelPro,1,4,6.76
S305952,O203054,BlueLine,1,7,7.16
S305953,O205170,ParcelPro,1,4,8.3
S305954,O201121,SwiftGo,1,3,6.2
S305955,O200899,ParcelPro,1,1,7.49
S305956,O201849,ParcelPro,1,4,5.63
S305957,O203227,ParcelPro,1,4,9.89
S305958,O204453,SwiftGo,1,3,3.82
S305959,O203106,ParcelPro,1,4,1.55
S305960,O204638,SwiftGo,1,3,5.1
S305961,O203445,ParcelPro,1,3,13.42
S305962,O201122,AsiaCargo,1,6,7.49
S305963,O200775,SwiftGo,1,2,28.95
S305964,O200775,SwiftGo,2,4,27.62
S305965,O201148,SwiftGo,1,1,2.38
S305966,O204880,ParcelPro,1,5,7.71
S305967,O202695,SwiftGo,1,1,7.56
S305968,O201166,SwiftGo,1,2,6.57
S305969,O203989,SwiftGo,1,3,8.42
S305970,O203892,AsiaCargo,1,6,2.22
S305971,O200640,SwiftGo,1,1,7.69
S305972,O201010,BlueLine,1,6,8.82
S305973,O201237,SwiftGo,1,2,7.34
S305974,O203334,BlueLine,1,4,7.89
S305975,O203823,ParcelPro,1,7,7.79
S305976,O200160,BlueLine,1,6,7.66
S305977,O200953,ParcelPro,1,8,4.67
S305978,O204372,ParcelPro,1,4,9.48
S305979,O201745,BlueLine,1,5,5.04
S305980,O202324,BlueLine,1,5,5.45
S305981,O204476,SwiftGo,1,3,7.53
S305982,O204225,ParcelPro,1,5,5.18
S305983,O201794,SwiftGo,1,2,7.92
S305984,O201306,SwiftGo,1,2,8.44
S305985,O201667,BlueLine,1,4,4.21
S305986,O204263,ParcelPro,1,6,6.14
S305987,O203812,SwiftGo,1,2,6.05
S305988,O203931,SwiftGo,1,2,7.19
S305989,O200543,BlueLine,1,7,3.76
S305990,O203228,AsiaCargo,1,6,4.94
S305991,O203228,BlueLine,2,6,5.78
S305992,O205643,AsiaCargo,1,8,0.66
S305993,O205643,AsiaCargo,2,6,5.66
S305994,O202472,SwiftGo,1,1,3.54
S305995,O204382,BlueLine,1,6,4.7
S305996,O200921,AsiaCargo,1,7,5.86
S305997,O202939,SwiftGo,1,2,6.69
S305998,O200766,ParcelPro,1,5,29.05
S305999,O202139,ParcelPro,1,3,5.83
S306000,O201845,BlueLine,1,4,7.62
S306001,O204186,BlueLine,1,5,5.4
S306002,O202365,ParcelPro,1,6,10.09
S306003,O205389,AsiaCargo,1,8,8.23
S306004,O200963,AsiaCargo,1,6,6.32
S306005,O202867,BlueLine,1,6,7.04
S306006,O204396,SwiftGo,1,2,4.05
S306007,O202767,ParcelPro,1,5,8.3
S306008,O202767,SwiftGo,2,1,6.42
S306009,O202705,BlueLine,1,5,8.33
S306010,O202705,BlueLine,2,5,4.77
S306011,O201400,SwiftGo,1,2,4.84
S306012,O202153,SwiftGo,1,4,5.06
S306013,O201409,SwiftGo,1,2,4.89
S306014,O203770,SwiftGo,1,1,13.7
S306015,O201194,BlueLine,1,5,4.82
S306016,O204378,ParcelPro,1,4,4.81
S306017,O203849,SwiftGo,1,3,4.99
S306018,O201425,SwiftGo,1,4,2.9
S306019,O202161,ParcelPro,1,5,3.14
S306020,O203438,SwiftGo,1,4,29.4
S306021,O202005,BlueLine,1,7,4.82
S306022,O203877,AsiaCargo,1,8,6.51
S306023,O201262,AsiaCargo,1,7,3.48
S306024,O201262,SwiftGo,2,3,4.15
S306025,O204052,BlueLine,1,6,4.44
S306026,O205818,AsiaCargo,1,6,6.3
S306027,O205948,AsiaCargo,1,8,5.5
S306028,O205828,ParcelPro,1,3,7.5
S306029,O201231,BlueLine,1,8,37.16
S306030,O205162,ParcelPro,1,4,7.17
S306031,O203194,BlueLine,1,7,8.43
S306032,O200972,BlueLine,1,4,7.16
S306033,O203907,SwiftGo,1,2,6.23
S306034,O205096,ParcelPro,1,4,5.87
S306035,O200421,AsiaCargo,1,9,5.98
S306036,O200806,AsiaCargo,1,6,6.88
S306037,O201234,ParcelPro,1,2,6.68
S306038,O201290,BlueLine,1,6,7.16
S306039,O203975,AsiaCargo,1,8,5.04
S306040,O200642,SwiftGo,1,2,5.0
S306041,O205813,BlueLine,1,6,6.5
S306042,O201133,SwiftGo,1,3,7.84
S306043,O201747,BlueLine,1,5,7.21
S306044,O203088,BlueLine,1,6,19.54
S306045,O203088,BlueLine,2,6,17.89
S306046,O204795,BlueLine,1,7,3.39
S306047,O203993,SwiftGo,1,2,3.17
S306048,O201901,SwiftGo,1,3,7.29
S306049,O204104,ParcelPro,1,4,22.33
S306050,O204104,AsiaCargo,2,7,19.38
S306051,O200487,AsiaCargo,1,7,39.58
S306052,O205838,BlueLine,1,5,4.99
S306053,O205826,SwiftGo,1,2,6.61
S306054,O205127,ParcelPro,1,4,20.47
S306055,O200655,ParcelPro,1,6,6.53
S306056,O200655,AsiaCargo,2,8,5.4
S306057,O203703,SwiftGo,1,1,7.39
S306058,O205234,AsiaCargo,1,7,7.97
S306059,O200661,BlueLine,1,5,3.68
S306060,O204129,ParcelPro,1,3,2.79
S306061,O202039,BlueLine,1,3,4.85
S306062,O202601,SwiftGo,1,1,7.45
S306063,O202601,AsiaCargo,2,9,6.1
S306064,O202223,SwiftGo,1,2,5.98
S306065,O202194,BlueLine,1,5,3.11
S306066,O203885,SwiftGo,1,2,9.57
S306067,O201898,BlueLine,1,6,7.47
S306068,O204740,ParcelPro,1,6,1.58
S306069,O203209,BlueLine,1,7,6.14
S306070,O203209,SwiftGo,2,1,9.08
S306071,O202915,ParcelPro,1,2,2.34
S306072,O202827,BlueLine,1,7,5.08
S306073,O201176,ParcelPro,1,4,7.62
S306074,O205743,BlueLine,1,3,15.91
S306075,O203655,BlueLine,1,7,8.22
S306076,O202278,SwiftGo,1,5,6.7
S306077,O200949,SwiftGo,1,3,3.28
S306078,O205506,BlueLine,1,7,7.74
S306079,O205506,SwiftGo,2,2,7.45
S306080,O202283,AsiaCargo,1,4,18.5
S306081,O200896,BlueLine,1,6,2.37
S306082,O202613,SwiftGo,1,5,6.71
S306083,O202613,AsiaCargo,2,6,4.07
S306084,O201329,BlueLine,1,6,3.99
S306085,O201867,SwiftGo,1,1,8.19
S306086,O201867,AsiaCargo,2,9,6.96
S306087,O202776,ParcelPro,1,5,2.76
S306088,O201368,AsiaCargo,1,8,7.27
S306089,O204851,ParcelPro,1,4,7.94
S306090,O204649,BlueLine,1,6,39.04
S306091,O202332,AsiaCargo,1,7,7.37
S306092,O203546,BlueLine,1,3,5.82
S306093,O204488,BlueLine,1,7,3.99
S306094,O201715,AsiaCargo,1,6,7.25
S306095,O201715,BlueLine,2,5,3.28
S306096,O202982,AsiaCargo,1,8,7.64
S306097,O201557,SwiftGo,1,4,6.76
S306098,O202185,AsiaCargo,1,8,39.45
S306099,O202173,SwiftGo,1,3,17.43
S306100,O203041,SwiftGo,1,3,4.97
S306101,O201550,SwiftGo,1,1,4.95
S306102,O200560,SwiftGo,1,3,4.01
S306103,O201614,ParcelPro,1,3,5.75
S306104,O202547,ParcelPro,1,5,5.25
S306105,O205781,SwiftGo,1,1,6.53
S306106,O201590,SwiftGo,1,3,5.85
S306107,O200445,SwiftGo,1,1,27.68
S306108,O204010,BlueLine,1,5,6.56
S306109,O203935,BlueLine,1,4,8.04
S306110,O204152,AsiaCargo,1,10,2.88
S306111,O204023,BlueLine,1,7,2.21
S306112,O205135,BlueLine,1,4,4.85
S306113,O203542,BlueLine,1,5,9.09
S306114,O201710,SwiftGo,1,2,6.5
S306115,O203503,SwiftGo,1,1,21.36
S306116,O201339,AsiaCargo,1,5,5.01
S306117,O205373,AsiaCargo,1,8,3.64
S306118,O204689,SwiftGo,1,3,5.46
S306119,O204288,SwiftGo,1,1,3.35
S306120,O205032,BlueLine,1,6,6.86
S306121,O204220,AsiaCargo,1,7,5.54
S306122,O203097,SwiftGo,1,1,4.35
S306123,O201353,SwiftGo,1,3,33.11
S306124,O205731,BlueLine,1,6,3.55
S306125,O202063,SwiftGo,1,3,5.12
S306126,O204469,SwiftGo,1,1,4.91
S306127,O202424,SwiftGo,1,2,7.45
S306128,O200639,AsiaCargo,1,8,3.0
S306129,O200628,BlueLine,1,5,5.95
S306130,O201977,AsiaCargo,1,8,16.03
S306131,O200391,AsiaCargo,1,7,6.88
S306132,O204241,SwiftGo,1,3,6.18
S306133,O204120,ParcelPro,1,2,4.46
S306134,O205115,BlueLine,1,8,4.76
S306135,O200439,SwiftGo,1,1,7.07
S306136,O202699,ParcelPro,1,4,5.33
S306137,O202965,BlueLine,1,7,7.06
S306138,O202495,ParcelPro,1,3,9.62
S306139,O201112,BlueLine,1,8,7.35
S306140,O205249,ParcelPro,1,6,6.25
S306141,O200753,AsiaCargo,1,4,32.96
S306142,O205797,BlueLine,1,6,6.99
S306143,O205680,SwiftGo,1,2,5.94
S306144,O205599,SwiftGo,1,1,8.73
S306145,O201823,AsiaCargo,1,7,6.14
S306146,O204251,ParcelPro,1,3,20.33
S306147,O205771,ParcelPro,1,3,5.26
S306148,O205771,ParcelPro,2,5,5.59
S306149,O200946,AsiaCargo,1,7,4.22
S306150,O202463,SwiftGo,1,4,6.32
S306151,O200539,SwiftGo,1,3,4.86
S306152,O205548,SwiftGo,1,2,8.78
S306153,O203871,AsiaCargo,1,7,4.63
S306154,O203966,SwiftGo,1,2,6.15
S306155,O205377,SwiftGo,1,2,6.17
S306156,O201927,BlueLine,1,6,2.91
S306157,O200148,AsiaCargo,1,8,27.39
S306158,O200007,SwiftGo,1,1,7.05
S306159,O203036,BlueLine,1,4,4.95
S306160,O205009,ParcelPro,1,5,0.35
S306161,O204881,SwiftGo,1,1,5.66
S306162,O202414,AsiaCargo,1,7,19.24
S306163,O204904,SwiftGo,1,3,4.63
S306164,O202404,ParcelPro,1,5,4.3
S306165,O200548,AsiaCargo,1,8,8.38
S306166,O205511,AsiaCargo,1,6,6.96
S306167,O205490,SwiftGo,1,1,7.15
S306168,O205490,SwiftGo,2,4,5.61
S306169,O200284,BlueLine,1,7,29.51
S306170,O200284,BlueLine,2,4,29.13
S306171,O205833,SwiftGo,1,3,6.47
S306172,O200317,BlueLine,1,7,6.66
S306173,O205077,ParcelPro,1,3,5.78
S306174,O205011,BlueLine,1,4,6.2
S306175,O205011,SwiftGo,2,2,5.57
S306176,O201109,AsiaCargo,1,10,6.92
S306177,O200453,BlueLine,1,6,4.48
S306178,O203096,AsiaCargo,1,9,7.31
S306179,O202363,SwiftGo,1,4,7.1
S306180,O203270,AsiaCargo,1,8,6.88
S306181,O200119,AsiaCargo,1,6,15.43
S306182,O203819,SwiftGo,1,4,3.33
S306183,O203405,AsiaCargo,1,7,3.97
S306184,O200002,BlueLine,1,5,6.3
S306185,O202014,AsiaCargo,1,9,5.99
S306186,O200620,ParcelPro,1,5,8.48
S306187,O203994,SwiftGo,1,1,5.62
S306188,O204395,AsiaCargo,1,6,6.21
S306189,O200552,BlueLine,1,7,6.83
S306190,O202319,SwiftGo,1,1,3.52
S306191,O202496,ParcelPro,1,1,7.43
S306192,O201833,SwiftGo,1,2,6.17
S306193,O201251,BlueLine,1,5,2.84
S306194,O203620,BlueLine,1,7,6.65
S306195,O203730,SwiftGo,1,3,2.01
S306196,O201172,SwiftGo,1,2,8.35
S306197,O205697,AsiaCargo,1,8,3.73
S306198,O202899,BlueLine,1,5,2.58
S306199,O201416,BlueLine,1,4,24.68
S306200,O201793,SwiftGo,1,1,5.72
S306201,O205280,BlueLine,1,2,2.81
S306202,O205612,AsiaCargo,1,6,8.37
S306203,O200825,SwiftGo,1,1,5.78
S306204,O203070,SwiftGo,1,1,5.55
S306205,O204754,BlueLine,1,5,2.89
S306206,O204777,SwiftGo,1,1,4.28
S306207,O205086,BlueLine,1,4,8.02
S306208,O204711,SwiftGo,1,2,2.78
S306209,O200027,AsiaCargo,1,8,5.04
S306210,O200728,BlueLine,1,6,21.22
S306211,O205862,AsiaCargo,1,8,9.6
S306212,O203282,BlueLine,1,5,7.74
S306213,O201335,SwiftGo,1,4,22.31
S306214,O203674,BlueLine,1,4,5.74
S306215,O201031,BlueLine,1,5,3.37
S306216,O205385,BlueLine,1,3,4.45
S306217,O201930,SwiftGo,1,4,6.37
S306218,O202852,SwiftGo,1,1,19.03
S306219,O201914,AsiaCargo,1,8,6.28
S306220,O204742,SwiftGo,1,3,6.33
S306221,O201023,AsiaCargo,1,6,5.4
S306222,O201678,SwiftGo,1,4,3.28
S306223,O200371,BlueLine,1,6,4.26
S306224,O200987,SwiftGo,1,2,5.31
S306225,O200313,BlueLine,1,5,4.29
S306226,O205118,AsiaCargo,1,6,5.08
S306227,O205118,AsiaCargo,2,7,1.67
S306228,O202018,BlueLine,1,7,6.68
S306229,O204630,AsiaCargo,1,8,4.54
S306230,O203718,ParcelPro,1,5,4.1
S306231,O202596,BlueLine,1,6,5.61
S306232,O200745,AsiaCargo,1,8,4.33
S306233,O203557,ParcelPro,1,4,6.72
S306234,O204929,BlueLine,1,6,3.28
S306235,O203467,BlueLine,1,5,2.61
S306236,O204370,BlueLine,1,6,4.8
S306237,O205464,BlueLine,1,2,8.14
S306238,O201229,ParcelPro,1,4,7.66
S306239,O202396,SwiftGo,1,1,2.15
S306240,O202396,ParcelPro,2,3,5.38
S306241,O203647,AsiaCargo,1,7,31.08
S306242,O202253,BlueLine,1,8,5.28
S306243,O204282,ParcelPro,1,4,5.08
S306244,O203045,BlueLine,1,6,6.26
S306245,O201426,SwiftGo,1,2,4.11
S306246,O203736,BlueLine,1,2,4.64
S306247,O203736,AsiaCargo,2,10,4.69
S306248,O200225,SwiftGo,1,4,7.15
S306249,O203087,BlueLine,1,6,6.45
S306250,O201135,SwiftGo,1,4,7.88
S306251,O201020,SwiftGo,1,3,4.42
S306252,O200814,SwiftGo,1,5,6.05
S306253,O205586,SwiftGo,1,3,21.42
S306254,O204145,BlueLine,1,6,8.34
S306255,O201325,BlueLine,1,4,3.79
S306256,O200610,BlueLine,1,2,7.09
S306257,O204286,AsiaCargo,1,8,5.5
S306258,O200842,BlueLine,1,6,36.33
S306259,O202182,AsiaCargo,1,9,6.11
S306260,O200411,SwiftGo,1,1,5.16
S306261,O203167,BlueLine,1,4,5.65
S306262,O205288,ParcelPro,1,6,4.55
S306263,O205254,SwiftGo,1,3,9.08
S306264,O200817,SwiftGo,1,1,5.36
S306265,O201443,SwiftGo,1,3,7.33
S306266,O203517,BlueLine,1,6,5.21
S306267,O204796,AsiaCargo,1,7,4.81
S306268,O202291,SwiftGo,1,4,4.32
S306269,O201092,BlueLine,1,6,7.65
S306270,O205949,BlueLine,1,5,6.96
S306271,O202233,SwiftGo,1,1,4.04
S306272,O204663,SwiftGo,1,3,3.66
S306273,O203212,ParcelPro,1,2,6.06
S306274,O200176,BlueLine,1,5,4.43
S306275,O200759,AsiaCargo,1,5,7.99
S306276,O203851,SwiftGo,1,4,0.9
S306277,O200555,AsiaCargo,1,6,9.64
S306278,O205267,SwiftGo,1,3,2.04
S306279,O203789,BlueLine,1,4,7.52
S306280,O203789,SwiftGo,2,1,6.08
S306281,O203283,BlueLine,1,7,7.02
S306282,O200762,SwiftGo,1,4,3.12
S306283,O202571,BlueLine,1,6,5.55
S306284,O201790,SwiftGo,1,1,6.45
S306285,O201789,AsiaCargo,1,6,32.16
S306286,O201554,SwiftGo,1,2,6.23
S306287,O203996,SwiftGo,1,2,3.86
S306288,O202405,BlueLine,1,7,8.19
S306289,O201361,SwiftGo,1,2,7.37
S306290,O201972,SwiftGo,1,3,6.31
S306291,O205792,BlueLine,1,5,7.07
S306292,O202573,BlueLine,1,5,4.37
S306293,O205321,SwiftGo,1,1,6.09
S306294,O204413,ParcelPro,1,6,6.92
S306295,O202160,SwiftGo,1,3,5.49
S306296,O205045,SwiftGo,1,3,3.77
S306297,O202426,BlueLine,1,7,23.23
S306298,O200764,ParcelPro,1,2,6.48
S306299,O200764,AsiaCargo,2,8,6.54
S306300,O203769,BlueLine,1,1,3.97
S306301,O205105,AsiaCargo,1,9,6.74
S306302,O202660,SwiftGo,1,3,5.19
S306303,O205747,BlueLine,1,5,4.91
S306304,O203256,SwiftGo,1,2,6.77
S306305,O201552,SwiftGo,1,1,4.57
S306306,O200129,AsiaCargo,1,6,4.09
S306307,O200129,AsiaCargo,2,6,4.4
S306308,O205648,SwiftGo,1,5,3.15
S306309,O200201,ParcelPro,1,1,5.77
S306310,O200259,BlueLine,1,6,5.42
S306311,O205627,BlueLine,1,7,7.37
S306312,O203176,ParcelPro,1,4,8.4
S306313,O203416,SwiftGo,1,2,3.91
S306314,O200249,ParcelPro,1,5,4.91
S306315,O200249,ParcelPro,2,3,2.77
S306316,O205573,AsiaCargo,1,8,4.44
S306317,O203104,SwiftGo,1,2,6.25
S306318,O203104,SwiftGo,2,3,6.95
S306319,O205192,SwiftGo,1,1,6.98
S306320,O205192,ParcelPro,2,2,6.04
S306321,O205711,SwiftGo,1,4,11.85
S306322,O201140,ParcelPro,1,2,3.0
S306323,O200507,BlueLine,1,7,7.48
S306324,O202976,SwiftGo,1,4,5.54
S306325,O203241,AsiaCargo,1,9,6.51
S306326,O201431,BlueLine,1,6,7.43
S306327,O204202,AsiaCargo,1,7,6.54
S306328,O200103,SwiftGo,1,2,5.38
S306329,O200122,SwiftGo,1,2,1.73
S306330,O200667,ParcelPro,1,3,3.9
S306331,O204923,AsiaCargo,1,8,5.96
S306332,O204923,AsiaCargo,2,5,6.47
S306333,O202654,SwiftGo,1,1,6.73
S306334,O200823,AsiaCargo,1,4,6.17
S306335,O200105,SwiftGo,1,2,2.3
S306336,O204271,BlueLine,1,6,5.93
S306337,O200892,ParcelPro,1,5,8.4
S306338,O204743,AsiaCargo,1,7,5.83
S306339,O200750,ParcelPro,1,3,8.47
S306340,O203510,BlueLine,1,6,6.08
S306341,O204085,SwiftGo,1,2,8.28
S306342,O201744,BlueLine,1,4,2.99
S306343,O204268,BlueLine,1,6,2.73
S306344,O200626,AsiaCargo,1,7,6.45
S306345,O202857,BlueLine,1,6,4.74
S306346,O204230,SwiftGo,1,3,19.72
S306347,O200070,ParcelPro,1,4,4.2
S306348,O202972,BlueLine,1,4,7.32
S306349,O203635,BlueLine,1,5,4.65
S306350,O203822,SwiftGo,1,3,4.32
S306351,O205996,BlueLine,1,5,21.49
S306352,O200505,BlueLine,1,4,3.9
S306353,O201483,BlueLine,1,6,5.32
S306354,O205078,SwiftGo,1,4,3.48
S306355,O205078,BlueLine,2,6,7.25
S306356,O204125,ParcelPro,1,3,32.37
S306357,O204991,SwiftGo,1,3,6.34
S306358,O201232,SwiftGo,1,3,6.48
S306359,O204112,AsiaCargo,1,10,5.22
S306360,O202774,AsiaCargo,1,8,7.4
S306361,O205772,SwiftGo,1,3,6.97
S306362,O201007,BlueLine,1,5,6.91
S306363,O201007,AsiaCargo,2,6,6.87
S306364,O200478,BlueLine,1,5,7.88
S306365,O200777,SwiftGo,1,2,6.1
S306366,O200695,BlueLine,1,6,7.49
S306367,O202293,AsiaCargo,1,8,8.08
S306368,O204036,ParcelPro,1,6,8.42
S306369,O204084,SwiftGo,1,4,3.97
S306370,O205997,BlueLine,1,4,6.76
S306371,O204138,SwiftGo,1,2,8.67
S306372,O201276,BlueLine,1,6,6.62
S306373,O205271,ParcelPro,1,2,3.79
S306374,O205003,ParcelPro,1,2,4.75
S306375,O201116,BlueLine,1,7,5.25
S306376,O201404,SwiftGo,1,3,5.49
S306377,O201271,SwiftGo,1,2,5.5
S306378,O204752,BlueLine,1,9,5.25
S306379,O205567,BlueLine,1,5,2.9
S306380,O205567,AsiaCargo,2,8,7.63
S306381,O205191,ParcelPro,1,5,1.32
S306382,O202176,BlueLine,1,4,6.71
S306383,O204325,SwiftGo,1,3,3.47
S306384,O202636,BlueLine,1,5,4.54
S306385,O200788,SwiftGo,1,2,2.22
S306386,O202534,BlueLine,1,5,7.41
S306387,O201973,AsiaCargo,1,6,6.32
S306388,O205904,AsiaCargo,1,6,7.98
S306389,O204671,BlueLine,1,6,8.58
S306390,O204671,BlueLine,2,6,7.51
S306391,O201618,SwiftGo,1,4,7.14
S306392,O201532,BlueLine,1,7,9.29
S306393,O201532,SwiftGo,2,5,7.72
S306394,O201348,SwiftGo,1,4,5.24
S306395,O201045,AsiaCargo,1,4,4.54
S306396,O205106,AsiaCargo,1,9,7.06
S306397,O205394,SwiftGo,1,2,5.26
S306398,O205207,SwiftGo,1,2,4.9
S306399,O205929,SwiftGo,1,5,25.15
S306400,O200604,SwiftGo,1,2,8.87
S306401,O200521,ParcelPro,1,4,6.43
S306402,O201876,SwiftGo,1,3,5.55
S306403,O201985,ParcelPro,1,4,37.38
S306404,O205583,SwiftGo,1,2,5.71
S306405,O204274,SwiftGo,1,4,6.63
S306406,O201076,ParcelPro,1,4,3.25
S306407,O205424,AsiaCargo,1,7,2.78
S306408,O201450,BlueLine,1,4,4.28
S306409,O201450,SwiftGo,2,1,1.29
S306410,O205844,SwiftGo,1,3,9.86
S306411,O204707,ParcelPro,1,3,7.82
S306412,O202193,AsiaCargo,1,9,8.46
S306413,O202193,SwiftGo,2,2,4.66
S306414,O203919,ParcelPro,1,3,5.27
S306415,O201060,SwiftGo,1,2,5.77
S306416,O203796,BlueLine,1,5,29.67
S306417,O203760,BlueLine,1,4,8.77
S306418,O203150,SwiftGo,1,2,6.57
S306419,O202892,SwiftGo,1,2,3.05
S306420,O203441,ParcelPro,1,7,4.66
S306421,O203046,BlueLine,1,6,4.87
S306422,O200365,AsiaCargo,1,7,5.49
S306423,O201577,SwiftGo,1,4,7.7
S306424,O203843,SwiftGo,1,1,4.85
S306425,O205017,AsiaCargo,1,4,5.25
S306426,O205017,ParcelPro,2,3,4.74
S306427,O202465,SwiftGo,1,4,6.31
S306428,O205736,SwiftGo,1,4,7.06
S306429,O204573,BlueLine,1,3,7.52
S306430,O203533,SwiftGo,1,2,8.43
S306431,O204411,SwiftGo,1,2,3.98
S306432,O205451,SwiftGo,1,4,7.43
S306433,O200154,SwiftGo,1,1,5.81
S306434,O200154,SwiftGo,2,1,4.51
S306435,O203023,BlueLine,1,5,3.5
S306436,O202452,SwiftGo,1,4,6.51
S306437,O204922,BlueLine,1,4,6.59
S306438,O205129,BlueLine,1,6,31.88
S306439,O205725,SwiftGo,1,3,4.99
S306440,O204452,SwiftGo,1,4,4.52
S306441,O201437,BlueLine,1,6,7.12
S306442,O201437,SwiftGo,2,2,6.55
S306443,O205607,SwiftGo,1,2,5.61
S306444,O205558,SwiftGo,1,4,6.0
S306445,O205556,SwiftGo,1,2,9.68
S306446,O200614,SwiftGo,1,4,7.54
S306447,O200614,SwiftGo,2,4,6.39
S306448,O202135,ParcelPro,1,4,4.73
S306449,O200412,SwiftGo,1,2,5.18
S306450,O200897,SwiftGo,1,2,7.55
S306451,O205528,SwiftGo,1,3,3.73
S306452,O202081,SwiftGo,1,4,3.64
S306453,O200599,SwiftGo,1,3,7.34
S306454,O204625,AsiaCargo,1,11,3.92
S306455,O202719,AsiaCargo,1,7,6.57
S306456,O201162,ParcelPro,1,4,3.2
S306457,O205401,SwiftGo,1,2,4.61
S306458,O203820,SwiftGo,1,1,15.83
S306459,O203820,SwiftGo,2,2,15.81
S306460,O201117,ParcelPro,1,3,7.24
S306461,O205198,SwiftGo,1,4,27.65
S306462,O205198,ParcelPro,2,5,24.48
